{"type":"FeatureCollection","metadata":{"source":"overpass","center":{"lat":30.768,"lon":76.575},"generatedAt":"2026-09-25T23:50:18.505Z","segmentCount":1108},"features":[{"type":"Feature","id":0,"geometry":{"type":"LineString","coordinates":[[76.5789922,30.7724809],[76.57949644693991,30.7723605385883]]},"properties":{"id":0,"osmWayId":365824377,"name":"Ludhiana-Chandigarh Highway","highway":"trunk","roadClass":"arterial","lengthM":50,"nearSensitive":false,"busRoute":true}},{"type":"Feature","id":1,"geometry":{"type":"LineString","coordinates":[[76.57949644693991,30.7723605385883],[76.58000069261828,30.7722401752258]]},"properties":{"id":1,"osmWayId":365824377,"name":"Ludhiana-Chandigarh Highway","highway":"trunk","roadClass":"arterial","lengthM":50,"nearSensitive":false,"busRoute":true}},{"type":"Feature","id":2,"geometry":{"type":"LineString","coordinates":[[76.58000069261828,30.7722401752258],[76.5800119,30.7722375],[76.58050535359044,30.772121105859053]]},"properties":{"id":2,"osmWayId":365824377,"name":"Ludhiana-Chandigarh Highway","highway":"trunk","roadClass":"arterial","lengthM":50,"nearSensitive":false,"busRoute":true}},{"type":"Feature","id":3,"geometry":{"type":"LineString","coordinates":[[76.58050535359044,30.772121105859053],[76.5807979,30.7720521],[76.58100796038855,30.77199600728795]]},"properties":{"id":3,"osmWayId":365824377,"name":"Ludhiana-Chandigarh Highway","highway":"trunk","roadClass":"arterial","lengthM":50,"nearSensitive":false,"busRoute":true}},{"type":"Feature","id":4,"geometry":{"type":"LineString","coordinates":[[76.58100796038855,30.77199600728795],[76.5813982,30.7718918],[76.58150728565342,30.77186137493783]]},"properties":{"id":4,"osmWayId":365824377,"name":"Ludhiana-Chandigarh Highway","highway":"trunk","roadClass":"arterial","lengthM":50,"nearSensitive":false,"busRoute":true}},{"type":"Feature","id":5,"geometry":{"type":"LineString","coordinates":[[76.58150728565342,30.77186137493783],[76.5820050564552,30.771722540360035]]},"properties":{"id":5,"osmWayId":365824377,"name":"Ludhiana-Chandigarh Highway","highway":"trunk","roadClass":"arterial","lengthM":50,"nearSensitive":false,"busRoute":true}},{"type":"Feature","id":6,"geometry":{"type":"LineString","coordinates":[[76.5820050564552,30.771722540360035],[76.58250282582057,30.771583703881227]]},"properties":{"id":6,"osmWayId":365824377,"name":"Ludhiana-Chandigarh Highway","highway":"trunk","roadClass":"arterial","lengthM":50,"nearSensitive":false,"busRoute":true}},{"type":"Feature","id":7,"geometry":{"type":"LineString","coordinates":[[76.58250282582057,30.771583703881227],[76.5829302,30.7714645],[76.58300059895882,30.771444879294688]]},"properties":{"id":7,"osmWayId":365824377,"name":"Ludhiana-Chandigarh Highway","highway":"trunk","roadClass":"arterial","lengthM":50,"nearSensitive":false,"busRoute":true}},{"type":"Feature","id":8,"geometry":{"type":"LineString","coordinates":[[76.58300059895882,30.771444879294688],[76.58349840228782,30.771306136548315]]},"properties":{"id":8,"osmWayId":365824377,"name":"Ludhiana-Chandigarh Highway","highway":"trunk","roadClass":"arterial","lengthM":50,"nearSensitive":false,"busRoute":true}},{"type":"Feature","id":9,"geometry":{"type":"LineString","coordinates":[[76.58349840228782,30.771306136548315],[76.5839829,30.7711711],[76.58399631868178,30.77116771014713]]},"properties":{"id":9,"osmWayId":365824377,"name":"Ludhiana-Chandigarh Highway","highway":"trunk","roadClass":"arterial","lengthM":50,"nearSensitive":false,"busRoute":true}},{"type":"Feature","id":10,"geometry":{"type":"LineString","coordinates":[[76.58399631868178,30.77116771014713],[76.58449840345187,30.771040871374836]]},"properties":{"id":10,"osmWayId":365824377,"name":"Ludhiana-Chandigarh Highway","highway":"trunk","roadClass":"arterial","lengthM":50,"nearSensitive":false,"busRoute":true}},{"type":"Feature","id":11,"geometry":{"type":"LineString","coordinates":[[76.58449840345187,30.771040871374836],[76.58500048689832,30.770914030668482]]},"properties":{"id":11,"osmWayId":365824377,"name":"Ludhiana-Chandigarh Highway","highway":"trunk","roadClass":"arterial","lengthM":50,"nearSensitive":false,"busRoute":true}},{"type":"Feature","id":12,"geometry":{"type":"LineString","coordinates":[[76.58500048689832,30.770914030668482],[76.5850204,30.770909],[76.58549973074976,30.770779181470335]]},"properties":{"id":12,"osmWayId":365824377,"name":"Ludhiana-Chandigarh Highway","highway":"trunk","roadClass":"arterial","lengthM":50,"nearSensitive":false,"busRoute":true}},{"type":"Feature","id":13,"geometry":{"type":"LineString","coordinates":[[76.58549973074976,30.770779181470335],[76.58599885598277,30.770643999697946]]},"properties":{"id":13,"osmWayId":365824377,"name":"Ludhiana-Chandigarh Highway","highway":"trunk","roadClass":"arterial","lengthM":50,"nearSensitive":false,"busRoute":true}},{"type":"Feature","id":14,"geometry":{"type":"LineString","coordinates":[[76.58599885598277,30.770643999697946],[76.5864979798134,30.77050881601424]]},"properties":{"id":14,"osmWayId":365824377,"name":"Ludhiana-Chandigarh Highway","highway":"trunk","roadClass":"arterial","lengthM":50,"nearSensitive":false,"busRoute":true}},{"type":"Feature","id":15,"geometry":{"type":"LineString","coordinates":[[76.5864979798134,30.77050881601424],[76.5866856,30.770458],[76.58698902824685,30.770354155578957]]},"properties":{"id":15,"osmWayId":365824377,"name":"Ludhiana-Chandigarh Highway","highway":"trunk","roadClass":"arterial","lengthM":50,"nearSensitive":false,"busRoute":true}},{"type":"Feature","id":16,"geometry":{"type":"LineString","coordinates":[[76.58698902824685,30.770354155578957],[76.5872583,30.770262],[76.58746463577586,30.770168107379366]]},"properties":{"id":16,"osmWayId":365824377,"name":"Ludhiana-Chandigarh Highway","highway":"trunk","roadClass":"arterial","lengthM":50,"nearSensitive":false,"busRoute":true}},{"type":"Feature","id":17,"geometry":{"type":"LineString","coordinates":[[76.58746463577586,30.770168107379366],[76.58792711217677,30.769957656703834]]},"properties":{"id":17,"osmWayId":365824377,"name":"Ludhiana-Chandigarh Highway","highway":"trunk","roadClass":"arterial","lengthM":50,"nearSensitive":false,"busRoute":true}},{"type":"Feature","id":18,"geometry":{"type":"LineString","coordinates":[[76.58792711217677,30.769957656703834],[76.5881026,30.7698778],[76.58838254687934,30.769736372686438]]},"properties":{"id":18,"osmWayId":365824377,"name":"Ludhiana-Chandigarh Highway","highway":"trunk","roadClass":"arterial","lengthM":50,"nearSensitive":false,"busRoute":true}},{"type":"Feature","id":19,"geometry":{"type":"LineString","coordinates":[[76.58838254687934,30.769736372686438],[76.58883367482377,30.76950846369008]]},"properties":{"id":19,"osmWayId":365824377,"name":"Ludhiana-Chandigarh Highway","highway":"trunk","roadClass":"arterial","lengthM":50,"nearSensitive":false,"busRoute":true}},{"type":"Feature","id":20,"geometry":{"type":"LineString","coordinates":[[76.58883367482377,30.76950846369008],[76.5888435,30.7695035],[76.5890076,30.7694205],[76.589084,30.7693834]]},"properties":{"id":20,"osmWayId":365824377,"name":"Ludhiana-Chandigarh Highway","highway":"trunk","roadClass":"arterial","lengthM":27.7,"nearSensitive":false,"busRoute":true}},{"type":"Feature","id":21,"geometry":{"type":"LineString","coordinates":[[76.5612078,30.776655],[76.5613187,30.7767814],[76.5614328,30.7769391],[76.56149078640424,30.777032305117864]]},"properties":{"id":21,"osmWayId":482957891,"name":"Unnamed tertiary","highway":"tertiary","roadClass":"collector","lengthM":50,"nearSensitive":false,"busRoute":false}},{"type":"Feature","id":22,"geometry":{"type":"LineString","coordinates":[[76.56149078640424,30.777032305117864],[76.5615986,30.7772056],[76.56174087147863,30.777427297985128]]},"properties":{"id":22,"osmWayId":482957891,"name":"Unnamed tertiary","highway":"tertiary","roadClass":"collector","lengthM":50,"nearSensitive":false,"busRoute":false}},{"type":"Feature","id":23,"geometry":{"type":"LineString","coordinates":[[76.56174087147863,30.777427297985128],[76.5618646,30.7776201],[76.5619928975212,30.777821389776697]]},"properties":{"id":23,"osmWayId":482957891,"name":"Unnamed tertiary","highway":"tertiary","roadClass":"collector","lengthM":50,"nearSensitive":false,"busRoute":false}},{"type":"Feature","id":24,"geometry":{"type":"LineString","coordinates":[[76.5619928975212,30.777821389776697],[76.5620873,30.7779695],[76.56224319906796,30.7782162921739]]},"properties":{"id":24,"osmWayId":482957891,"name":"Unnamed tertiary","highway":"tertiary","roadClass":"collector","lengthM":50,"nearSensitive":false,"busRoute":false}},{"type":"Feature","id":25,"geometry":{"type":"LineString","coordinates":[[76.56224319906796,30.7782162921739],[76.5623288,30.7783518],[76.56249102641537,30.778612343983447]]},"properties":{"id":25,"osmWayId":482957891,"name":"Unnamed tertiary","highway":"tertiary","roadClass":"collector","lengthM":50,"nearSensitive":false,"busRoute":false}},{"type":"Feature","id":26,"geometry":{"type":"LineString","coordinates":[[76.56249102641537,30.778612343983447],[76.5625834,30.7787607],[76.56274392847261,30.779005996839906]]},"properties":{"id":26,"osmWayId":482957891,"name":"Unnamed tertiary","highway":"tertiary","roadClass":"collector","lengthM":50,"nearSensitive":false,"busRoute":false}},{"type":"Feature","id":27,"geometry":{"type":"LineString","coordinates":[[76.56274392847261,30.779005996839906],[76.5628436,30.7791583],[76.5628678,30.7791997],[76.563003153794,30.779396519685065]]},"properties":{"id":27,"osmWayId":482957891,"name":"Unnamed tertiary","highway":"tertiary","roadClass":"collector","lengthM":50,"nearSensitive":false,"busRoute":false}},{"type":"Feature","id":28,"geometry":{"type":"LineString","coordinates":[[76.563003153794,30.779396519685065],[76.563077,30.7795039],[76.5632558695976,30.779790201605884]]},"properties":{"id":28,"osmWayId":482957891,"name":"Unnamed tertiary","highway":"tertiary","roadClass":"collector","lengthM":50,"nearSensitive":false,"busRoute":false}},{"type":"Feature","id":29,"geometry":{"type":"LineString","coordinates":[[76.5632558695976,30.779790201605884],[76.5633707,30.779974],[76.5635090252466,30.780183728561358]]},"properties":{"id":29,"osmWayId":482957891,"name":"Unnamed tertiary","highway":"tertiary","roadClass":"collector","lengthM":50,"nearSensitive":false,"busRoute":false}},{"type":"Feature","id":30,"geometry":{"type":"LineString","coordinates":[[76.5635090252466,30.780183728561358],[76.5636671,30.7804234],[76.56376996987126,30.78057349945731]]},"properties":{"id":30,"osmWayId":482957891,"name":"Unnamed tertiary","highway":"tertiary","roadClass":"collector","lengthM":50,"nearSensitive":false,"busRoute":false}},{"type":"Feature","id":31,"geometry":{"type":"LineString","coordinates":[[76.56376996987126,30.78057349945731],[76.5637784,30.7805858],[76.56402090326252,30.780968101308193]]},"properties":{"id":31,"osmWayId":482957891,"name":"Unnamed tertiary","highway":"tertiary","roadClass":"collector","lengthM":50,"nearSensitive":false,"busRoute":false}},{"type":"Feature","id":32,"geometry":{"type":"LineString","coordinates":[[76.56402090326252,30.780968101308193],[76.5642713591761,30.781362936140304]]},"properties":{"id":32,"osmWayId":482957891,"name":"Unnamed tertiary","highway":"tertiary","roadClass":"collector","lengthM":50,"nearSensitive":false,"busRoute":false}},{"type":"Feature","id":33,"geometry":{"type":"LineString","coordinates":[[76.5642713591761,30.781362936140304],[76.5643054,30.7814166],[76.56451965558739,30.781758775999524]]},"properties":{"id":33,"osmWayId":482957891,"name":"Unnamed tertiary","highway":"tertiary","roadClass":"collector","lengthM":50,"nearSensitive":false,"busRoute":false}},{"type":"Feature","id":34,"geometry":{"type":"LineString","coordinates":[[76.56451965558739,30.781758775999524],[76.56463,30.781935],[76.5646655,30.782007],[76.5646808,30.7820872]]},"properties":{"id":34,"osmWayId":482957891,"name":"Unnamed tertiary","highway":"tertiary","roadClass":"collector","lengthM":40,"nearSensitive":false,"busRoute":false}},{"type":"Feature","id":35,"geometry":{"type":"LineString","coordinates":[[76.5745667,30.7835743],[76.5746365,30.7834314],[76.57475464801327,30.783154744056052]]},"properties":{"id":35,"osmWayId":482957894,"name":"Unnamed unclassified","highway":"unclassified","roadClass":"local","lengthM":50,"nearSensitive":false,"busRoute":false}},{"type":"Feature","id":36,"geometry":{"type":"LineString","coordinates":[[76.57475464801327,30.783154744056052],[76.57493492689366,30.782732598907742]]},"properties":{"id":36,"osmWayId":482957894,"name":"Unnamed unclassified","highway":"unclassified","roadClass":"local","lengthM":50,"nearSensitive":false,"busRoute":false}},{"type":"Feature","id":37,"geometry":{"type":"LineString","coordinates":[[76.57493492689366,30.782732598907742],[76.5749544,30.782687],[76.5750514,30.78246],[76.5751043,30.7823298],[76.5751124993153,30.782309622113]]},"properties":{"id":37,"osmWayId":482957894,"name":"Unnamed unclassified","highway":"unclassified","roadClass":"local","lengthM":50,"nearSensitive":false,"busRoute":false}},{"type":"Feature","id":38,"geometry":{"type":"LineString","coordinates":[[76.5751124993153,30.782309622113],[76.575231,30.782018],[76.5752532,30.7819597],[76.5752683,30.7819202],[76.57528200130547,30.78188421405001]]},"properties":{"id":38,"osmWayId":482957894,"name":"Unnamed unclassified","highway":"unclassified","roadClass":"local","lengthM":50,"nearSensitive":false,"busRoute":false}},{"type":"Feature","id":39,"geometry":{"type":"LineString","coordinates":[[76.57528200130547,30.78188421405001],[76.575362,30.7816741],[76.575413,30.7815177],[76.5754275,30.7814835],[76.57544813040045,30.78145957940731]]},"properties":{"id":39,"osmWayId":482957894,"name":"Unnamed unclassified","highway":"unclassified","roadClass":"local","lengthM":50,"nearSensitive":false,"busRoute":false}},{"type":"Feature","id":40,"geometry":{"type":"LineString","coordinates":[[76.57544813040045,30.78145957940731],[76.5754507,30.7814566],[76.5754876,30.7814363],[76.5755431,30.7814239],[76.575602,30.7814233],[76.57596078792398,30.78141246915522]]},"properties":{"id":40,"osmWayId":482957894,"name":"Unnamed unclassified","highway":"unclassified","roadClass":"local","lengthM":50,"nearSensitive":false,"busRoute":false}},{"type":"Feature","id":41,"geometry":{"type":"LineString","coordinates":[[76.57596078792398,30.78141246915522],[76.5761287,30.7814074],[76.57648389309755,30.781397582854567]]},"properties":{"id":41,"osmWayId":482957894,"name":"Unnamed unclassified","highway":"unclassified","roadClass":"local","lengthM":50,"nearSensitive":false,"busRoute":false}},{"type":"Feature","id":42,"geometry":{"type":"LineString","coordinates":[[76.57648389309755,30.781397582854567],[76.5767329,30.7813907],[76.57700715673269,30.781390609606312]]},"properties":{"id":42,"osmWayId":482957894,"name":"Unnamed unclassified","highway":"unclassified","roadClass":"local","lengthM":50,"nearSensitive":false,"busRoute":false}},{"type":"Feature","id":43,"geometry":{"type":"LineString","coordinates":[[76.57700715673269,30.781390609606312],[76.5770362,30.7813906],[76.5771333,30.781401],[76.5772412,30.7814354],[76.5773298,30.7814698],[76.57749886330177,30.78153258090718]]},"properties":{"id":43,"osmWayId":482957894,"name":"Unnamed unclassified","highway":"unclassified","roadClass":"local","lengthM":50,"nearSensitive":false,"busRoute":false}},{"type":"Feature","id":44,"geometry":{"type":"LineString","coordinates":[[76.57749886330177,30.78153258090718],[76.5777367,30.7816209],[76.5777957,30.7816428],[76.57797959365968,30.781710397752818]]},"properties":{"id":44,"osmWayId":482957894,"name":"Unnamed unclassified","highway":"unclassified","roadClass":"local","lengthM":50,"nearSensitive":false,"busRoute":false}},{"type":"Feature","id":45,"geometry":{"type":"LineString","coordinates":[[76.57797959365968,30.781710397752818],[76.5784607923842,30.7818872806535]]},"properties":{"id":45,"osmWayId":482957894,"name":"Unnamed unclassified","highway":"unclassified","roadClass":"local","lengthM":50,"nearSensitive":false,"busRoute":false}},{"type":"Feature","id":46,"geometry":{"type":"LineString","coordinates":[[76.5784607923842,30.7818872806535],[76.5785732,30.7819286],[76.5787908,30.7820146]]},"properties":{"id":46,"osmWayId":482957894,"name":"Unnamed unclassified","highway":"unclassified","roadClass":"local","lengthM":34.6,"nearSensitive":false,"busRoute":false}},{"type":"Feature","id":47,"geometry":{"type":"LineString","coordinates":[[76.5829011,30.7715918],[76.582888,30.7716434],[76.58279921055522,30.772032844995557]]},"properties":{"id":47,"osmWayId":482957895,"name":"Unnamed tertiary","highway":"tertiary","roadClass":"collector","lengthM":50,"nearSensitive":false,"busRoute":false}},{"type":"Feature","id":48,"geometry":{"type":"LineString","coordinates":[[76.58279921055522,30.772032844995557],[76.5827479,30.7722579],[76.58270793881559,30.77247553598711]]},"properties":{"id":48,"osmWayId":482957895,"name":"Unnamed tertiary","highway":"tertiary","roadClass":"collector","lengthM":50,"nearSensitive":false,"busRoute":false}},{"type":"Feature","id":49,"geometry":{"type":"LineString","coordinates":[[76.58270793881559,30.77247553598711],[76.58262638268614,30.772919702630084]]},"properties":{"id":49,"osmWayId":482957895,"name":"Unnamed tertiary","highway":"tertiary","roadClass":"collector","lengthM":50,"nearSensitive":false,"busRoute":false}},{"type":"Feature","id":50,"geometry":{"type":"LineString","coordinates":[[76.58262638268614,30.772919702630084],[76.5825576,30.7732943],[76.58254362034839,30.773363697900493]]},"properties":{"id":50,"osmWayId":482957895,"name":"Unnamed tertiary","highway":"tertiary","roadClass":"collector","lengthM":50,"nearSensitive":false,"busRoute":false}},{"type":"Feature","id":51,"geometry":{"type":"LineString","coordinates":[[76.58254362034839,30.773363697900493],[76.58245436641101,30.77380677062853]]},"properties":{"id":51,"osmWayId":482957895,"name":"Unnamed tertiary","highway":"tertiary","roadClass":"collector","lengthM":50,"nearSensitive":false,"busRoute":false}},{"type":"Feature","id":52,"geometry":{"type":"LineString","coordinates":[[76.58245436641101,30.77380677062853],[76.5823651116516,30.77424984329544]]},"properties":{"id":52,"osmWayId":482957895,"name":"Unnamed tertiary","highway":"tertiary","roadClass":"collector","lengthM":50,"nearSensitive":false,"busRoute":false}},{"type":"Feature","id":53,"geometry":{"type":"LineString","coordinates":[[76.5823651116516,30.77424984329544],[76.5823205,30.7744713],[76.5822802846441,30.77469354092386]]},"properties":{"id":53,"osmWayId":482957895,"name":"Unnamed tertiary","highway":"tertiary","roadClass":"collector","lengthM":50,"nearSensitive":false,"busRoute":false}},{"type":"Feature","id":54,"geometry":{"type":"LineString","coordinates":[[76.5822802846441,30.77469354092386],[76.58219988226652,30.77513786307342]]},"properties":{"id":54,"osmWayId":482957895,"name":"Unnamed tertiary","highway":"tertiary","roadClass":"collector","lengthM":50,"nearSensitive":false,"busRoute":false}},{"type":"Feature","id":55,"geometry":{"type":"LineString","coordinates":[[76.58219988226652,30.77513786307342],[76.5821833,30.7752295],[76.58210376560564,30.775579819813636]]},"properties":{"id":55,"osmWayId":482957895,"name":"Unnamed tertiary","highway":"tertiary","roadClass":"collector","lengthM":50,"nearSensitive":false,"busRoute":false}},{"type":"Feature","id":56,"geometry":{"type":"LineString","coordinates":[[76.58210376560564,30.775579819813636],[76.5820926,30.775629],[76.5820352,30.7758629],[76.58199249378553,30.77601916040861]]},"properties":{"id":56,"osmWayId":482957895,"name":"Unnamed tertiary","highway":"tertiary","roadClass":"collector","lengthM":50,"nearSensitive":false,"busRoute":false}},{"type":"Feature","id":57,"geometry":{"type":"LineString","coordinates":[[76.58199249378553,30.77601916040861],[76.5819358,30.7762266],[76.5818946,30.7763552],[76.58186270242972,30.77645469011664]]},"properties":{"id":57,"osmWayId":482957895,"name":"Unnamed tertiary","highway":"tertiary","roadClass":"collector","lengthM":50,"nearSensitive":false,"busRoute":false}},{"type":"Feature","id":58,"geometry":{"type":"LineString","coordinates":[[76.58186270242972,30.77645469011664],[76.58184,30.7765255],[76.5817096464652,30.776884656206963]]},"properties":{"id":58,"osmWayId":482957895,"name":"Unnamed tertiary","highway":"tertiary","roadClass":"collector","lengthM":50,"nearSensitive":false,"busRoute":false}},{"type":"Feature","id":59,"geometry":{"type":"LineString","coordinates":[[76.5817096464652,30.776884656206963],[76.5815822,30.7772358],[76.58155234323353,30.777313515975532]]},"properties":{"id":59,"osmWayId":482957895,"name":"Unnamed tertiary","highway":"tertiary","roadClass":"collector","lengthM":50,"nearSensitive":false,"busRoute":false}},{"type":"Feature","id":60,"geometry":{"type":"LineString","coordinates":[[76.58155234323353,30.777313515975532],[76.5814127,30.777677],[76.58138946771713,30.77774083991776]]},"properties":{"id":60,"osmWayId":482957895,"name":"Unnamed tertiary","highway":"tertiary","roadClass":"collector","lengthM":50,"nearSensitive":false,"busRoute":false}},{"type":"Feature","id":61,"geometry":{"type":"LineString","coordinates":[[76.58138946771713,30.77774083991776],[76.58123328492263,30.7781700118254]]},"properties":{"id":61,"osmWayId":482957895,"name":"Unnamed tertiary","highway":"tertiary","roadClass":"collector","lengthM":50,"nearSensitive":false,"busRoute":false}},{"type":"Feature","id":62,"geometry":{"type":"LineString","coordinates":[[76.58123328492263,30.7781700118254],[76.5810954,30.7785489],[76.5810807610729,30.77860006081413]]},"properties":{"id":62,"osmWayId":482957895,"name":"Unnamed tertiary","highway":"tertiary","roadClass":"collector","lengthM":50,"nearSensitive":false,"busRoute":false}},{"type":"Feature","id":63,"geometry":{"type":"LineString","coordinates":[[76.5810807610729,30.77860006081413],[76.5810663,30.7786506],[76.5810651,30.7786815],[76.5810813,30.778723],[76.5811278,30.7787562],[76.5811504,30.7787673],[76.5811928,30.7787844],[76.5812246,30.7787916]]},"properties":{"id":63,"osmWayId":482957895,"name":"Unnamed tertiary","highway":"tertiary","roadClass":"collector","lengthM":30,"nearSensitive":false,"busRoute":false}},{"type":"Feature","id":64,"geometry":{"type":"LineString","coordinates":[[76.5811928,30.7787844],[76.5810605,30.7790305],[76.58094798774961,30.779180654670398]]},"properties":{"id":64,"osmWayId":482957896,"name":"Unnamed tertiary","highway":"tertiary","roadClass":"collector","lengthM":50,"nearSensitive":false,"busRoute":false}},{"type":"Feature","id":65,"geometry":{"type":"LineString","coordinates":[[76.58094798774961,30.779180654670398],[76.5808432,30.7793205],[76.5807424,30.7794471],[76.58062861610624,30.77953272749481]]},"properties":{"id":65,"osmWayId":482957896,"name":"Unnamed tertiary","highway":"tertiary","roadClass":"collector","lengthM":50,"nearSensitive":false,"busRoute":false}},{"type":"Feature","id":66,"geometry":{"type":"LineString","coordinates":[[76.58062861610624,30.77953272749481],[76.5805852,30.7795654],[76.5803467,30.7797071],[76.5802245,30.7797854],[76.58020704716179,30.779798597049947]]},"properties":{"id":66,"osmWayId":482957896,"name":"Unnamed tertiary","highway":"tertiary","roadClass":"collector","lengthM":50,"nearSensitive":false,"busRoute":false}},{"type":"Feature","id":67,"geometry":{"type":"LineString","coordinates":[[76.58020704716179,30.779798597049947],[76.5800945,30.7798837],[76.5799937,30.7800037],[76.5799219,30.7801004],[76.57989717255853,30.780154545326454]]},"properties":{"id":67,"osmWayId":482957896,"name":"Unnamed tertiary","highway":"tertiary","roadClass":"collector","lengthM":50,"nearSensitive":false,"busRoute":false}},{"type":"Feature","id":68,"geometry":{"type":"LineString","coordinates":[[76.57989717255853,30.780154545326454],[76.5798618,30.780232],[76.5797572,30.7804743],[76.5797337,30.7805286],[76.57970471173917,30.780572067791073]]},"properties":{"id":68,"osmWayId":482957896,"name":"Unnamed tertiary","highway":"tertiary","roadClass":"collector","lengthM":50,"nearSensitive":false,"busRoute":false}},{"type":"Feature","id":69,"geometry":{"type":"LineString","coordinates":[[76.57970471173917,30.780572067791073],[76.5796348,30.7806769],[76.57945285616367,30.78096621310376]]},"properties":{"id":69,"osmWayId":482957896,"name":"Unnamed tertiary","highway":"tertiary","roadClass":"collector","lengthM":50,"nearSensitive":false,"busRoute":false}},{"type":"Feature","id":70,"geometry":{"type":"LineString","coordinates":[[76.57945285616367,30.78096621310376],[76.5792503,30.7812883],[76.57920404913956,30.78136181665419]]},"properties":{"id":70,"osmWayId":482957896,"name":"Unnamed tertiary","highway":"tertiary","roadClass":"collector","lengthM":50,"nearSensitive":false,"busRoute":false}},{"type":"Feature","id":71,"geometry":{"type":"LineString","coordinates":[[76.57920404913956,30.78136181665419],[76.5791034,30.7815218],[76.57895254944168,30.781756156225274]]},"properties":{"id":71,"osmWayId":482957896,"name":"Unnamed tertiary","highway":"tertiary","roadClass":"collector","lengthM":50,"nearSensitive":false,"busRoute":false}},{"type":"Feature","id":72,"geometry":{"type":"LineString","coordinates":[[76.57895254944168,30.781756156225274],[76.5788803,30.7818684],[76.5788573,30.7819025],[76.5788044,30.7819869]]},"properties":{"id":72,"osmWayId":482957896,"name":"Unnamed tertiary","highway":"tertiary","roadClass":"collector","lengthM":29.3,"nearSensitive":false,"busRoute":false}},{"type":"Feature","id":73,"geometry":{"type":"LineString","coordinates":[[76.5709071,30.7743124],[76.57137429566328,30.774515044988153]]},"properties":{"id":73,"osmWayId":482957897,"name":"Unnamed tertiary","highway":"tertiary","roadClass":"collector","lengthM":50,"nearSensitive":true,"busRoute":false}},{"type":"Feature","id":74,"geometry":{"type":"LineString","coordinates":[[76.57137429566328,30.774515044988153],[76.5715199,30.7745782],[76.57184150001537,30.774717676862604]]},"properties":{"id":74,"osmWayId":482957897,"name":"Unnamed tertiary","highway":"tertiary","roadClass":"collector","lengthM":50,"nearSensitive":true,"busRoute":false}},{"type":"Feature","id":75,"geometry":{"type":"LineString","coordinates":[[76.57184150001537,30.774717676862604],[76.5723087093783,30.77492030188313]]},"properties":{"id":75,"osmWayId":482957897,"name":"Unnamed tertiary","highway":"tertiary","roadClass":"collector","lengthM":50,"nearSensitive":true,"busRoute":false}},{"type":"Feature","id":76,"geometry":{"type":"LineString","coordinates":[[76.5723087093783,30.77492030188313],[76.572418,30.7749677],[76.57277476307213,30.775124880199773]]},"properties":{"id":76,"osmWayId":482957897,"name":"Unnamed tertiary","highway":"tertiary","roadClass":"collector","lengthM":50,"nearSensitive":true,"busRoute":false}},{"type":"Feature","id":77,"geometry":{"type":"LineString","coordinates":[[76.57277476307213,30.775124880199773],[76.57324046526641,30.775330053800165]]},"properties":{"id":77,"osmWayId":482957897,"name":"Unnamed tertiary","highway":"tertiary","roadClass":"collector","lengthM":50,"nearSensitive":false,"busRoute":false}},{"type":"Feature","id":78,"geometry":{"type":"LineString","coordinates":[[76.57324046526641,30.775330053800165],[76.5734015,30.775401],[76.5737074275704,30.77553309642523]]},"properties":{"id":78,"osmWayId":482957897,"name":"Unnamed tertiary","highway":"tertiary","roadClass":"collector","lengthM":50,"nearSensitive":false,"busRoute":false}},{"type":"Feature","id":79,"geometry":{"type":"LineString","coordinates":[[76.5737074275704,30.77553309642523],[76.57417505683087,30.77573501191307]]},"properties":{"id":79,"osmWayId":482957897,"name":"Unnamed tertiary","highway":"tertiary","roadClass":"collector","lengthM":50,"nearSensitive":false,"busRoute":false}},{"type":"Feature","id":80,"geometry":{"type":"LineString","coordinates":[[76.57417505683087,30.77573501191307],[76.5746197,30.775927],[76.57464306520333,30.775936252838456]]},"properties":{"id":80,"osmWayId":482957897,"name":"Unnamed tertiary","highway":"tertiary","roadClass":"collector","lengthM":50,"nearSensitive":false,"busRoute":false}},{"type":"Feature","id":81,"geometry":{"type":"LineString","coordinates":[[76.57464306520333,30.775936252838456],[76.57511837045288,30.77612447685492]]},"properties":{"id":81,"osmWayId":482957897,"name":"Unnamed tertiary","highway":"tertiary","roadClass":"collector","lengthM":50,"nearSensitive":false,"busRoute":false}},{"type":"Feature","id":82,"geometry":{"type":"LineString","coordinates":[[76.57511837045288,30.77612447685492],[76.5751856,30.7761511],[76.57558878330956,30.776321526627914]]},"properties":{"id":82,"osmWayId":482957897,"name":"Unnamed tertiary","highway":"tertiary","roadClass":"collector","lengthM":50,"nearSensitive":false,"busRoute":false}},{"type":"Feature","id":83,"geometry":{"type":"LineString","coordinates":[[76.57558878330956,30.776321526627914],[76.5758913,30.7764494],[76.57605663785712,30.776523012871984]]},"properties":{"id":83,"osmWayId":482957897,"name":"Unnamed tertiary","highway":"tertiary","roadClass":"collector","lengthM":50,"nearSensitive":false,"busRoute":false}},{"type":"Feature","id":84,"geometry":{"type":"LineString","coordinates":[[76.57605663785712,30.776523012871984],[76.57652131892445,30.776729899685986]]},"properties":{"id":84,"osmWayId":482957897,"name":"Unnamed tertiary","highway":"tertiary","roadClass":"collector","lengthM":50,"nearSensitive":false,"busRoute":false}},{"type":"Feature","id":85,"geometry":{"type":"LineString","coordinates":[[76.57652131892445,30.776729899685986],[76.5766042,30.7767668],[76.5767018,30.7768103],[76.5769314,30.7769216],[76.57698054203348,30.77694545649108]]},"properties":{"id":85,"osmWayId":482957897,"name":"Unnamed tertiary","highway":"tertiary","roadClass":"collector","lengthM":50,"nearSensitive":false,"busRoute":false}},{"type":"Feature","id":86,"geometry":{"type":"LineString","coordinates":[[76.57698054203348,30.77694545649108],[76.5771996,30.7770518],[76.57744307450132,30.77715552072196]]},"properties":{"id":86,"osmWayId":482957897,"name":"Unnamed tertiary","highway":"tertiary","roadClass":"collector","lengthM":50,"nearSensitive":false,"busRoute":false}},{"type":"Feature","id":87,"geometry":{"type":"LineString","coordinates":[[76.57744307450132,30.77715552072196],[76.5779119704697,30.777355269618305]]},"properties":{"id":87,"osmWayId":482957897,"name":"Unnamed tertiary","highway":"tertiary","roadClass":"collector","lengthM":50,"nearSensitive":false,"busRoute":false}},{"type":"Feature","id":88,"geometry":{"type":"LineString","coordinates":[[76.5779119704697,30.777355269618305],[76.577955,30.7773736],[76.57837941548397,30.777557512950516]]},"properties":{"id":88,"osmWayId":482957897,"name":"Unnamed tertiary","highway":"tertiary","roadClass":"collector","lengthM":50,"nearSensitive":false,"busRoute":false}},{"type":"Feature","id":89,"geometry":{"type":"LineString","coordinates":[[76.57837941548397,30.777557512950516],[76.57884671566384,30.777760006814177]]},"properties":{"id":89,"osmWayId":482957897,"name":"Unnamed tertiary","highway":"tertiary","roadClass":"collector","lengthM":50,"nearSensitive":false,"busRoute":false}},{"type":"Feature","id":90,"geometry":{"type":"LineString","coordinates":[[76.57884671566384,30.777760006814177],[76.5788497,30.7777613],[76.57931309773956,30.777964058727054]]},"properties":{"id":90,"osmWayId":482957897,"name":"Unnamed tertiary","highway":"tertiary","roadClass":"collector","lengthM":50,"nearSensitive":false,"busRoute":false}},{"type":"Feature","id":91,"geometry":{"type":"LineString","coordinates":[[76.57931309773956,30.777964058727054],[76.5795182,30.7780538],[76.57977757319725,30.77817127368294]]},"properties":{"id":91,"osmWayId":482957897,"name":"Unnamed tertiary","highway":"tertiary","roadClass":"collector","lengthM":50,"nearSensitive":false,"busRoute":false}},{"type":"Feature","id":92,"geometry":{"type":"LineString","coordinates":[[76.57977757319725,30.77817127368294],[76.5798357,30.7781976],[76.58023824321171,30.778384685946314]]},"properties":{"id":92,"osmWayId":482957897,"name":"Unnamed tertiary","highway":"tertiary","roadClass":"collector","lengthM":50,"nearSensitive":false,"busRoute":false}},{"type":"Feature","id":93,"geometry":{"type":"LineString","coordinates":[[76.58023824321171,30.778384685946314],[76.58069858306504,30.778598631038605]]},"properties":{"id":93,"osmWayId":482957897,"name":"Unnamed tertiary","highway":"tertiary","roadClass":"collector","lengthM":50,"nearSensitive":false,"busRoute":false}},{"type":"Feature","id":94,"geometry":{"type":"LineString","coordinates":[[76.58069858306504,30.778598631038605],[76.5807224,30.7786097],[76.5809851,30.7786985],[76.5810813,30.778723]]},"properties":{"id":94,"osmWayId":482957897,"name":"Unnamed tertiary","highway":"tertiary","roadClass":"collector","lengthM":39.1,"nearSensitive":false,"busRoute":false}},{"type":"Feature","id":95,"geometry":{"type":"LineString","coordinates":[[76.5626871,30.7719254],[76.5626786,30.7720295],[76.5626755,30.7721659],[76.56268734623472,30.772374530169202]]},"properties":{"id":95,"osmWayId":639146337,"name":"Unnamed unclassified","highway":"unclassified","roadClass":"local","lengthM":50,"nearSensitive":false,"busRoute":false}},{"type":"Feature","id":96,"geometry":{"type":"LineString","coordinates":[[76.56268734623472,30.772374530169202],[76.5626894,30.7724107],[76.5627247,30.7728083],[76.5627256259218,30.772822970634085]]},"properties":{"id":96,"osmWayId":639146337,"name":"Unnamed unclassified","highway":"unclassified","roadClass":"local","lengthM":50,"nearSensitive":false,"busRoute":false}},{"type":"Feature","id":97,"geometry":{"type":"LineString","coordinates":[[76.5627256259218,30.772822970634085],[76.56275396425687,30.773271971122536]]},"properties":{"id":97,"osmWayId":639146337,"name":"Unnamed unclassified","highway":"unclassified","roadClass":"local","lengthM":50,"nearSensitive":false,"busRoute":false}},{"type":"Feature","id":98,"geometry":{"type":"LineString","coordinates":[[76.56275396425687,30.773271971122536],[76.5627613,30.7733882],[76.5627748,30.7735941],[76.56278315601313,30.773720931041318]]},"properties":{"id":98,"osmWayId":639146337,"name":"Unnamed unclassified","highway":"unclassified","roadClass":"local","lengthM":50,"nearSensitive":false,"busRoute":false}},{"type":"Feature","id":99,"geometry":{"type":"LineString","coordinates":[[76.56278315601313,30.773720931041318],[76.5628127338151,30.774169872526436]]},"properties":{"id":99,"osmWayId":639146337,"name":"Unnamed unclassified","highway":"unclassified","roadClass":"local","lengthM":50,"nearSensitive":false,"busRoute":false}},{"type":"Feature","id":100,"geometry":{"type":"LineString","coordinates":[[76.5628127338151,30.774169872526436],[76.5628191,30.7742665],[76.56284178885619,30.774618839155714]]},"properties":{"id":100,"osmWayId":639146337,"name":"Unnamed unclassified","highway":"unclassified","roadClass":"local","lengthM":50,"nearSensitive":false,"busRoute":false}},{"type":"Feature","id":101,"geometry":{"type":"LineString","coordinates":[[76.56284178885619,30.774618839155714],[76.56287070071697,30.77506781267657]]},"properties":{"id":101,"osmWayId":639146337,"name":"Unnamed unclassified","highway":"unclassified","roadClass":"local","lengthM":50,"nearSensitive":false,"busRoute":false}},{"type":"Feature","id":102,"geometry":{"type":"LineString","coordinates":[[76.56287070071697,30.77506781267657],[76.56289961284759,30.775516786191005]]},"properties":{"id":102,"osmWayId":639146337,"name":"Unnamed unclassified","highway":"unclassified","roadClass":"local","lengthM":50,"nearSensitive":false,"busRoute":false}},{"type":"Feature","id":103,"geometry":{"type":"LineString","coordinates":[[76.56289961284759,30.775516786191005],[76.5629244,30.7759017]]},"properties":{"id":103,"osmWayId":639146337,"name":"Unnamed unclassified","highway":"unclassified","roadClass":"local","lengthM":42.9,"nearSensitive":false,"busRoute":false}},{"type":"Feature","id":104,"geometry":{"type":"LineString","coordinates":[[76.5703867,30.7742003],[76.5702481,30.7741659],[76.5699241,30.7740674],[76.5698907317147,30.774057240080523]]},"properties":{"id":104,"osmWayId":639146341,"name":"Unnamed tertiary","highway":"tertiary","roadClass":"collector","lengthM":50,"nearSensitive":true,"busRoute":false}},{"type":"Feature","id":105,"geometry":{"type":"LineString","coordinates":[[76.5698907317147,30.774057240080523],[76.5697254,30.7740069],[76.5694037813352,30.77389282535996]]},"properties":{"id":105,"osmWayId":639146341,"name":"Unnamed tertiary","highway":"tertiary","roadClass":"collector","lengthM":50,"nearSensitive":true,"busRoute":false}},{"type":"Feature","id":106,"geometry":{"type":"LineString","coordinates":[[76.5694037813352,30.77389282535996],[76.5690933,30.7737827],[76.5689304,30.7737345],[76.56891597462226,30.77373048063512]]},"properties":{"id":106,"osmWayId":639146341,"name":"Unnamed tertiary","highway":"tertiary","roadClass":"collector","lengthM":50,"nearSensitive":true,"busRoute":false}},{"type":"Feature","id":107,"geometry":{"type":"LineString","coordinates":[[76.56891597462226,30.77373048063512],[76.56841814765997,30.773591769169695]]},"properties":{"id":107,"osmWayId":639146341,"name":"Unnamed tertiary","highway":"tertiary","roadClass":"collector","lengthM":50,"nearSensitive":true,"busRoute":false}},{"type":"Feature","id":108,"geometry":{"type":"LineString","coordinates":[[76.56841814765997,30.773591769169695],[76.567998,30.7734747],[76.56792073950203,30.773451979761123]]},"properties":{"id":108,"osmWayId":639146341,"name":"Unnamed tertiary","highway":"tertiary","roadClass":"collector","lengthM":50,"nearSensitive":true,"busRoute":false}},{"type":"Feature","id":109,"geometry":{"type":"LineString","coordinates":[[76.56792073950203,30.773451979761123],[76.56742559029705,30.773306368327088]]},"properties":{"id":109,"osmWayId":639146341,"name":"Unnamed tertiary","highway":"tertiary","roadClass":"collector","lengthM":50,"nearSensitive":true,"busRoute":false}},{"type":"Feature","id":110,"geometry":{"type":"LineString","coordinates":[[76.56742559029705,30.773306368327088],[76.5671319,30.77322],[76.56693095700592,30.773159479085084]]},"properties":{"id":110,"osmWayId":639146341,"name":"Unnamed tertiary","highway":"tertiary","roadClass":"collector","lengthM":50,"nearSensitive":true,"busRoute":false}},{"type":"Feature","id":111,"geometry":{"type":"LineString","coordinates":[[76.56693095700592,30.773159479085084],[76.5668281,30.7731285],[76.566569,30.7730505],[76.56643570795796,30.77301424900567]]},"properties":{"id":111,"osmWayId":639146341,"name":"Unnamed tertiary","highway":"tertiary","roadClass":"collector","lengthM":50,"nearSensitive":true,"busRoute":false}},{"type":"Feature","id":112,"geometry":{"type":"LineString","coordinates":[[76.56643570795796,30.77301424900567],[76.5660899,30.7729202],[76.56593753010623,30.772876517993076]]},"properties":{"id":112,"osmWayId":639146341,"name":"Unnamed tertiary","highway":"tertiary","roadClass":"collector","lengthM":50,"nearSensitive":true,"busRoute":false}},{"type":"Feature","id":113,"geometry":{"type":"LineString","coordinates":[[76.56593753010623,30.772876517993076],[76.5656926,30.7728063],[76.5654414765523,30.772733208087214]]},"properties":{"id":113,"osmWayId":639146341,"name":"Unnamed tertiary","highway":"tertiary","roadClass":"collector","lengthM":50,"nearSensitive":true,"busRoute":false}},{"type":"Feature","id":114,"geometry":{"type":"LineString","coordinates":[[76.5654414765523,30.772733208087214],[76.5649553,30.7725917],[76.56494585672702,30.772588796631766]]},"properties":{"id":114,"osmWayId":639146341,"name":"Unnamed tertiary","highway":"tertiary","roadClass":"collector","lengthM":50,"nearSensitive":false,"busRoute":false}},{"type":"Feature","id":115,"geometry":{"type":"LineString","coordinates":[[76.56494585672702,30.772588796631766],[76.564453110089,30.772437298713612]]},"properties":{"id":115,"osmWayId":639146341,"name":"Unnamed tertiary","highway":"tertiary","roadClass":"collector","lengthM":50,"nearSensitive":false,"busRoute":false}},{"type":"Feature","id":116,"geometry":{"type":"LineString","coordinates":[[76.564453110089,30.772437298713612],[76.5644014,30.7724214],[76.5642295,30.7723667],[76.5639886,30.77229],[76.5639621555026,30.772281574375096]]},"properties":{"id":116,"osmWayId":639146341,"name":"Unnamed tertiary","highway":"tertiary","roadClass":"collector","lengthM":50,"nearSensitive":false,"busRoute":false}},{"type":"Feature","id":117,"geometry":{"type":"LineString","coordinates":[[76.5639621555026,30.772281574375096],[76.5637168,30.7722034],[76.56346607620016,30.7721390807775]]},"properties":{"id":117,"osmWayId":639146341,"name":"Unnamed tertiary","highway":"tertiary","roadClass":"collector","lengthM":50,"nearSensitive":false,"busRoute":false}},{"type":"Feature","id":118,"geometry":{"type":"LineString","coordinates":[[76.56346607620016,30.7721390807775],[76.5629646092717,30.772010435669017]]},"properties":{"id":118,"osmWayId":639146341,"name":"Unnamed tertiary","highway":"tertiary","roadClass":"collector","lengthM":50,"nearSensitive":false,"busRoute":false}},{"type":"Feature","id":119,"geometry":{"type":"LineString","coordinates":[[76.5629646092717,30.772010435669017],[76.5627684,30.7719601],[76.562726,30.7719476],[76.5626871,30.7719254],[76.5626644,30.7718955],[76.5626632,30.7718579],[76.5626605759973,30.771736152600948]]},"properties":{"id":119,"osmWayId":639146341,"name":"Unnamed tertiary","highway":"tertiary","roadClass":"collector","lengthM":50,"nearSensitive":false,"busRoute":false}},{"type":"Feature","id":120,"geometry":{"type":"LineString","coordinates":[[76.5626605759973,30.771736152600948],[76.5626544,30.7714496],[76.56264293411647,30.77128683943001]]},"properties":{"id":120,"osmWayId":639146341,"name":"Unnamed tertiary","highway":"tertiary","roadClass":"collector","lengthM":50,"nearSensitive":false,"busRoute":false}},{"type":"Feature","id":121,"geometry":{"type":"LineString","coordinates":[[76.56264293411647,30.77128683943001],[76.56261131528002,30.770838000698554]]},"properties":{"id":121,"osmWayId":639146341,"name":"Unnamed tertiary","highway":"tertiary","roadClass":"collector","lengthM":50,"nearSensitive":false,"busRoute":false}},{"type":"Feature","id":122,"geometry":{"type":"LineString","coordinates":[[76.56261131528002,30.770838000698554],[76.5626078,30.7707881],[76.56258030812,30.770389130510342]]},"properties":{"id":122,"osmWayId":639146341,"name":"Unnamed tertiary","highway":"tertiary","roadClass":"collector","lengthM":50,"nearSensitive":false,"busRoute":false}},{"type":"Feature","id":123,"geometry":{"type":"LineString","coordinates":[[76.56258030812,30.770389130510342],[76.5625631,30.7701394],[76.5625537862826,30.769940068224795]]},"properties":{"id":123,"osmWayId":639146341,"name":"Unnamed tertiary","highway":"tertiary","roadClass":"collector","lengthM":50,"nearSensitive":false,"busRoute":false}},{"type":"Feature","id":124,"geometry":{"type":"LineString","coordinates":[[76.5625537862826,30.769940068224795],[76.5625529,30.7699211],[76.56253111028643,30.76949083046564]]},"properties":{"id":124,"osmWayId":639146341,"name":"Unnamed tertiary","highway":"tertiary","roadClass":"collector","lengthM":50,"nearSensitive":false,"busRoute":false}},{"type":"Feature","id":125,"geometry":{"type":"LineString","coordinates":[[76.56253111028643,30.76949083046564],[76.5625245,30.7693603],[76.5625103839451,30.7690415244608]]},"properties":{"id":125,"osmWayId":639146341,"name":"Unnamed tertiary","highway":"tertiary","roadClass":"collector","lengthM":50,"nearSensitive":false,"busRoute":false}},{"type":"Feature","id":126,"geometry":{"type":"LineString","coordinates":[[76.5625103839451,30.7690415244608],[76.5624912,30.7686083],[76.56248485191641,30.768593128483307]]},"properties":{"id":126,"osmWayId":639146341,"name":"Unnamed tertiary","highway":"tertiary","roadClass":"collector","lengthM":50,"nearSensitive":false,"busRoute":false}},{"type":"Feature","id":127,"geometry":{"type":"LineString","coordinates":[[76.56248485191641,30.768593128483307],[76.5624753,30.7685703],[76.5624491,30.7685457],[76.562409,30.768527],[76.5623525,30.7685205],[76.56199906553431,30.76853114225804]]},"properties":{"id":127,"osmWayId":639146341,"name":"Unnamed tertiary","highway":"tertiary","roadClass":"collector","lengthM":50,"nearSensitive":false,"busRoute":false}},{"type":"Feature","id":128,"geometry":{"type":"LineString","coordinates":[[76.56199906553431,30.76853114225804],[76.5617248,30.7685394],[76.5614764031086,30.768552837790615]]},"properties":{"id":128,"osmWayId":639146341,"name":"Unnamed tertiary","highway":"tertiary","roadClass":"collector","lengthM":50,"nearSensitive":false,"busRoute":false}},{"type":"Feature","id":129,"geometry":{"type":"LineString","coordinates":[[76.5614764031086,30.768552837790615],[76.5614161,30.7685561],[76.5609766,30.7685759],[76.56095383827086,30.76857698189867]]},"properties":{"id":129,"osmWayId":639146341,"name":"Unnamed tertiary","highway":"tertiary","roadClass":"collector","lengthM":50,"nearSensitive":false,"busRoute":false}},{"type":"Feature","id":130,"geometry":{"type":"LineString","coordinates":[[76.56095383827086,30.76857698189867],[76.56043131421663,30.768601817140638]]},"properties":{"id":130,"osmWayId":639146341,"name":"Unnamed tertiary","highway":"tertiary","roadClass":"collector","lengthM":50,"nearSensitive":false,"busRoute":false}},{"type":"Feature","id":131,"geometry":{"type":"LineString","coordinates":[[76.56043131421663,30.768601817140638],[76.5603412,30.7686061],[76.55990827612045,30.768615798694903]]},"properties":{"id":131,"osmWayId":639146341,"name":"Unnamed tertiary","highway":"tertiary","roadClass":"collector","lengthM":50,"nearSensitive":false,"busRoute":false}},{"type":"Feature","id":132,"geometry":{"type":"LineString","coordinates":[[76.55990827612045,30.768615798694903],[76.5597609,30.7686191],[76.5597077,30.7686219],[76.5593857133509,30.768638945012643]]},"properties":{"id":132,"osmWayId":639146341,"name":"Unnamed tertiary","highway":"tertiary","roadClass":"collector","lengthM":50,"nearSensitive":false,"busRoute":false}},{"type":"Feature","id":133,"geometry":{"type":"LineString","coordinates":[[76.5593857133509,30.768638945012643],[76.559311,30.7686429],[76.5590582,30.7686563],[76.55886328517782,30.768665163923156]]},"properties":{"id":133,"osmWayId":639146341,"name":"Unnamed tertiary","highway":"tertiary","roadClass":"collector","lengthM":50,"nearSensitive":false,"busRoute":false}},{"type":"Feature","id":134,"geometry":{"type":"LineString","coordinates":[[76.55886328517782,30.768665163923156],[76.5586118,30.7686766],[76.55834046115845,30.768684284786683]]},"properties":{"id":134,"osmWayId":639146341,"name":"Unnamed tertiary","highway":"tertiary","roadClass":"collector","lengthM":50,"nearSensitive":false,"busRoute":false}},{"type":"Feature","id":135,"geometry":{"type":"LineString","coordinates":[[76.55834046115845,30.768684284786683],[76.5583258,30.7686847],[76.55782000437779,30.76873097196688]]},"properties":{"id":135,"osmWayId":639146341,"name":"Unnamed tertiary","highway":"tertiary","roadClass":"collector","lengthM":50,"nearSensitive":false,"busRoute":false}},{"type":"Feature","id":136,"geometry":{"type":"LineString","coordinates":[[76.55782000437779,30.76873097196688],[76.5575967,30.7687514]]},"properties":{"id":136,"osmWayId":639146341,"name":"Unnamed tertiary","highway":"tertiary","roadClass":"collector","lengthM":21.5,"nearSensitive":false,"busRoute":false}},{"type":"Feature","id":137,"geometry":{"type":"LineString","coordinates":[[76.5661883,30.7480644],[76.56604203058937,30.74849613139873]]},"properties":{"id":137,"osmWayId":639146424,"name":"Unnamed unclassified","highway":"unclassified","roadClass":"local","lengthM":50,"nearSensitive":false,"busRoute":false}},{"type":"Feature","id":138,"geometry":{"type":"LineString","coordinates":[[76.56604203058937,30.74849613139873],[76.5659899,30.74865],[76.5659617,30.748741],[76.5659375,30.7488367],[76.56592098463847,30.74893295503195]]},"properties":{"id":138,"osmWayId":639146424,"name":"Unnamed unclassified","highway":"unclassified","roadClass":"local","lengthM":50,"nearSensitive":false,"busRoute":false}},{"type":"Feature","id":139,"geometry":{"type":"LineString","coordinates":[[76.56592098463847,30.74893295503195],[76.5658694,30.7492336],[76.5658583,30.749289],[76.5658486,30.7493374],[76.56584060156965,30.749377247654493]]},"properties":{"id":139,"osmWayId":639146424,"name":"Unnamed unclassified","highway":"unclassified","roadClass":"local","lengthM":50,"nearSensitive":false,"busRoute":false}},{"type":"Feature","id":140,"geometry":{"type":"LineString","coordinates":[[76.56584060156965,30.749377247654493],[76.5658154,30.7495028],[76.5658018,30.7495707],[76.56573730344088,30.74981791709431]]},"properties":{"id":140,"osmWayId":639146424,"name":"Unnamed unclassified","highway":"unclassified","roadClass":"local","lengthM":50,"nearSensitive":false,"busRoute":false}},{"type":"Feature","id":141,"geometry":{"type":"LineString","coordinates":[[76.56573730344088,30.74981791709431],[76.56562283258708,30.75025668383796]]},"properties":{"id":141,"osmWayId":639146424,"name":"Unnamed unclassified","highway":"unclassified","roadClass":"local","lengthM":50,"nearSensitive":false,"busRoute":false}},{"type":"Feature","id":142,"geometry":{"type":"LineString","coordinates":[[76.56562283258708,30.75025668383796],[76.5655982,30.7503511],[76.56554429561191,30.750700946086344]]},"properties":{"id":142,"osmWayId":639146424,"name":"Unnamed unclassified","highway":"unclassified","roadClass":"local","lengthM":50,"nearSensitive":false,"busRoute":false}},{"type":"Feature","id":143,"geometry":{"type":"LineString","coordinates":[[76.56554429561191,30.750700946086344],[76.56547561081683,30.751146715110746]]},"properties":{"id":143,"osmWayId":639146424,"name":"Unnamed unclassified","highway":"unclassified","roadClass":"local","lengthM":50,"nearSensitive":false,"busRoute":false}},{"type":"Feature","id":144,"geometry":{"type":"LineString","coordinates":[[76.56547561081683,30.751146715110746],[76.56540692538589,30.751592484098975]]},"properties":{"id":144,"osmWayId":639146424,"name":"Unnamed unclassified","highway":"unclassified","roadClass":"local","lengthM":50,"nearSensitive":false,"busRoute":false}},{"type":"Feature","id":145,"geometry":{"type":"LineString","coordinates":[[76.56540692538589,30.751592484098975],[76.56533823931906,30.75203825305103]]},"properties":{"id":145,"osmWayId":639146424,"name":"Unnamed unclassified","highway":"unclassified","roadClass":"local","lengthM":50,"nearSensitive":false,"busRoute":false}},{"type":"Feature","id":146,"geometry":{"type":"LineString","coordinates":[[76.56533823931906,30.75203825305103],[76.56526955261631,30.75248402196689]]},"properties":{"id":146,"osmWayId":639146424,"name":"Unnamed unclassified","highway":"unclassified","roadClass":"local","lengthM":50,"nearSensitive":false,"busRoute":false}},{"type":"Feature","id":147,"geometry":{"type":"LineString","coordinates":[[76.56526955261631,30.75248402196689],[76.56520086527765,30.752929790846576]]},"properties":{"id":147,"osmWayId":639146424,"name":"Unnamed unclassified","highway":"unclassified","roadClass":"local","lengthM":50,"nearSensitive":false,"busRoute":false}},{"type":"Feature","id":148,"geometry":{"type":"LineString","coordinates":[[76.56520086527765,30.752929790846576],[76.5651798,30.7530665],[76.56513224051852,30.7533755668791]]},"properties":{"id":148,"osmWayId":639146424,"name":"Unnamed unclassified","highway":"unclassified","roadClass":"local","lengthM":50,"nearSensitive":false,"busRoute":false}},{"type":"Feature","id":149,"geometry":{"type":"LineString","coordinates":[[76.56513224051852,30.7533755668791],[76.56506364308682,30.75382134605549]]},"properties":{"id":149,"osmWayId":639146424,"name":"Unnamed unclassified","highway":"unclassified","roadClass":"local","lengthM":50,"nearSensitive":false,"busRoute":false}},{"type":"Feature","id":150,"geometry":{"type":"LineString","coordinates":[[76.56506364308682,30.75382134605549],[76.56499504501998,30.75426712519581]]},"properties":{"id":150,"osmWayId":639146424,"name":"Unnamed unclassified","highway":"unclassified","roadClass":"local","lengthM":50,"nearSensitive":false,"busRoute":false}},{"type":"Feature","id":151,"geometry":{"type":"LineString","coordinates":[[76.56499504501998,30.75426712519581],[76.564984,30.7543389],[76.5649166252666,30.75471169098375]]},"properties":{"id":151,"osmWayId":639146424,"name":"Unnamed unclassified","highway":"unclassified","roadClass":"local","lengthM":50,"nearSensitive":false,"busRoute":false}},{"type":"Feature","id":152,"geometry":{"type":"LineString","coordinates":[[76.5649166252666,30.75471169098375],[76.5649009,30.7547987],[76.56484671692186,30.75515729759023]]},"properties":{"id":152,"osmWayId":639146424,"name":"Unnamed unclassified","highway":"unclassified","roadClass":"local","lengthM":50,"nearSensitive":false,"busRoute":false}},{"type":"Feature","id":153,"geometry":{"type":"LineString","coordinates":[[76.56484671692186,30.75515729759023],[76.56477933960306,30.755603214311957]]},"properties":{"id":153,"osmWayId":639146424,"name":"Unnamed unclassified","highway":"unclassified","roadClass":"local","lengthM":50,"nearSensitive":false,"busRoute":false}},{"type":"Feature","id":154,"geometry":{"type":"LineString","coordinates":[[76.56477933960306,30.755603214311957],[76.56471196166018,30.756049130998864]]},"properties":{"id":154,"osmWayId":639146424,"name":"Unnamed unclassified","highway":"unclassified","roadClass":"local","lengthM":50,"nearSensitive":false,"busRoute":false}},{"type":"Feature","id":155,"geometry":{"type":"LineString","coordinates":[[76.56471196166018,30.756049130998864],[76.56464458309321,30.756495047650937]]},"properties":{"id":155,"osmWayId":639146424,"name":"Unnamed unclassified","highway":"unclassified","roadClass":"local","lengthM":50,"nearSensitive":false,"busRoute":false}},{"type":"Feature","id":156,"geometry":{"type":"LineString","coordinates":[[76.56464458309321,30.756495047650937],[76.5645911,30.756849],[76.5645764849068,30.756940881926145]]},"properties":{"id":156,"osmWayId":639146424,"name":"Unnamed unclassified","highway":"unclassified","roadClass":"local","lengthM":50,"nearSensitive":false,"busRoute":false}},{"type":"Feature","id":157,"geometry":{"type":"LineString","coordinates":[[76.5645764849068,30.756940881926145],[76.56450561880601,30.75738639924591]]},"properties":{"id":157,"osmWayId":639146424,"name":"Unnamed unclassified","highway":"unclassified","roadClass":"local","lengthM":50,"nearSensitive":false,"busRoute":false}},{"type":"Feature","id":158,"geometry":{"type":"LineString","coordinates":[[76.56450561880601,30.75738639924591],[76.5644945,30.7574563],[76.56443701533365,30.75783217725682]]},"properties":{"id":158,"osmWayId":639146424,"name":"Unnamed unclassified","highway":"unclassified","roadClass":"local","lengthM":50,"nearSensitive":false,"busRoute":false}},{"type":"Feature","id":159,"geometry":{"type":"LineString","coordinates":[[76.56443701533365,30.75783217725682],[76.5643705,30.7582671],[76.5643686616614,30.758277983461934]]},"properties":{"id":159,"osmWayId":639146424,"name":"Unnamed unclassified","highway":"unclassified","roadClass":"local","lengthM":50,"nearSensitive":false,"busRoute":false}},{"type":"Feature","id":160,"geometry":{"type":"LineString","coordinates":[[76.5643686616614,30.758277983461934],[76.56429349635519,30.758722980285395]]},"properties":{"id":160,"osmWayId":639146424,"name":"Unnamed unclassified","highway":"unclassified","roadClass":"local","lengthM":50,"nearSensitive":false,"busRoute":false}},{"type":"Feature","id":161,"geometry":{"type":"LineString","coordinates":[[76.56429349635519,30.758722980285395],[76.5642464,30.7590018],[76.56422133765838,30.759168331702824]]},"properties":{"id":161,"osmWayId":639146424,"name":"Unnamed unclassified","highway":"unclassified","roadClass":"local","lengthM":50,"nearSensitive":false,"busRoute":false}},{"type":"Feature","id":162,"geometry":{"type":"LineString","coordinates":[[76.56422133765838,30.759168331702824],[76.5641542241135,30.759614278110107]]},"properties":{"id":162,"osmWayId":639146424,"name":"Unnamed unclassified","highway":"unclassified","roadClass":"local","lengthM":50,"nearSensitive":false,"busRoute":false}},{"type":"Feature","id":163,"geometry":{"type":"LineString","coordinates":[[76.5641542241135,30.759614278110107],[76.5641313,30.7597666],[76.56409041457407,30.76006057778898]]},"properties":{"id":163,"osmWayId":639146424,"name":"Unnamed unclassified","highway":"unclassified","roadClass":"local","lengthM":50,"nearSensitive":false,"busRoute":false}},{"type":"Feature","id":164,"geometry":{"type":"LineString","coordinates":[[76.56409041457407,30.76006057778898],[76.5640283187733,30.76050706072001]]},"properties":{"id":164,"osmWayId":639146424,"name":"Unnamed unclassified","highway":"unclassified","roadClass":"local","lengthM":50,"nearSensitive":false,"busRoute":false}},{"type":"Feature","id":165,"geometry":{"type":"LineString","coordinates":[[76.5640283187733,30.76050706072001],[76.5640104,30.7606359],[76.5639588,30.7609421],[76.5639567012949,30.7609524543934]]},"properties":{"id":165,"osmWayId":639146424,"name":"Unnamed unclassified","highway":"unclassified","roadClass":"local","lengthM":50,"nearSensitive":false,"busRoute":false}},{"type":"Feature","id":166,"geometry":{"type":"LineString","coordinates":[[76.5639567012949,30.7609524543934],[76.5639407,30.7610314],[76.56386673086848,30.761395418386552]]},"properties":{"id":166,"osmWayId":639146424,"name":"Unnamed unclassified","highway":"unclassified","roadClass":"local","lengthM":50,"nearSensitive":false,"busRoute":false}},{"type":"Feature","id":167,"geometry":{"type":"LineString","coordinates":[[76.56386673086848,30.761395418386552],[76.563777,30.761837],[76.56377672106504,30.761838376540773]]},"properties":{"id":167,"osmWayId":639146424,"name":"Unnamed unclassified","highway":"unclassified","roadClass":"local","lengthM":50,"nearSensitive":false,"busRoute":false}},{"type":"Feature","id":168,"geometry":{"type":"LineString","coordinates":[[76.56377672106504,30.761838376540773],[76.56368695454644,30.76228137120965]]},"properties":{"id":168,"osmWayId":639146424,"name":"Unnamed unclassified","highway":"unclassified","roadClass":"local","lengthM":50,"nearSensitive":false,"busRoute":false}},{"type":"Feature","id":169,"geometry":{"type":"LineString","coordinates":[[76.56368695454644,30.76228137120965],[76.5635971872016,30.762724365816712]]},"properties":{"id":169,"osmWayId":639146424,"name":"Unnamed unclassified","highway":"unclassified","roadClass":"local","lengthM":50,"nearSensitive":false,"busRoute":false}},{"type":"Feature","id":170,"geometry":{"type":"LineString","coordinates":[[76.5635971872016,30.762724365816712],[76.5635818,30.7628003],[76.5635596,30.7629126],[76.5635147269529,30.76316838471759]]},"properties":{"id":170,"osmWayId":639146424,"name":"Unnamed unclassified","highway":"unclassified","roadClass":"local","lengthM":50,"nearSensitive":false,"busRoute":false}},{"type":"Feature","id":171,"geometry":{"type":"LineString","coordinates":[[76.5635147269529,30.76316838471759],[76.56343672254386,30.76361302109045]]},"properties":{"id":171,"osmWayId":639146424,"name":"Unnamed unclassified","highway":"unclassified","roadClass":"local","lengthM":50,"nearSensitive":false,"busRoute":false}},{"type":"Feature","id":172,"geometry":{"type":"LineString","coordinates":[[76.56343672254386,30.76361302109045],[76.5634332,30.7636331],[76.56334135844479,30.764055139305203]]},"properties":{"id":172,"osmWayId":639146424,"name":"Unnamed unclassified","highway":"unclassified","roadClass":"local","lengthM":50,"nearSensitive":false,"busRoute":false}},{"type":"Feature","id":173,"geometry":{"type":"LineString","coordinates":[[76.56334135844479,30.764055139305203],[76.5632721,30.7643734],[76.56324745716931,30.764497489386162]]},"properties":{"id":173,"osmWayId":639146424,"name":"Unnamed unclassified","highway":"unclassified","roadClass":"local","lengthM":50,"nearSensitive":false,"busRoute":false}},{"type":"Feature","id":174,"geometry":{"type":"LineString","coordinates":[[76.56324745716931,30.764497489386162],[76.5631735,30.7648699],[76.56316119377749,30.76494098408858]]},"properties":{"id":174,"osmWayId":639146424,"name":"Unnamed unclassified","highway":"unclassified","roadClass":"local","lengthM":50,"nearSensitive":false,"busRoute":false}},{"type":"Feature","id":175,"geometry":{"type":"LineString","coordinates":[[76.56316119377749,30.76494098408858],[76.56308419457851,30.765385749995826]]},"properties":{"id":175,"osmWayId":639146424,"name":"Unnamed unclassified","highway":"unclassified","roadClass":"local","lengthM":50,"nearSensitive":false,"busRoute":false}},{"type":"Feature","id":176,"geometry":{"type":"LineString","coordinates":[[76.56308419457851,30.765385749995826],[76.5630582,30.7655359],[76.56299688496371,30.76582906124357]]},"properties":{"id":176,"osmWayId":639146424,"name":"Unnamed unclassified","highway":"unclassified","roadClass":"local","lengthM":50,"nearSensitive":false,"busRoute":false}},{"type":"Feature","id":177,"geometry":{"type":"LineString","coordinates":[[76.56299688496371,30.76582906124357],[76.56290432021459,30.766271631089797]]},"properties":{"id":177,"osmWayId":639146424,"name":"Unnamed unclassified","highway":"unclassified","roadClass":"local","lengthM":50,"nearSensitive":false,"busRoute":false}},{"type":"Feature","id":178,"geometry":{"type":"LineString","coordinates":[[76.56290432021459,30.766271631089797],[76.5628731,30.7664209],[76.56281608657235,30.76671484550284]]},"properties":{"id":178,"osmWayId":639146424,"name":"Unnamed unclassified","highway":"unclassified","roadClass":"local","lengthM":50,"nearSensitive":false,"busRoute":false}},{"type":"Feature","id":179,"geometry":{"type":"LineString","coordinates":[[76.56281608657235,30.76671484550284],[76.5627363,30.7671262],[76.56272970147717,30.767158335557287]]},"properties":{"id":179,"osmWayId":639146424,"name":"Unnamed unclassified","highway":"unclassified","roadClass":"local","lengthM":50,"nearSensitive":false,"busRoute":false}},{"type":"Feature","id":180,"geometry":{"type":"LineString","coordinates":[[76.56272970147717,30.767158335557287],[76.56263877487235,30.7676011562541]]},"properties":{"id":180,"osmWayId":639146424,"name":"Unnamed unclassified","highway":"unclassified","roadClass":"local","lengthM":50,"nearSensitive":false,"busRoute":false}},{"type":"Feature","id":181,"geometry":{"type":"LineString","coordinates":[[76.56263877487235,30.7676011562541],[76.562637,30.7676098],[76.56254356915463,30.768043312223167]]},"properties":{"id":181,"osmWayId":639146424,"name":"Unnamed unclassified","highway":"unclassified","roadClass":"local","lengthM":50,"nearSensitive":false,"busRoute":false}},{"type":"Feature","id":182,"geometry":{"type":"LineString","coordinates":[[76.56254356915463,30.768043312223167],[76.5625323,30.7680956],[76.56245991824818,30.768487175078768]]},"properties":{"id":182,"osmWayId":639146424,"name":"Unnamed unclassified","highway":"unclassified","roadClass":"local","lengthM":50,"nearSensitive":false,"busRoute":false}},{"type":"Feature","id":183,"geometry":{"type":"LineString","coordinates":[[76.56245991824818,30.768487175078768],[76.5624491,30.7685457]]},"properties":{"id":183,"osmWayId":639146424,"name":"Unnamed unclassified","highway":"unclassified","roadClass":"local","lengthM":6.6,"nearSensitive":false,"busRoute":false}},{"type":"Feature","id":184,"geometry":{"type":"LineString","coordinates":[[76.5795972,30.7639639],[76.5794023,30.7641928],[76.57928982839266,30.764327810314718]]},"properties":{"id":184,"osmWayId":643095699,"name":"Unnamed residential","highway":"residential","roadClass":"local","lengthM":50,"nearSensitive":false,"busRoute":false}},{"type":"Feature","id":185,"geometry":{"type":"LineString","coordinates":[[76.57928982839266,30.764327810314718],[76.5791987,30.7644372],[76.5791729,30.7644567],[76.5791366,30.7644669],[76.5790975,30.7644633],[76.5789389,30.7644091],[76.57886058474573,30.76438256727273]]},"properties":{"id":185,"osmWayId":643095699,"name":"Unnamed residential","highway":"residential","roadClass":"local","lengthM":50,"nearSensitive":false,"busRoute":false}},{"type":"Feature","id":186,"geometry":{"type":"LineString","coordinates":[[76.57886058474573,30.76438256727273],[76.5787863,30.7643574],[76.5786462,30.7643018],[76.5785065,30.7642263],[76.57840791910888,30.764161532291002]]},"properties":{"id":186,"osmWayId":643095699,"name":"Unnamed residential","highway":"residential","roadClass":"local","lengthM":50,"nearSensitive":false,"busRoute":false}},{"type":"Feature","id":187,"geometry":{"type":"LineString","coordinates":[[76.57840791910888,30.764161532291002],[76.5783858,30.764147],[76.5780885,30.7639076],[76.578046,30.7638559],[76.57804200994947,30.76384405532625]]},"properties":{"id":187,"osmWayId":643095699,"name":"Unnamed residential","highway":"residential","roadClass":"local","lengthM":50,"nearSensitive":false,"busRoute":false}},{"type":"Feature","id":188,"geometry":{"type":"LineString","coordinates":[[76.57804200994947,30.76384405532625],[76.5780301,30.7638087],[76.5780263,30.7637486],[76.5780294,30.7635953]]},"properties":{"id":188,"osmWayId":643095699,"name":"Unnamed residential","highway":"residential","roadClass":"local","lengthM":27.8,"nearSensitive":false,"busRoute":false}},{"type":"Feature","id":189,"geometry":{"type":"LineString","coordinates":[[76.5791711,30.7635441],[76.5791359,30.7634954]]},"properties":{"id":189,"osmWayId":643095700,"name":"Unnamed residential","highway":"residential","roadClass":"local","lengthM":6.4,"nearSensitive":false,"busRoute":false}},{"type":"Feature","id":190,"geometry":{"type":"LineString","coordinates":[[76.5625631,30.7701394],[76.5630857621491,30.770116669470408]]},"properties":{"id":190,"osmWayId":643095701,"name":"Unnamed unclassified","highway":"unclassified","roadClass":"local","lengthM":50,"nearSensitive":false,"busRoute":false}},{"type":"Feature","id":191,"geometry":{"type":"LineString","coordinates":[[76.5630857621491,30.770116669470408],[76.56360842405125,30.770093936844994]]},"properties":{"id":191,"osmWayId":643095701,"name":"Unnamed unclassified","highway":"unclassified","roadClass":"local","lengthM":50,"nearSensitive":false,"busRoute":false}},{"type":"Feature","id":192,"geometry":{"type":"LineString","coordinates":[[76.56360842405125,30.770093936844994],[76.56413108570646,30.770071202123763]]},"properties":{"id":192,"osmWayId":643095701,"name":"Unnamed unclassified","highway":"unclassified","roadClass":"local","lengthM":50,"nearSensitive":false,"busRoute":false}},{"type":"Feature","id":193,"geometry":{"type":"LineString","coordinates":[[76.56413108570646,30.770071202123763],[76.5643886,30.77006],[76.56465363321821,30.770046672238934]]},"properties":{"id":193,"osmWayId":643095701,"name":"Unnamed unclassified","highway":"unclassified","roadClass":"local","lengthM":50,"nearSensitive":false,"busRoute":false}},{"type":"Feature","id":194,"geometry":{"type":"LineString","coordinates":[[76.56465363321821,30.770046672238934],[76.56517606983644,30.7700203988095]]},"properties":{"id":194,"osmWayId":643095701,"name":"Unnamed unclassified","highway":"unclassified","roadClass":"local","lengthM":50,"nearSensitive":false,"busRoute":false}},{"type":"Feature","id":195,"geometry":{"type":"LineString","coordinates":[[76.56517606983644,30.7700203988095],[76.56569850616935,30.769994123286086]]},"properties":{"id":195,"osmWayId":643095701,"name":"Unnamed unclassified","highway":"unclassified","roadClass":"local","lengthM":50,"nearSensitive":false,"busRoute":false}},{"type":"Feature","id":196,"geometry":{"type":"LineString","coordinates":[[76.56569850616935,30.769994123286086],[76.5658958,30.7699842],[76.5662211728275,30.769971681421747]]},"properties":{"id":196,"osmWayId":643095701,"name":"Unnamed unclassified","highway":"unclassified","roadClass":"local","lengthM":50,"nearSensitive":false,"busRoute":false}},{"type":"Feature","id":197,"geometry":{"type":"LineString","coordinates":[[76.5662211728275,30.769971681421747],[76.56674397918714,30.769951564966263]]},"properties":{"id":197,"osmWayId":643095701,"name":"Unnamed unclassified","highway":"unclassified","roadClass":"local","lengthM":50,"nearSensitive":false,"busRoute":false}},{"type":"Feature","id":198,"geometry":{"type":"LineString","coordinates":[[76.56674397918714,30.769951564966263],[76.5668834,30.7699462],[76.56716,30.7699355],[76.56726670921462,30.76993016858869]]},"properties":{"id":198,"osmWayId":643095701,"name":"Unnamed unclassified","highway":"unclassified","roadClass":"local","lengthM":50,"nearSensitive":false,"busRoute":false}},{"type":"Feature","id":199,"geometry":{"type":"LineString","coordinates":[[76.56726670921462,30.76993016858869],[76.5672921,30.7699289],[76.5676501,30.7699108],[76.56778913828664,30.769903793964716]]},"properties":{"id":199,"osmWayId":643095701,"name":"Unnamed unclassified","highway":"unclassified","roadClass":"local","lengthM":50,"nearSensitive":false,"busRoute":false}},{"type":"Feature","id":200,"geometry":{"type":"LineString","coordinates":[[76.56778913828664,30.769903793964716],[76.5680728,30.7698895],[76.5681583,30.7698852],[76.56831162205614,30.76987826280582]]},"properties":{"id":200,"osmWayId":643095701,"name":"Unnamed unclassified","highway":"unclassified","roadClass":"local","lengthM":50,"nearSensitive":false,"busRoute":false}},{"type":"Feature","id":201,"geometry":{"type":"LineString","coordinates":[[76.56831162205614,30.76987826280582],[76.56883422769839,30.769854615681467]]},"properties":{"id":201,"osmWayId":643095701,"name":"Unnamed unclassified","highway":"unclassified","roadClass":"local","lengthM":50,"nearSensitive":false,"busRoute":false}},{"type":"Feature","id":202,"geometry":{"type":"LineString","coordinates":[[76.56883422769839,30.769854615681467],[76.5689296,30.7698503],[76.56935724804563,30.769839721717826]]},"properties":{"id":202,"osmWayId":643095701,"name":"Unnamed unclassified","highway":"unclassified","roadClass":"local","lengthM":50,"nearSensitive":false,"busRoute":false}},{"type":"Feature","id":203,"geometry":{"type":"LineString","coordinates":[[76.56935724804563,30.769839721717826],[76.56988036087452,30.76982678011221]]},"properties":{"id":203,"osmWayId":643095701,"name":"Unnamed unclassified","highway":"unclassified","roadClass":"local","lengthM":50,"nearSensitive":false,"busRoute":false}},{"type":"Feature","id":204,"geometry":{"type":"LineString","coordinates":[[76.56988036087452,30.76982678011221],[76.5701948,30.769819],[76.5703551,30.7698077],[76.57040013921132,30.769793635411006]]},"properties":{"id":204,"osmWayId":643095701,"name":"Unnamed unclassified","highway":"unclassified","roadClass":"local","lengthM":50,"nearSensitive":false,"busRoute":false}},{"type":"Feature","id":205,"geometry":{"type":"LineString","coordinates":[[76.57040013921132,30.769793635411006],[76.5704105,30.7697904],[76.5704772,30.7697696],[76.5705873,30.7697012],[76.57081088521393,30.769522344096618]]},"properties":{"id":205,"osmWayId":643095701,"name":"Unnamed unclassified","highway":"unclassified","roadClass":"local","lengthM":50,"nearSensitive":false,"busRoute":false}},{"type":"Feature","id":206,"geometry":{"type":"LineString","coordinates":[[76.57081088521393,30.769522344096618],[76.5709627,30.7694009],[76.57118577283916,30.769208705679034]]},"properties":{"id":206,"osmWayId":643095701,"name":"Unnamed unclassified","highway":"unclassified","roadClass":"local","lengthM":50,"nearSensitive":true,"busRoute":false}},{"type":"Feature","id":207,"geometry":{"type":"LineString","coordinates":[[76.57118577283916,30.769208705679034],[76.5715553147047,30.768890314554334]]},"properties":{"id":207,"osmWayId":643095701,"name":"Unnamed unclassified","highway":"unclassified","roadClass":"local","lengthM":50,"nearSensitive":true,"busRoute":false}},{"type":"Feature","id":208,"geometry":{"type":"LineString","coordinates":[[76.5715553147047,30.768890314554334],[76.57192485412499,30.768571922381955]]},"properties":{"id":208,"osmWayId":643095701,"name":"Unnamed unclassified","highway":"unclassified","roadClass":"local","lengthM":50,"nearSensitive":true,"busRoute":false}},{"type":"Feature","id":209,"geometry":{"type":"LineString","coordinates":[[76.57192485412499,30.768571922381955],[76.5722704,30.7682742],[76.57229470433649,30.76825380111186]]},"properties":{"id":209,"osmWayId":643095701,"name":"Unnamed unclassified","highway":"unclassified","roadClass":"local","lengthM":50,"nearSensitive":true,"busRoute":false}},{"type":"Feature","id":210,"geometry":{"type":"LineString","coordinates":[[76.57229470433649,30.76825380111186],[76.57266906365996,30.767939595684712]]},"properties":{"id":210,"osmWayId":643095701,"name":"Unnamed unclassified","highway":"unclassified","roadClass":"local","lengthM":50,"nearSensitive":true,"busRoute":false}},{"type":"Feature","id":211,"geometry":{"type":"LineString","coordinates":[[76.57266906365996,30.767939595684712],[76.5727969,30.7678323],[76.57304172555484,30.76762390862366]]},"properties":{"id":211,"osmWayId":643095701,"name":"Unnamed unclassified","highway":"unclassified","roadClass":"local","lengthM":50,"nearSensitive":true,"busRoute":false}},{"type":"Feature","id":212,"geometry":{"type":"LineString","coordinates":[[76.57304172555484,30.76762390862366],[76.57341350605228,30.76730745273974]]},"properties":{"id":212,"osmWayId":643095701,"name":"Unnamed unclassified","highway":"unclassified","roadClass":"local","lengthM":50,"nearSensitive":true,"busRoute":false}},{"type":"Feature","id":213,"geometry":{"type":"LineString","coordinates":[[76.57341350605228,30.76730745273974],[76.5734494,30.7672769],[76.57379444948455,30.76699917103663]]},"properties":{"id":213,"osmWayId":643095701,"name":"Unnamed unclassified","highway":"unclassified","roadClass":"local","lengthM":50,"nearSensitive":true,"busRoute":false}},{"type":"Feature","id":214,"geometry":{"type":"LineString","coordinates":[[76.57379444948455,30.76699917103663],[76.5740414,30.7668004],[76.57417523972833,30.766690734351805]]},"properties":{"id":214,"osmWayId":643095701,"name":"Unnamed unclassified","highway":"unclassified","roadClass":"local","lengthM":50,"nearSensitive":true,"busRoute":false}},{"type":"Feature","id":215,"geometry":{"type":"LineString","coordinates":[[76.57417523972833,30.766690734351805],[76.5745253,30.7664039],[76.57455409064228,30.766380535176054]]},"properties":{"id":215,"osmWayId":643095701,"name":"Unnamed unclassified","highway":"unclassified","roadClass":"local","lengthM":50,"nearSensitive":true,"busRoute":false}},{"type":"Feature","id":216,"geometry":{"type":"LineString","coordinates":[[76.57455409064228,30.766380535176054],[76.574728,30.7662394],[76.5748771,30.7661314],[76.57494152099932,30.766078525897104]]},"properties":{"id":216,"osmWayId":643095701,"name":"Unnamed unclassified","highway":"unclassified","roadClass":"local","lengthM":50,"nearSensitive":true,"busRoute":false}},{"type":"Feature","id":217,"geometry":{"type":"LineString","coordinates":[[76.57494152099932,30.766078525897104],[76.5751661,30.7658942],[76.5753190011797,30.765767100151113]]},"properties":{"id":217,"osmWayId":643095701,"name":"Unnamed unclassified","highway":"unclassified","roadClass":"local","lengthM":50,"nearSensitive":false,"busRoute":false}},{"type":"Feature","id":218,"geometry":{"type":"LineString","coordinates":[[76.5753190011797,30.765767100151113],[76.57569511347752,30.765454452783533]]},"properties":{"id":218,"osmWayId":643095701,"name":"Unnamed unclassified","highway":"unclassified","roadClass":"local","lengthM":50,"nearSensitive":false,"busRoute":false}},{"type":"Feature","id":219,"geometry":{"type":"LineString","coordinates":[[76.57569511347752,30.765454452783533],[76.57607122333182,30.76514180433077]]},"properties":{"id":219,"osmWayId":643095701,"name":"Unnamed unclassified","highway":"unclassified","roadClass":"local","lengthM":50,"nearSensitive":false,"busRoute":false}},{"type":"Feature","id":220,"geometry":{"type":"LineString","coordinates":[[76.57607122333182,30.76514180433077],[76.5762216,30.7650168],[76.57645010872439,30.764831654048738]]},"properties":{"id":220,"osmWayId":643095701,"name":"Unnamed unclassified","highway":"unclassified","roadClass":"local","lengthM":50,"nearSensitive":false,"busRoute":false}},{"type":"Feature","id":221,"geometry":{"type":"LineString","coordinates":[[76.57645010872439,30.764831654048738],[76.5768308422978,30.7645231676019]]},"properties":{"id":221,"osmWayId":643095701,"name":"Unnamed unclassified","highway":"unclassified","roadClass":"local","lengthM":50,"nearSensitive":false,"busRoute":false}},{"type":"Feature","id":222,"geometry":{"type":"LineString","coordinates":[[76.5768308422978,30.7645231676019],[76.5769715,30.7644092],[76.5771257,30.7642791],[76.57720780734316,30.764211309708585]]},"properties":{"id":222,"osmWayId":643095701,"name":"Unnamed unclassified","highway":"unclassified","roadClass":"local","lengthM":50,"nearSensitive":false,"busRoute":false}},{"type":"Feature","id":223,"geometry":{"type":"LineString","coordinates":[[76.57720780734316,30.764211309708585],[76.57758514886157,30.76389976331182]]},"properties":{"id":223,"osmWayId":643095701,"name":"Unnamed unclassified","highway":"unclassified","roadClass":"local","lengthM":50,"nearSensitive":false,"busRoute":false}},{"type":"Feature","id":224,"geometry":{"type":"LineString","coordinates":[[76.57758514886157,30.76389976331182],[76.5777818,30.7637374],[76.5779149,30.7636411],[76.57798432784277,30.763613328880094]]},"properties":{"id":224,"osmWayId":643095701,"name":"Unnamed unclassified","highway":"unclassified","roadClass":"local","lengthM":50,"nearSensitive":false,"busRoute":false}},{"type":"Feature","id":225,"geometry":{"type":"LineString","coordinates":[[76.57798432784277,30.763613328880094],[76.5780294,30.7635953],[76.578118,30.7635809],[76.57850106196128,30.76356689822653]]},"properties":{"id":225,"osmWayId":643095701,"name":"Unnamed unclassified","highway":"unclassified","roadClass":"local","lengthM":50,"nearSensitive":false,"busRoute":false}},{"type":"Feature","id":226,"geometry":{"type":"LineString","coordinates":[[76.57850106196128,30.76356689822653],[76.57902388456256,30.76354778606518]]},"properties":{"id":226,"osmWayId":643095701,"name":"Unnamed unclassified","highway":"unclassified","roadClass":"local","lengthM":50,"nearSensitive":false,"busRoute":false}},{"type":"Feature","id":227,"geometry":{"type":"LineString","coordinates":[[76.57902388456256,30.76354778606518],[76.5791083,30.7635447],[76.5791711,30.7635441]]},"properties":{"id":227,"osmWayId":643095701,"name":"Unnamed unclassified","highway":"unclassified","roadClass":"local","lengthM":14.1,"nearSensitive":false,"busRoute":false}},{"type":"Feature","id":228,"geometry":{"type":"LineString","coordinates":[[76.5839277,30.7698147],[76.5837501,30.7700842],[76.58366662618323,30.77020438111194]]},"properties":{"id":228,"osmWayId":643095702,"name":"Unnamed unclassified","highway":"unclassified","roadClass":"local","lengthM":50,"nearSensitive":false,"busRoute":false}},{"type":"Feature","id":229,"geometry":{"type":"LineString","coordinates":[[76.58366662618323,30.77020438111194],[76.583502,30.7704414],[76.58339990743744,30.770591254977067]]},"properties":{"id":229,"osmWayId":643095702,"name":"Unnamed unclassified","highway":"unclassified","roadClass":"local","lengthM":50,"nearSensitive":false,"busRoute":false}},{"type":"Feature","id":230,"geometry":{"type":"LineString","coordinates":[[76.58339990743744,30.770591254977067],[76.5832269,30.7708452],[76.58313228448274,30.770977646692174]]},"properties":{"id":230,"osmWayId":643095702,"name":"Unnamed unclassified","highway":"unclassified","roadClass":"local","lengthM":50,"nearSensitive":false,"busRoute":false}},{"type":"Feature","id":231,"geometry":{"type":"LineString","coordinates":[[76.58313228448274,30.770977646692174],[76.5831016,30.7710206],[76.583049,30.7711189],[76.5830215,30.7712093]]},"properties":{"id":231,"osmWayId":643095702,"name":"Unnamed unclassified","highway":"unclassified","roadClass":"local","lengthM":28,"nearSensitive":false,"busRoute":false}},{"type":"Feature","id":232,"geometry":{"type":"LineString","coordinates":[[76.5839277,30.7698147],[76.58444913409274,30.769852936981344]]},"properties":{"id":232,"osmWayId":643095703,"name":"Unnamed unclassified","highway":"unclassified","roadClass":"local","lengthM":50,"nearSensitive":false,"busRoute":false}},{"type":"Feature","id":233,"geometry":{"type":"LineString","coordinates":[[76.58444913409274,30.769852936981344],[76.58454,30.7698596],[76.5845932,30.7698561],[76.5846366,30.7698296],[76.5846594,30.7697952],[76.58476184792241,30.769571794427222]]},"properties":{"id":233,"osmWayId":643095703,"name":"Unnamed unclassified","highway":"unclassified","roadClass":"local","lengthM":50,"nearSensitive":false,"busRoute":false}},{"type":"Feature","id":234,"geometry":{"type":"LineString","coordinates":[[76.58476184792241,30.769571794427222],[76.5848188,30.7694476],[76.5849361,30.7692197],[76.58496661536114,30.769158064479562]]},"properties":{"id":234,"osmWayId":643095703,"name":"Unnamed unclassified","highway":"unclassified","roadClass":"local","lengthM":50,"nearSensitive":false,"busRoute":false}},{"type":"Feature","id":235,"geometry":{"type":"LineString","coordinates":[[76.58496661536114,30.769158064479562],[76.5851328,30.7688224],[76.58517183194937,30.768744420166225]]},"properties":{"id":235,"osmWayId":643095703,"name":"Unnamed unclassified","highway":"unclassified","roadClass":"local","lengthM":50,"nearSensitive":false,"busRoute":false}},{"type":"Feature","id":236,"geometry":{"type":"LineString","coordinates":[[76.58517183194937,30.768744420166225],[76.5853191,30.7684502],[76.5853345,30.7684192],[76.58537991078433,30.768331840990438]]},"properties":{"id":236,"osmWayId":643095703,"name":"Unnamed unclassified","highway":"unclassified","roadClass":"local","lengthM":50,"nearSensitive":false,"busRoute":false}},{"type":"Feature","id":237,"geometry":{"type":"LineString","coordinates":[[76.58537991078433,30.768331840990438],[76.5855933302857,30.76792127282633]]},"properties":{"id":237,"osmWayId":643095703,"name":"Unnamed unclassified","highway":"unclassified","roadClass":"local","lengthM":50,"nearSensitive":false,"busRoute":false}},{"type":"Feature","id":238,"geometry":{"type":"LineString","coordinates":[[76.5855933302857,30.76792127282633],[76.5857149,30.7676874],[76.58580948820298,30.76751177489079]]},"properties":{"id":238,"osmWayId":643095703,"name":"Unnamed unclassified","highway":"unclassified","roadClass":"local","lengthM":50,"nearSensitive":false,"busRoute":false}},{"type":"Feature","id":239,"geometry":{"type":"LineString","coordinates":[[76.58580948820298,30.76751177489079],[76.5858552,30.7674269],[76.5858638,30.7673909],[76.5858564,30.7673601]]},"properties":{"id":239,"osmWayId":643095703,"name":"Unnamed unclassified","highway":"unclassified","roadClass":"local","lengthM":18,"nearSensitive":false,"busRoute":false}},{"type":"Feature","id":240,"geometry":{"type":"LineString","coordinates":[[76.5791711,30.7635441],[76.5792239,30.7635738],[76.5794247,30.7637836],[76.57951619041502,30.763879227485464]]},"properties":{"id":240,"osmWayId":643095704,"name":"Unnamed unclassified","highway":"unclassified","roadClass":"local","lengthM":50,"nearSensitive":false,"busRoute":false}},{"type":"Feature","id":241,"geometry":{"type":"LineString","coordinates":[[76.57951619041502,30.763879227485464],[76.5795972,30.7639639],[76.57986368227553,30.764215293863096]]},"properties":{"id":241,"osmWayId":643095704,"name":"Unnamed unclassified","highway":"unclassified","roadClass":"local","lengthM":50,"nearSensitive":false,"busRoute":false}},{"type":"Feature","id":242,"geometry":{"type":"LineString","coordinates":[[76.57986368227553,30.764215293863096],[76.58021606625366,30.764547722761577]]},"properties":{"id":242,"osmWayId":643095704,"name":"Unnamed unclassified","highway":"unclassified","roadClass":"local","lengthM":50,"nearSensitive":false,"busRoute":false}},{"type":"Feature","id":243,"geometry":{"type":"LineString","coordinates":[[76.58021606625366,30.764547722761577],[76.58056845266593,30.764880150707484]]},"properties":{"id":243,"osmWayId":643095704,"name":"Unnamed unclassified","highway":"unclassified","roadClass":"local","lengthM":50,"nearSensitive":false,"busRoute":false}},{"type":"Feature","id":244,"geometry":{"type":"LineString","coordinates":[[76.58056845266593,30.764880150707484],[76.5809208415124,30.765212577700787]]},"properties":{"id":244,"osmWayId":643095704,"name":"Unnamed unclassified","highway":"unclassified","roadClass":"local","lengthM":50,"nearSensitive":false,"busRoute":false}},{"type":"Feature","id":245,"geometry":{"type":"LineString","coordinates":[[76.5809208415124,30.765212577700787],[76.5811227,30.765403],[76.5811634,30.7654641],[76.5811773,30.7655382],[76.58116339133856,30.76558326839454]]},"properties":{"id":245,"osmWayId":643095704,"name":"Unnamed unclassified","highway":"unclassified","roadClass":"local","lengthM":50,"nearSensitive":false,"busRoute":false}},{"type":"Feature","id":246,"geometry":{"type":"LineString","coordinates":[[76.58116339133856,30.76558326839454],[76.5811515,30.7656218],[76.5809154,30.7658822],[76.58085554971693,30.765943084737263]]},"properties":{"id":246,"osmWayId":643095704,"name":"Unnamed unclassified","highway":"unclassified","roadClass":"local","lengthM":50,"nearSensitive":false,"busRoute":false}},{"type":"Feature","id":247,"geometry":{"type":"LineString","coordinates":[[76.58085554971693,30.765943084737263],[76.580655,30.7661471],[76.58051802468844,30.766286714059987]]},"properties":{"id":247,"osmWayId":643095704,"name":"Unnamed unclassified","highway":"unclassified","roadClass":"local","lengthM":50,"nearSensitive":false,"busRoute":false}},{"type":"Feature","id":248,"geometry":{"type":"LineString","coordinates":[[76.58051802468844,30.766286714059987],[76.5801877,30.7666234],[76.58018520219345,30.766632446113203]]},"properties":{"id":248,"osmWayId":643095704,"name":"Unnamed unclassified","highway":"unclassified","roadClass":"local","lengthM":50,"nearSensitive":false,"busRoute":false}},{"type":"Feature","id":249,"geometry":{"type":"LineString","coordinates":[[76.58018520219345,30.766632446113203],[76.5801766,30.7666636],[76.5801855,30.7666993],[76.5802173,30.7667259],[76.5802792,30.7667503],[76.58059050837429,30.766847129885768]]},"properties":{"id":249,"osmWayId":643095704,"name":"Unnamed unclassified","highway":"unclassified","roadClass":"local","lengthM":50,"nearSensitive":false,"busRoute":false}},{"type":"Feature","id":250,"geometry":{"type":"LineString","coordinates":[[76.58059050837429,30.766847129885768],[76.5807846,30.7669075],[76.58108028361949,30.767005451340783]]},"properties":{"id":250,"osmWayId":643095704,"name":"Unnamed unclassified","highway":"unclassified","roadClass":"local","lengthM":50,"nearSensitive":false,"busRoute":false}},{"type":"Feature","id":251,"geometry":{"type":"LineString","coordinates":[[76.58108028361949,30.767005451340783],[76.581366,30.7671001],[76.58156874103831,30.767166815646036]]},"properties":{"id":251,"osmWayId":643095704,"name":"Unnamed unclassified","highway":"unclassified","roadClass":"local","lengthM":50,"nearSensitive":false,"busRoute":false}},{"type":"Feature","id":252,"geometry":{"type":"LineString","coordinates":[[76.58156874103831,30.767166815646036],[76.58205744481033,30.767327630882402]]},"properties":{"id":252,"osmWayId":643095704,"name":"Unnamed unclassified","highway":"unclassified","roadClass":"local","lengthM":50,"nearSensitive":false,"busRoute":false}},{"type":"Feature","id":253,"geometry":{"type":"LineString","coordinates":[[76.58205744481033,30.767327630882402],[76.5821002,30.7673417],[76.5825484649672,30.76748314134934]]},"properties":{"id":253,"osmWayId":643095704,"name":"Unnamed unclassified","highway":"unclassified","roadClass":"local","lengthM":50,"nearSensitive":false,"busRoute":false}},{"type":"Feature","id":254,"geometry":{"type":"LineString","coordinates":[[76.5825484649672,30.76748314134934],[76.5828285,30.7675715]]},"properties":{"id":254,"osmWayId":643095704,"name":"Unnamed unclassified","highway":"unclassified","roadClass":"local","lengthM":28.5,"nearSensitive":false,"busRoute":false}},{"type":"Feature","id":255,"geometry":{"type":"LineString","coordinates":[[76.5858564,30.7673601],[76.5858313,30.7673394],[76.5857947,30.767326],[76.58536069936795,30.767227983876232]]},"properties":{"id":255,"osmWayId":643095705,"name":"Unnamed unclassified","highway":"unclassified","roadClass":"local","lengthM":50,"nearSensitive":false,"busRoute":false}},{"type":"Feature","id":256,"geometry":{"type":"LineString","coordinates":[[76.58536069936795,30.767227983876232],[76.5851934,30.7671902],[76.5850685,30.7671593],[76.58485671578325,30.7671069934614]]},"properties":{"id":256,"osmWayId":643095705,"name":"Unnamed unclassified","highway":"unclassified","roadClass":"local","lengthM":50,"nearSensitive":false,"busRoute":false}},{"type":"Feature","id":257,"geometry":{"type":"LineString","coordinates":[[76.58485671578325,30.7671069934614],[76.5844389,30.7670038],[76.58435407519016,30.766981870666562]]},"properties":{"id":257,"osmWayId":643095705,"name":"Unnamed unclassified","highway":"unclassified","roadClass":"local","lengthM":50,"nearSensitive":false,"busRoute":false}},{"type":"Feature","id":258,"geometry":{"type":"LineString","coordinates":[[76.58435407519016,30.766981870666562],[76.5838672,30.766856],[76.5838527883324,30.766852821943193]]},"properties":{"id":258,"osmWayId":643095705,"name":"Unnamed unclassified","highway":"unclassified","roadClass":"local","lengthM":50,"nearSensitive":false,"busRoute":false}},{"type":"Feature","id":259,"geometry":{"type":"LineString","coordinates":[[76.5838527883324,30.766852821943193],[76.5834033,30.7667537],[76.5833586,30.7667514],[76.58334470769805,30.766754902262363]]},"properties":{"id":259,"osmWayId":643095705,"name":"Unnamed unclassified","highway":"unclassified","roadClass":"local","lengthM":50,"nearSensitive":false,"busRoute":false}},{"type":"Feature","id":260,"geometry":{"type":"LineString","coordinates":[[76.58334470769805,30.766754902262363],[76.5833229,30.7667604],[76.5832928,30.7667886],[76.5831214,30.7670922],[76.58309258702492,30.767140674814495]]},"properties":{"id":260,"osmWayId":643095705,"name":"Unnamed unclassified","highway":"unclassified","roadClass":"local","lengthM":50,"nearSensitive":false,"busRoute":false}},{"type":"Feature","id":261,"geometry":{"type":"LineString","coordinates":[[76.58309258702492,30.767140674814495],[76.5829306,30.7674132],[76.58284956262486,30.767538843697437]]},"properties":{"id":261,"osmWayId":643095705,"name":"Unnamed unclassified","highway":"unclassified","roadClass":"local","lengthM":50,"nearSensitive":false,"busRoute":false}},{"type":"Feature","id":262,"geometry":{"type":"LineString","coordinates":[[76.58284956262486,30.767538843697437],[76.5828285,30.7675715]]},"properties":{"id":262,"osmWayId":643095705,"name":"Unnamed unclassified","highway":"unclassified","roadClass":"local","lengthM":4.2,"nearSensitive":false,"busRoute":false}},{"type":"Feature","id":263,"geometry":{"type":"LineString","coordinates":[[76.5858564,30.7673601],[76.5858942,30.7673083],[76.5859366,30.7672231],[76.5860062,30.7670423],[76.58603590201258,30.76694001299886]]},"properties":{"id":263,"osmWayId":643095706,"name":"Unnamed residential","highway":"residential","roadClass":"local","lengthM":50,"nearSensitive":false,"busRoute":false}},{"type":"Feature","id":264,"geometry":{"type":"LineString","coordinates":[[76.58603590201258,30.76694001299886],[76.5860729,30.7668126],[76.58617336347857,30.76650618660785]]},"properties":{"id":264,"osmWayId":643095706,"name":"Unnamed residential","highway":"residential","roadClass":"local","lengthM":50,"nearSensitive":false,"busRoute":false}},{"type":"Feature","id":265,"geometry":{"type":"LineString","coordinates":[[76.58617336347857,30.76650618660785],[76.5861949,30.7664405],[76.5862164,30.7663011],[76.5862083,30.7661697],[76.58619976952295,30.76606073264291]]},"properties":{"id":265,"osmWayId":643095706,"name":"Unnamed residential","highway":"residential","roadClass":"local","lengthM":50,"nearSensitive":false,"busRoute":false}},{"type":"Feature","id":266,"geometry":{"type":"LineString","coordinates":[[76.58619976952295,30.76606073264291],[76.58616464758505,30.76561208634141]]},"properties":{"id":266,"osmWayId":643095706,"name":"Unnamed residential","highway":"residential","roadClass":"local","lengthM":50,"nearSensitive":false,"busRoute":false}},{"type":"Feature","id":267,"geometry":{"type":"LineString","coordinates":[[76.58616464758505,30.76561208634141],[76.5861499,30.7654237],[76.58613033825358,30.765163394020604]]},"properties":{"id":267,"osmWayId":643095706,"name":"Unnamed residential","highway":"residential","roadClass":"local","lengthM":50,"nearSensitive":false,"busRoute":false}},{"type":"Feature","id":268,"geometry":{"type":"LineString","coordinates":[[76.58613033825358,30.765163394020604],[76.58609661719859,30.764714668387196]]},"properties":{"id":268,"osmWayId":643095706,"name":"Unnamed residential","highway":"residential","roadClass":"local","lengthM":50,"nearSensitive":false,"busRoute":false}},{"type":"Feature","id":269,"geometry":{"type":"LineString","coordinates":[[76.58609661719859,30.764714668387196],[76.5860727,30.7643964],[76.58606418749778,30.76426587584452]]},"properties":{"id":269,"osmWayId":643095706,"name":"Unnamed residential","highway":"residential","roadClass":"local","lengthM":50,"nearSensitive":false,"busRoute":false}},{"type":"Feature","id":270,"geometry":{"type":"LineString","coordinates":[[76.58606418749778,30.76426587584452],[76.58603490775357,30.763816920081464]]},"properties":{"id":270,"osmWayId":643095706,"name":"Unnamed residential","highway":"residential","roadClass":"local","lengthM":50,"nearSensitive":false,"busRoute":false}},{"type":"Feature","id":271,"geometry":{"type":"LineString","coordinates":[[76.58603490775357,30.763816920081464],[76.586022,30.763619],[76.58600333228488,30.763368082654356]]},"properties":{"id":271,"osmWayId":643095706,"name":"Unnamed residential","highway":"residential","roadClass":"local","lengthM":50,"nearSensitive":false,"busRoute":false}},{"type":"Feature","id":272,"geometry":{"type":"LineString","coordinates":[[76.58600333228488,30.763368082654356],[76.5859905,30.7631956],[76.5859685,30.7631457],[76.585926,30.7631237],[76.5858614,30.7631214],[76.5857159370755,30.76312973595515]]},"properties":{"id":272,"osmWayId":643095706,"name":"Unnamed residential","highway":"residential","roadClass":"local","lengthM":50,"nearSensitive":false,"busRoute":false}},{"type":"Feature","id":273,"geometry":{"type":"LineString","coordinates":[[76.5857159370755,30.76312973595515],[76.58519380355604,30.763159656193633]]},"properties":{"id":273,"osmWayId":643095706,"name":"Unnamed residential","highway":"residential","roadClass":"local","lengthM":50,"nearSensitive":false,"busRoute":false}},{"type":"Feature","id":274,"geometry":{"type":"LineString","coordinates":[[76.58519380355604,30.763159656193633],[76.58467166971198,30.76318957434081]]},"properties":{"id":274,"osmWayId":643095706,"name":"Unnamed residential","highway":"residential","roadClass":"local","lengthM":50,"nearSensitive":false,"busRoute":false}},{"type":"Feature","id":275,"geometry":{"type":"LineString","coordinates":[[76.58467166971198,30.76318957434081],[76.5842506,30.7632137],[76.58414965060905,30.7632208198496]]},"properties":{"id":275,"osmWayId":643095706,"name":"Unnamed residential","highway":"residential","roadClass":"local","lengthM":50,"nearSensitive":false,"busRoute":false}},{"type":"Feature","id":276,"geometry":{"type":"LineString","coordinates":[[76.58414965060905,30.7632208198496],[76.58362811054114,30.76325760223543]]},"properties":{"id":276,"osmWayId":643095706,"name":"Unnamed residential","highway":"residential","roadClass":"local","lengthM":50,"nearSensitive":false,"busRoute":false}},{"type":"Feature","id":277,"geometry":{"type":"LineString","coordinates":[[76.58362811054114,30.76325760223543],[76.58310657007468,30.763294382534696]]},"properties":{"id":277,"osmWayId":643095706,"name":"Unnamed residential","highway":"residential","roadClass":"local","lengthM":50,"nearSensitive":false,"busRoute":false}},{"type":"Feature","id":278,"geometry":{"type":"LineString","coordinates":[[76.58310657007468,30.763294382534696],[76.582861,30.7633117],[76.58258460227265,30.76332600346952]]},"properties":{"id":278,"osmWayId":643095706,"name":"Unnamed residential","highway":"residential","roadClass":"local","lengthM":50,"nearSensitive":false,"busRoute":false}},{"type":"Feature","id":279,"geometry":{"type":"LineString","coordinates":[[76.58258460227265,30.76332600346952],[76.58206225424641,30.763353033154683]]},"properties":{"id":279,"osmWayId":643095706,"name":"Unnamed residential","highway":"residential","roadClass":"local","lengthM":50,"nearSensitive":false,"busRoute":false}},{"type":"Feature","id":280,"geometry":{"type":"LineString","coordinates":[[76.58206225424641,30.763353033154683],[76.5816841,30.7633726],[76.58153992447042,30.763380320826986]]},"properties":{"id":280,"osmWayId":643095706,"name":"Unnamed residential","highway":"residential","roadClass":"local","lengthM":50,"nearSensitive":false,"busRoute":false}},{"type":"Feature","id":281,"geometry":{"type":"LineString","coordinates":[[76.58153992447042,30.763380320826986],[76.58101764302579,30.76340828847661]]},"properties":{"id":281,"osmWayId":643095706,"name":"Unnamed residential","highway":"residential","roadClass":"local","lengthM":50,"nearSensitive":false,"busRoute":false}},{"type":"Feature","id":282,"geometry":{"type":"LineString","coordinates":[[76.58101764302579,30.76340828847661],[76.5805524,30.7634332],[76.58049529685246,30.763435174179]]},"properties":{"id":282,"osmWayId":643095706,"name":"Unnamed residential","highway":"residential","roadClass":"local","lengthM":50,"nearSensitive":false,"busRoute":false}},{"type":"Feature","id":283,"geometry":{"type":"LineString","coordinates":[[76.58049529685246,30.763435174179],[76.5799724249431,30.76345324982194]]},"properties":{"id":283,"osmWayId":643095706,"name":"Unnamed residential","highway":"residential","roadClass":"local","lengthM":50,"nearSensitive":false,"busRoute":false}},{"type":"Feature","id":284,"geometry":{"type":"LineString","coordinates":[[76.5799724249431,30.76345324982194],[76.5795891,30.7634665],[76.57944982299466,30.763475381690853]]},"properties":{"id":284,"osmWayId":643095706,"name":"Unnamed residential","highway":"residential","roadClass":"local","lengthM":50,"nearSensitive":false,"busRoute":false}},{"type":"Feature","id":285,"geometry":{"type":"LineString","coordinates":[[76.57944982299466,30.763475381690853],[76.5791359,30.7634954]]},"properties":{"id":285,"osmWayId":643095706,"name":"Unnamed residential","highway":"residential","roadClass":"local","lengthM":30.1,"nearSensitive":false,"busRoute":false}},{"type":"Feature","id":286,"geometry":{"type":"LineString","coordinates":[[76.5828285,30.7675715],[76.5827798,30.7676815],[76.58259220744395,30.767971710629944]]},"properties":{"id":286,"osmWayId":643095707,"name":"Unnamed unclassified","highway":"unclassified","roadClass":"local","lengthM":50,"nearSensitive":false,"busRoute":false}},{"type":"Feature","id":287,"geometry":{"type":"LineString","coordinates":[[76.58259220744395,30.767971710629944],[76.5824959,30.7681207],[76.58233879006676,30.768365131607244]]},"properties":{"id":287,"osmWayId":643095707,"name":"Unnamed unclassified","highway":"unclassified","roadClass":"local","lengthM":50,"nearSensitive":false,"busRoute":false}},{"type":"Feature","id":288,"geometry":{"type":"LineString","coordinates":[[76.58233879006676,30.768365131607244],[76.5822665,30.7684776],[76.5822488,30.7685331],[76.5822559,30.7685863],[76.5822886,30.7686418],[76.5823689,30.7687139],[76.58240759546449,30.768748634458365]]},"properties":{"id":288,"osmWayId":643095707,"name":"Unnamed unclassified","highway":"unclassified","roadClass":"local","lengthM":50,"nearSensitive":false,"busRoute":false}},{"type":"Feature","id":289,"geometry":{"type":"LineString","coordinates":[[76.58240759546449,30.768748634458365],[76.5825887,30.7689112],[76.58275911550996,30.76908153390759]]},"properties":{"id":289,"osmWayId":643095707,"name":"Unnamed unclassified","highway":"unclassified","roadClass":"local","lengthM":50,"nearSensitive":false,"busRoute":false}},{"type":"Feature","id":290,"geometry":{"type":"LineString","coordinates":[[76.58275911550996,30.76908153390759],[76.5827973,30.7691197],[76.58310288019099,30.76942057235903]]},"properties":{"id":290,"osmWayId":643095707,"name":"Unnamed unclassified","highway":"unclassified","roadClass":"local","lengthM":50,"nearSensitive":false,"busRoute":false}},{"type":"Feature","id":291,"geometry":{"type":"LineString","coordinates":[[76.58310288019099,30.76942057235903],[76.5831997,30.7695159],[76.5833987,30.7696946],[76.58347350423035,30.769734801390225]]},"properties":{"id":291,"osmWayId":643095707,"name":"Unnamed unclassified","highway":"unclassified","roadClass":"local","lengthM":50,"nearSensitive":false,"busRoute":false}},{"type":"Feature","id":292,"geometry":{"type":"LineString","coordinates":[[76.58347350423035,30.769734801390225],[76.5835096,30.7697542],[76.5836498,30.769782],[76.5839277,30.7698147]]},"properties":{"id":292,"osmWayId":643095707,"name":"Unnamed unclassified","highway":"unclassified","roadClass":"local","lengthM":44.6,"nearSensitive":false,"busRoute":false}},{"type":"Feature","id":293,"geometry":{"type":"LineString","coordinates":[[76.5865602,30.77027],[76.58615009055423,30.769990670923146]]},"properties":{"id":293,"osmWayId":666600872,"name":"Unnamed unclassified","highway":"unclassified","roadClass":"local","lengthM":50,"nearSensitive":false,"busRoute":false}},{"type":"Feature","id":294,"geometry":{"type":"LineString","coordinates":[[76.58615009055423,30.769990670923146],[76.5861309,30.7699776],[76.58573136474695,30.76972095928318]]},"properties":{"id":294,"osmWayId":666600872,"name":"Unnamed unclassified","highway":"unclassified","roadClass":"local","lengthM":50,"nearSensitive":false,"busRoute":false}},{"type":"Feature","id":295,"geometry":{"type":"LineString","coordinates":[[76.58573136474695,30.76972095928318],[76.5855113,30.7695796],[76.58531036502329,30.76945387650173]]},"properties":{"id":295,"osmWayId":666600872,"name":"Unnamed unclassified","highway":"unclassified","roadClass":"local","lengthM":50,"nearSensitive":false,"busRoute":false}},{"type":"Feature","id":296,"geometry":{"type":"LineString","coordinates":[[76.58531036502329,30.76945387650173],[76.5849361,30.7692197]]},"properties":{"id":296,"osmWayId":666600872,"name":"Unnamed unclassified","highway":"unclassified","roadClass":"local","lengthM":44.2,"nearSensitive":false,"busRoute":false}},{"type":"Feature","id":297,"geometry":{"type":"LineString","coordinates":[[76.5607509,30.7763977],[76.5606031,30.7763391],[76.560454,30.7762795],[76.5603549,30.7762434],[76.56027238819999,30.77621590637173]]},"properties":{"id":297,"osmWayId":757252635,"name":"Unnamed residential","highway":"residential","roadClass":"local","lengthM":50,"nearSensitive":false,"busRoute":false}},{"type":"Feature","id":298,"geometry":{"type":"LineString","coordinates":[[76.56027238819999,30.77621590637173],[76.560086,30.7761538],[76.5598805,30.776066],[76.55979828325877,30.776026951395206]]},"properties":{"id":298,"osmWayId":757252635,"name":"Unnamed residential","highway":"residential","roadClass":"local","lengthM":50,"nearSensitive":false,"busRoute":false}},{"type":"Feature","id":299,"geometry":{"type":"LineString","coordinates":[[76.55979828325877,30.776026951395206],[76.5595392,30.7759039],[76.55935,30.7758087],[76.5593440052312,30.77580405778537]]},"properties":{"id":299,"osmWayId":757252635,"name":"Unnamed residential","highway":"residential","roadClass":"local","lengthM":50,"nearSensitive":false,"busRoute":false}},{"type":"Feature","id":300,"geometry":{"type":"LineString","coordinates":[[76.5593440052312,30.77580405778537],[76.5592454,30.7757277],[76.5591617,30.7756341],[76.5591124,30.7755643],[76.5590629,30.7754916],[76.5590311901995,30.775447661690453]]},"properties":{"id":300,"osmWayId":757252635,"name":"Unnamed residential","highway":"residential","roadClass":"local","lengthM":50,"nearSensitive":false,"busRoute":false}},{"type":"Feature","id":301,"geometry":{"type":"LineString","coordinates":[[76.5590311901995,30.775447661690453],[76.5590253,30.7754395],[76.5589359,30.7753984],[76.558831,30.7753637],[76.5586254,30.7752973],[76.55855030909589,30.775276951532806]]},"properties":{"id":301,"osmWayId":757252635,"name":"Unnamed residential","highway":"residential","roadClass":"local","lengthM":50,"nearSensitive":false,"busRoute":false}},{"type":"Feature","id":302,"geometry":{"type":"LineString","coordinates":[[76.55855030909589,30.775276951532806],[76.5584741,30.7752563],[76.5583375,30.7752165],[76.5581683,30.7751543],[76.55806660922121,30.775107845163227]]},"properties":{"id":302,"osmWayId":757252635,"name":"Unnamed residential","highway":"residential","roadClass":"local","lengthM":50,"nearSensitive":false,"busRoute":false}},{"type":"Feature","id":303,"geometry":{"type":"LineString","coordinates":[[76.55806660922121,30.775107845163227],[76.5580606,30.7751051],[76.5578967,30.775043],[76.557722,30.7749663],[76.5576299,30.7749273],[76.55759530777621,30.77491266768215]]},"properties":{"id":303,"osmWayId":757252635,"name":"Unnamed residential","highway":"residential","roadClass":"local","lengthM":50,"nearSensitive":false,"busRoute":false}},{"type":"Feature","id":304,"geometry":{"type":"LineString","coordinates":[[76.55759530777621,30.77491266768215],[76.557489,30.7748677],[76.5572293,30.7747577],[76.5571475,30.7747175],[76.55712919080776,30.774708516183058]]},"properties":{"id":304,"osmWayId":757252635,"name":"Unnamed residential","highway":"residential","roadClass":"local","lengthM":50,"nearSensitive":false,"busRoute":false}},{"type":"Feature","id":305,"geometry":{"type":"LineString","coordinates":[[76.55712919080776,30.774708516183058],[76.5570242,30.774657],[76.5569731,30.7746249],[76.5568649,30.774557],[76.5568311,30.7745358],[76.55671222280263,30.77443958924463]]},"properties":{"id":305,"osmWayId":757252635,"name":"Unnamed residential","highway":"residential","roadClass":"local","lengthM":50,"nearSensitive":false,"busRoute":false}},{"type":"Feature","id":306,"geometry":{"type":"LineString","coordinates":[[76.55671222280263,30.77443958924463],[76.5567089,30.7744369],[76.5565891,30.77434],[76.5564099,30.7741667],[76.55636885585155,30.77410329042455]]},"properties":{"id":306,"osmWayId":757252635,"name":"Unnamed residential","highway":"residential","roadClass":"local","lengthM":50,"nearSensitive":false,"busRoute":false}},{"type":"Feature","id":307,"geometry":{"type":"LineString","coordinates":[[76.55636885585155,30.77410329042455],[76.5562073,30.7738537],[76.55613554586482,30.77370165565518]]},"properties":{"id":307,"osmWayId":757252635,"name":"Unnamed residential","highway":"residential","roadClass":"local","lengthM":50,"nearSensitive":false,"busRoute":false}},{"type":"Feature","id":308,"geometry":{"type":"LineString","coordinates":[[76.55613554586482,30.77370165565518],[76.5561224,30.7736738],[76.5560589,30.7735725],[76.5560334,30.7735267],[76.555974,30.7734199],[76.55588274431672,30.77330950559975]]},"properties":{"id":308,"osmWayId":757252635,"name":"Unnamed residential","highway":"residential","roadClass":"local","lengthM":50,"nearSensitive":false,"busRoute":false}},{"type":"Feature","id":309,"geometry":{"type":"LineString","coordinates":[[76.55588274431672,30.77330950559975],[76.5558753,30.7733005],[76.5557646,30.773223],[76.5556354,30.7731517],[76.5554494,30.7730766],[76.55544159374186,30.77307344323835]]},"properties":{"id":309,"osmWayId":757252635,"name":"Unnamed residential","highway":"residential","roadClass":"local","lengthM":50,"nearSensitive":false,"busRoute":false}},{"type":"Feature","id":310,"geometry":{"type":"LineString","coordinates":[[76.55544159374186,30.77307344323835],[76.5554175,30.7730637],[76.555237,30.772987],[76.555112,30.7729318],[76.55498066988486,30.77286138091224]]},"properties":{"id":310,"osmWayId":757252635,"name":"Unnamed residential","highway":"residential","roadClass":"local","lengthM":50,"nearSensitive":false,"busRoute":false}},{"type":"Feature","id":311,"geometry":{"type":"LineString","coordinates":[[76.55498066988486,30.77286138091224],[76.5549794,30.7728607],[76.5550303,30.7728209],[76.5552876,30.7726153],[76.555367943569,30.772561794071404]]},"properties":{"id":311,"osmWayId":757252635,"name":"Unnamed residential","highway":"residential","roadClass":"local","lengthM":50,"nearSensitive":false,"busRoute":false}},{"type":"Feature","id":312,"geometry":{"type":"LineString","coordinates":[[76.555367943569,30.772561794071404],[76.5553825,30.7725521],[76.5553974,30.7725395],[76.5554363,30.7725065],[76.5554792,30.7724485],[76.5555829,30.7722932],[76.5556553,30.7722148],[76.55567341518532,30.77220061704454]]},"properties":{"id":312,"osmWayId":757252635,"name":"Unnamed residential","highway":"residential","roadClass":"local","lengthM":50,"nearSensitive":false,"busRoute":false}},{"type":"Feature","id":313,"geometry":{"type":"LineString","coordinates":[[76.55567341518532,30.77220061704454],[76.555776,30.7721203],[76.5558726,30.7720558],[76.5559235,30.7720281],[76.5560233,30.7719739],[76.55609478644074,30.7719361639948]]},"properties":{"id":313,"osmWayId":757252635,"name":"Unnamed residential","highway":"residential","roadClass":"local","lengthM":50,"nearSensitive":false,"busRoute":false}},{"type":"Feature","id":314,"geometry":{"type":"LineString","coordinates":[[76.55609478644074,30.7719361639948],[76.5562188,30.7718707],[76.5562924,30.7718235],[76.5564439,30.7717263],[76.55651807256423,30.771672758622643]]},"properties":{"id":314,"osmWayId":757252635,"name":"Unnamed residential","highway":"residential","roadClass":"local","lengthM":50,"nearSensitive":false,"busRoute":false}},{"type":"Feature","id":315,"geometry":{"type":"LineString","coordinates":[[76.55651807256423,30.771672758622643],[76.556578,30.7716295],[76.5567256,30.7714985],[76.5568274,30.771369],[76.55684759760945,30.771328775982614]]},"properties":{"id":315,"osmWayId":757252635,"name":"Unnamed residential","highway":"residential","roadClass":"local","lengthM":50,"nearSensitive":false,"busRoute":false}},{"type":"Feature","id":316,"geometry":{"type":"LineString","coordinates":[[76.55684759760945,30.771328775982614],[76.5568864,30.7712515],[76.5569006,30.7711956],[76.5569186,30.7711248],[76.5569696,30.7709726],[76.55700742551966,30.770902320161465]]},"properties":{"id":316,"osmWayId":757252635,"name":"Unnamed residential","highway":"residential","roadClass":"local","lengthM":50,"nearSensitive":false,"busRoute":false}},{"type":"Feature","id":317,"geometry":{"type":"LineString","coordinates":[[76.55700742551966,30.770902320161465],[76.5570527,30.7708182],[76.5571037,30.770703],[76.5571946,30.770568],[76.55724183088998,30.770501666224444]]},"properties":{"id":317,"osmWayId":757252635,"name":"Unnamed residential","highway":"residential","roadClass":"local","lengthM":50,"nearSensitive":false,"busRoute":false}},{"type":"Feature","id":318,"geometry":{"type":"LineString","coordinates":[[76.55724183088998,30.770501666224444],[76.5572888,30.7704357],[76.5574148,30.7702928],[76.557468,30.7702257]]},"properties":{"id":318,"osmWayId":757252635,"name":"Unnamed residential","highway":"residential","roadClass":"local","lengthM":37.6,"nearSensitive":false,"busRoute":false}},{"type":"Feature","id":319,"geometry":{"type":"LineString","coordinates":[[76.5618057,30.7699472],[76.56177989121544,30.769498086965378]]},"properties":{"id":319,"osmWayId":758308727,"name":"Unnamed residential","highway":"residential","roadClass":"local","lengthM":50,"nearSensitive":false,"busRoute":false}},{"type":"Feature","id":320,"geometry":{"type":"LineString","coordinates":[[76.56177989121544,30.769498086965378],[76.56175408267178,30.769048973925646]]},"properties":{"id":320,"osmWayId":758308727,"name":"Unnamed residential","highway":"residential","roadClass":"local","lengthM":50,"nearSensitive":false,"busRoute":false}},{"type":"Feature","id":321,"geometry":{"type":"LineString","coordinates":[[76.56175408267178,30.769048973925646],[76.56172827436899,30.7685998608808]]},"properties":{"id":321,"osmWayId":758308727,"name":"Unnamed residential","highway":"residential","roadClass":"local","lengthM":50,"nearSensitive":false,"busRoute":false}},{"type":"Feature","id":322,"geometry":{"type":"LineString","coordinates":[[76.56172827436899,30.7685998608808],[76.5617248,30.7685394]]},"properties":{"id":322,"osmWayId":758308727,"name":"Unnamed residential","highway":"residential","roadClass":"local","lengthM":6.7,"nearSensitive":false,"busRoute":false}},{"type":"Feature","id":323,"geometry":{"type":"LineString","coordinates":[[76.5590253,30.7754395],[76.5591156,30.7752876],[76.5592353,30.7751224],[76.55928538466283,30.775049681365513]]},"properties":{"id":323,"osmWayId":758308728,"name":"Unnamed residential","highway":"residential","roadClass":"local","lengthM":50,"nearSensitive":false,"busRoute":false}},{"type":"Feature","id":324,"geometry":{"type":"LineString","coordinates":[[76.55928538466283,30.775049681365513],[76.5593944,30.7748914],[76.55955101519136,30.774662245202823]]},"properties":{"id":324,"osmWayId":758308728,"name":"Unnamed residential","highway":"residential","roadClass":"local","lengthM":50,"nearSensitive":false,"busRoute":false}},{"type":"Feature","id":325,"geometry":{"type":"LineString","coordinates":[[76.55955101519136,30.774662245202823],[76.5595546,30.774657],[76.55982614930186,30.774279738044722]]},"properties":{"id":325,"osmWayId":758308728,"name":"Unnamed residential","highway":"residential","roadClass":"local","lengthM":50,"nearSensitive":false,"busRoute":false}},{"type":"Feature","id":326,"geometry":{"type":"LineString","coordinates":[[76.55982614930186,30.774279738044722],[76.5598554,30.7742391],[76.5600731,30.7739385],[76.5601102,30.7739159],[76.56012033965085,30.77391497594436]]},"properties":{"id":326,"osmWayId":758308728,"name":"Unnamed residential","highway":"residential","roadClass":"local","lengthM":50,"nearSensitive":false,"busRoute":false}},{"type":"Feature","id":327,"geometry":{"type":"LineString","coordinates":[[76.56012033965085,30.77391497594436],[76.5601508,30.7739122],[76.56021,30.7739233],[76.5602751,30.7739355],[76.5603604,30.7739255],[76.5604409,30.7738793],[76.5605496,30.7737551],[76.56055049022238,30.773753819774065]]},"properties":{"id":327,"osmWayId":758308728,"name":"Unnamed residential","highway":"residential","roadClass":"local","lengthM":50,"nearSensitive":false,"busRoute":false}},{"type":"Feature","id":328,"geometry":{"type":"LineString","coordinates":[[76.56055049022238,30.773753819774065],[76.560716,30.7735158],[76.56080299212043,30.773360450041313]]},"properties":{"id":328,"osmWayId":758308728,"name":"Unnamed residential","highway":"residential","roadClass":"local","lengthM":50,"nearSensitive":false,"busRoute":false}},{"type":"Feature","id":329,"geometry":{"type":"LineString","coordinates":[[76.56080299212043,30.773360450041313],[76.5608061,30.7733549],[76.5608554,30.7732203],[76.5608999,30.7730461],[76.5609199876108,30.772923259746516]]},"properties":{"id":329,"osmWayId":758308728,"name":"Unnamed residential","highway":"residential","roadClass":"local","lengthM":50,"nearSensitive":false,"busRoute":false}},{"type":"Feature","id":330,"geometry":{"type":"LineString","coordinates":[[76.5609199876108,30.772923259746516],[76.5609242,30.7728975],[76.5609336,30.7726829],[76.56094266095388,30.77247414962934]]},"properties":{"id":330,"osmWayId":758308728,"name":"Unnamed residential","highway":"residential","roadClass":"local","lengthM":50,"nearSensitive":false,"busRoute":false}},{"type":"Feature","id":331,"geometry":{"type":"LineString","coordinates":[[76.56094266095388,30.77247414962934],[76.560944,30.7724433],[76.5609707,30.7722527],[76.5610044,30.7721373],[76.5610009,30.77208],[76.56099223764579,30.772030094510963]]},"properties":{"id":331,"osmWayId":758308728,"name":"Unnamed residential","highway":"residential","roadClass":"local","lengthM":50,"nearSensitive":false,"busRoute":false}},{"type":"Feature","id":332,"geometry":{"type":"LineString","coordinates":[[76.56099223764579,30.772030094510963],[76.5609875,30.7720028],[76.5609628,30.7719313],[76.5609301,30.7718169],[76.5609056,30.7717039],[76.56090198098637,30.77158920516613]]},"properties":{"id":332,"osmWayId":758308728,"name":"Unnamed residential","highway":"residential","roadClass":"local","lengthM":50,"nearSensitive":false,"busRoute":false}},{"type":"Feature","id":333,"geometry":{"type":"LineString","coordinates":[[76.56090198098637,30.77158920516613],[76.5609004,30.7715391],[76.5609075,30.7714562],[76.5609383,30.7713876],[76.5609978,30.7713063],[76.5610562,30.771205],[76.56106439001907,30.771171940300487]]},"properties":{"id":333,"osmWayId":758308728,"name":"Unnamed residential","highway":"residential","roadClass":"local","lengthM":50,"nearSensitive":false,"busRoute":false}},{"type":"Feature","id":334,"geometry":{"type":"LineString","coordinates":[[76.56106439001907,30.771171940300487],[76.5610726,30.7711388],[76.5610726,30.7710746],[76.5610455,30.7709976],[76.5609869,30.7709319],[76.5608901,30.7708528],[76.56082052201721,30.77080990606921]]},"properties":{"id":334,"osmWayId":758308728,"name":"Unnamed residential","highway":"residential","roadClass":"local","lengthM":50,"nearSensitive":false,"busRoute":false}},{"type":"Feature","id":335,"geometry":{"type":"LineString","coordinates":[[76.56082052201721,30.77080990606921],[76.5607785,30.770784],[76.5606709,30.7707438]]},"properties":{"id":335,"osmWayId":758308728,"name":"Unnamed residential","highway":"residential","roadClass":"local","lengthM":16.2,"nearSensitive":false,"busRoute":false}},{"type":"Feature","id":336,"geometry":{"type":"LineString","coordinates":[[76.5598554,30.7742391],[76.5597265,30.7741672],[76.5595861,30.7740802],[76.5594532,30.7739995],[76.5594245112961,30.77398410309349]]},"properties":{"id":336,"osmWayId":758682193,"name":"Unnamed residential","highway":"residential","roadClass":"local","lengthM":50,"nearSensitive":false,"busRoute":false}},{"type":"Feature","id":337,"geometry":{"type":"LineString","coordinates":[[76.5594245112961,30.77398410309349],[76.559336,30.7739366],[76.5592389,30.7738836],[76.5591725,30.7738239],[76.5591593,30.7737899],[76.5591605,30.77375],[76.5591856,30.7737081],[76.55922403591654,30.773663245480712]]},"properties":{"id":337,"osmWayId":758682193,"name":"Unnamed residential","highway":"residential","roadClass":"local","lengthM":50,"nearSensitive":false,"busRoute":false}},{"type":"Feature","id":338,"geometry":{"type":"LineString","coordinates":[[76.55922403591654,30.773663245480712],[76.5592868,30.77359],[76.5594502,30.7733915],[76.55953381038624,30.77330096467798]]},"properties":{"id":338,"osmWayId":758682193,"name":"Unnamed residential","highway":"residential","roadClass":"local","lengthM":50,"nearSensitive":false,"busRoute":false}},{"type":"Feature","id":339,"geometry":{"type":"LineString","coordinates":[[76.55953381038624,30.77330096467798],[76.5597134,30.7731065],[76.55986171500396,30.772950523344825]]},"properties":{"id":339,"osmWayId":758682193,"name":"Unnamed residential","highway":"residential","roadClass":"local","lengthM":50,"nearSensitive":false,"busRoute":false}},{"type":"Feature","id":340,"geometry":{"type":"LineString","coordinates":[[76.55986171500396,30.772950523344825],[76.5598973,30.7729131],[76.5600736,30.7727368],[76.5601828,30.7726342],[76.56020564364395,30.772611689379243]]},"properties":{"id":340,"osmWayId":758682193,"name":"Unnamed residential","highway":"residential","roadClass":"local","lengthM":50,"nearSensitive":false,"busRoute":false}},{"type":"Feature","id":341,"geometry":{"type":"LineString","coordinates":[[76.56020564364395,30.772611689379243],[76.5602857,30.7725328],[76.5603886,30.7724547],[76.5604922,30.7723763],[76.56059380274108,30.772312020743744]]},"properties":{"id":341,"osmWayId":758682193,"name":"Unnamed residential","highway":"residential","roadClass":"local","lengthM":50,"nearSensitive":false,"busRoute":false}},{"type":"Feature","id":342,"geometry":{"type":"LineString","coordinates":[[76.56059380274108,30.772312020743744],[76.5606294,30.7722895],[76.5607626,30.7722199],[76.5608278,30.7722058],[76.5608785,30.7722138],[76.5609707,30.7722527]]},"properties":{"id":342,"osmWayId":758682193,"name":"Unnamed residential","highway":"residential","roadClass":"local","lengthM":40.3,"nearSensitive":false,"busRoute":false}},{"type":"Feature","id":343,"geometry":{"type":"LineString","coordinates":[[76.5890376,30.7692544],[76.58858843195749,30.769485147512746]]},"properties":{"id":343,"osmWayId":1000892404,"name":"Ludhiana - Chandigarh Highway","highway":"trunk","roadClass":"arterial","lengthM":50,"nearSensitive":false,"busRoute":true}},{"type":"Feature","id":344,"geometry":{"type":"LineString","coordinates":[[76.58858843195749,30.769485147512746],[76.5883853,30.7695895],[76.58813716127429,30.769712824646234]]},"properties":{"id":344,"osmWayId":1000892404,"name":"Ludhiana - Chandigarh Highway","highway":"trunk","roadClass":"arterial","lengthM":50,"nearSensitive":false,"busRoute":true}},{"type":"Feature","id":345,"geometry":{"type":"LineString","coordinates":[[76.58813716127429,30.769712824646234],[76.5876841542739,30.76993796654323]]},"properties":{"id":345,"osmWayId":1000892404,"name":"Ludhiana - Chandigarh Highway","highway":"trunk","roadClass":"arterial","lengthM":50,"nearSensitive":false,"busRoute":true}},{"type":"Feature","id":346,"geometry":{"type":"LineString","coordinates":[[76.5876841542739,30.76993796654323],[76.5873873,30.7700855],[76.58722725544605,30.7701570178872]]},"properties":{"id":346,"osmWayId":1000892404,"name":"Ludhiana - Chandigarh Highway","highway":"trunk","roadClass":"arterial","lengthM":50,"nearSensitive":false,"busRoute":true}},{"type":"Feature","id":347,"geometry":{"type":"LineString","coordinates":[[76.58722725544605,30.7701570178872],[76.5870655,30.7702293],[76.58674108372577,30.77031958381356]]},"properties":{"id":347,"osmWayId":1000892404,"name":"Ludhiana - Chandigarh Highway","highway":"trunk","roadClass":"arterial","lengthM":50,"nearSensitive":false,"busRoute":true}},{"type":"Feature","id":348,"geometry":{"type":"LineString","coordinates":[[76.58674108372577,30.77031958381356],[76.5866149,30.7703547],[76.5862393601714,30.770447291764405]]},"properties":{"id":348,"osmWayId":1000892404,"name":"Ludhiana - Chandigarh Highway","highway":"trunk","roadClass":"arterial","lengthM":50,"nearSensitive":false,"busRoute":true}},{"type":"Feature","id":349,"geometry":{"type":"LineString","coordinates":[[76.5862393601714,30.770447291764405],[76.5861213,30.7704764],[76.58573899970573,30.770578981757083]]},"properties":{"id":349,"osmWayId":1000892404,"name":"Ludhiana - Chandigarh Highway","highway":"trunk","roadClass":"arterial","lengthM":50,"nearSensitive":false,"busRoute":true}},{"type":"Feature","id":350,"geometry":{"type":"LineString","coordinates":[[76.58573899970573,30.770578981757083],[76.5852394575186,30.770713020741685]]},"properties":{"id":350,"osmWayId":1000892404,"name":"Ludhiana - Chandigarh Highway","highway":"trunk","roadClass":"arterial","lengthM":50,"nearSensitive":false,"busRoute":true}},{"type":"Feature","id":351,"geometry":{"type":"LineString","coordinates":[[76.5852394575186,30.770713020741685],[76.58473991393977,30.77084705781177]]},"properties":{"id":351,"osmWayId":1000892404,"name":"Ludhiana - Chandigarh Highway","highway":"trunk","roadClass":"arterial","lengthM":50,"nearSensitive":false,"busRoute":true}},{"type":"Feature","id":352,"geometry":{"type":"LineString","coordinates":[[76.58473991393977,30.77084705781177],[76.5845549,30.7708967],[76.58424069771796,30.770981992250803]]},"properties":{"id":352,"osmWayId":1000892404,"name":"Ludhiana - Chandigarh Highway","highway":"trunk","roadClass":"arterial","lengthM":50,"nearSensitive":false,"busRoute":true}},{"type":"Feature","id":353,"geometry":{"type":"LineString","coordinates":[[76.58424069771796,30.770981992250803],[76.58374167347091,30.771117453757242]]},"properties":{"id":353,"osmWayId":1000892404,"name":"Ludhiana - Chandigarh Highway","highway":"trunk","roadClass":"arterial","lengthM":50,"nearSensitive":false,"busRoute":true}},{"type":"Feature","id":354,"geometry":{"type":"LineString","coordinates":[[76.58374167347091,30.771117453757242],[76.58324264781886,30.7712529133531]]},"properties":{"id":354,"osmWayId":1000892404,"name":"Ludhiana - Chandigarh Highway","highway":"trunk","roadClass":"arterial","lengthM":50,"nearSensitive":false,"busRoute":true}},{"type":"Feature","id":355,"geometry":{"type":"LineString","coordinates":[[76.58324264781886,30.7712529133531],[76.5827436207618,30.771388371038366]]},"properties":{"id":355,"osmWayId":1000892404,"name":"Ludhiana - Chandigarh Highway","highway":"trunk","roadClass":"arterial","lengthM":50,"nearSensitive":false,"busRoute":true}},{"type":"Feature","id":356,"geometry":{"type":"LineString","coordinates":[[76.5827436207618,30.771388371038366],[76.5825851,30.7714314],[76.58224474063513,30.771524229289003]]},"properties":{"id":356,"osmWayId":1000892404,"name":"Ludhiana - Chandigarh Highway","highway":"trunk","roadClass":"arterial","lengthM":50,"nearSensitive":false,"busRoute":true}},{"type":"Feature","id":357,"geometry":{"type":"LineString","coordinates":[[76.58224474063513,30.771524229289003],[76.58174592815533,30.77166027300029]]},"properties":{"id":357,"osmWayId":1000892404,"name":"Ludhiana - Chandigarh Highway","highway":"trunk","roadClass":"arterial","lengthM":50,"nearSensitive":false,"busRoute":true}},{"type":"Feature","id":358,"geometry":{"type":"LineString","coordinates":[[76.58174592815533,30.77166027300029],[76.58124711426505,30.771796314802607]]},"properties":{"id":358,"osmWayId":1000892404,"name":"Ludhiana - Chandigarh Highway","highway":"trunk","roadClass":"arterial","lengthM":50,"nearSensitive":false,"busRoute":true}},{"type":"Feature","id":359,"geometry":{"type":"LineString","coordinates":[[76.58124711426505,30.771796314802607],[76.580787,30.7719218],[76.5807479406256,30.77193133051805]]},"properties":{"id":359,"osmWayId":1000892404,"name":"Ludhiana - Chandigarh Highway","highway":"trunk","roadClass":"arterial","lengthM":50,"nearSensitive":false,"busRoute":true}},{"type":"Feature","id":360,"geometry":{"type":"LineString","coordinates":[[76.5807479406256,30.77193133051805],[76.58024450536983,30.772054167899498]]},"properties":{"id":360,"osmWayId":1000892404,"name":"Ludhiana - Chandigarh Highway","highway":"trunk","roadClass":"arterial","lengthM":50,"nearSensitive":false,"busRoute":true}},{"type":"Feature","id":361,"geometry":{"type":"LineString","coordinates":[[76.58024450536983,30.772054167899498],[76.5799374,30.7721291],[76.57974044653399,30.77217507883322]]},"properties":{"id":361,"osmWayId":1000892404,"name":"Ludhiana - Chandigarh Highway","highway":"trunk","roadClass":"arterial","lengthM":50,"nearSensitive":false,"busRoute":true}},{"type":"Feature","id":362,"geometry":{"type":"LineString","coordinates":[[76.57974044653399,30.77217507883322],[76.5792354130382,30.77229297746143]]},"properties":{"id":362,"osmWayId":1000892404,"name":"Ludhiana - Chandigarh Highway","highway":"trunk","roadClass":"arterial","lengthM":50,"nearSensitive":true,"busRoute":true}},{"type":"Feature","id":363,"geometry":{"type":"LineString","coordinates":[[76.5792354130382,30.77229297746143],[76.57873037830478,30.772410874132728]]},"properties":{"id":363,"osmWayId":1000892404,"name":"Ludhiana - Chandigarh Highway","highway":"trunk","roadClass":"arterial","lengthM":50,"nearSensitive":true,"busRoute":true}},{"type":"Feature","id":364,"geometry":{"type":"LineString","coordinates":[[76.57873037830478,30.772410874132728],[76.5787217,30.7724129]]},"properties":{"id":364,"osmWayId":1000892404,"name":"Ludhiana - Chandigarh Highway","highway":"trunk","roadClass":"arterial","lengthM":0.9,"nearSensitive":true,"busRoute":true}},{"type":"Feature","id":365,"geometry":{"type":"LineString","coordinates":[[76.5661314,30.775244],[76.56562606432675,30.77536099024969]]},"properties":{"id":365,"osmWayId":1000892409,"name":"Ludhiana - Chandigarh Highway","highway":"trunk","roadClass":"arterial","lengthM":50,"nearSensitive":true,"busRoute":true}},{"type":"Feature","id":366,"geometry":{"type":"LineString","coordinates":[[76.56562606432675,30.77536099024969],[76.56512072742451,30.775477978539996]]},"properties":{"id":366,"osmWayId":1000892409,"name":"Ludhiana - Chandigarh Highway","highway":"trunk","roadClass":"arterial","lengthM":50,"nearSensitive":true,"busRoute":true}},{"type":"Feature","id":367,"geometry":{"type":"LineString","coordinates":[[76.56512072742451,30.775477978539996],[76.56461538929332,30.77559496487093]]},"properties":{"id":367,"osmWayId":1000892409,"name":"Ludhiana - Chandigarh Highway","highway":"trunk","roadClass":"arterial","lengthM":50,"nearSensitive":true,"busRoute":true}},{"type":"Feature","id":368,"geometry":{"type":"LineString","coordinates":[[76.56461538929332,30.77559496487093],[76.56411004993318,30.775711949242467]]},"properties":{"id":368,"osmWayId":1000892409,"name":"Ludhiana - Chandigarh Highway","highway":"trunk","roadClass":"arterial","lengthM":50,"nearSensitive":false,"busRoute":true}},{"type":"Feature","id":369,"geometry":{"type":"LineString","coordinates":[[76.56411004993318,30.775711949242467],[76.5637582,30.7757934],[76.5636049788689,30.77582978023668]]},"properties":{"id":369,"osmWayId":1000892409,"name":"Ludhiana - Chandigarh Highway","highway":"trunk","roadClass":"arterial","lengthM":50,"nearSensitive":false,"busRoute":true}},{"type":"Feature","id":370,"geometry":{"type":"LineString","coordinates":[[76.5636049788689,30.77582978023668],[76.56310052439629,30.77594955450128]]},"properties":{"id":370,"osmWayId":1000892409,"name":"Ludhiana - Chandigarh Highway","highway":"trunk","roadClass":"arterial","lengthM":50,"nearSensitive":false,"busRoute":true}},{"type":"Feature","id":371,"geometry":{"type":"LineString","coordinates":[[76.56310052439629,30.77594955450128],[76.56259606866759,30.77606932681332]]},"properties":{"id":371,"osmWayId":1000892409,"name":"Ludhiana - Chandigarh Highway","highway":"trunk","roadClass":"arterial","lengthM":50,"nearSensitive":false,"busRoute":true}},{"type":"Feature","id":372,"geometry":{"type":"LineString","coordinates":[[76.56259606866759,30.77606932681332],[76.56209161168289,30.776189097172786]]},"properties":{"id":372,"osmWayId":1000892409,"name":"Ludhiana - Chandigarh Highway","highway":"trunk","roadClass":"arterial","lengthM":50,"nearSensitive":false,"busRoute":true}},{"type":"Feature","id":373,"geometry":{"type":"LineString","coordinates":[[76.56209161168289,30.776189097172786],[76.56158715344213,30.776308865579665]]},"properties":{"id":373,"osmWayId":1000892409,"name":"Ludhiana - Chandigarh Highway","highway":"trunk","roadClass":"arterial","lengthM":50,"nearSensitive":false,"busRoute":true}},{"type":"Feature","id":374,"geometry":{"type":"LineString","coordinates":[[76.56158715344213,30.776308865579665],[76.56108269394535,30.776428632033948]]},"properties":{"id":374,"osmWayId":1000892409,"name":"Ludhiana - Chandigarh Highway","highway":"trunk","roadClass":"arterial","lengthM":50,"nearSensitive":false,"busRoute":true}},{"type":"Feature","id":375,"geometry":{"type":"LineString","coordinates":[[76.56108269394535,30.776428632033948],[76.5609472,30.7764608],[76.5606039,30.7765272],[76.56057352219023,30.776532071566727]]},"properties":{"id":375,"osmWayId":1000892409,"name":"Ludhiana - Chandigarh Highway","highway":"trunk","roadClass":"arterial","lengthM":50,"nearSensitive":false,"busRoute":true}},{"type":"Feature","id":376,"geometry":{"type":"LineString","coordinates":[[76.56057352219023,30.776532071566727],[76.56005904096949,30.776614575692914]]},"properties":{"id":376,"osmWayId":1000892409,"name":"Ludhiana - Chandigarh Highway","highway":"trunk","roadClass":"arterial","lengthM":50,"nearSensitive":false,"busRoute":true}},{"type":"Feature","id":377,"geometry":{"type":"LineString","coordinates":[[76.56005904096949,30.776614575692914],[76.55954455886635,30.77669707778811]]},"properties":{"id":377,"osmWayId":1000892409,"name":"Ludhiana - Chandigarh Highway","highway":"trunk","roadClass":"arterial","lengthM":50,"nearSensitive":false,"busRoute":true}},{"type":"Feature","id":378,"geometry":{"type":"LineString","coordinates":[[76.55954455886635,30.77669707778811],[76.55903007588078,30.776779577852317]]},"properties":{"id":378,"osmWayId":1000892409,"name":"Ludhiana - Chandigarh Highway","highway":"trunk","roadClass":"arterial","lengthM":50,"nearSensitive":false,"busRoute":true}},{"type":"Feature","id":379,"geometry":{"type":"LineString","coordinates":[[76.55903007588078,30.776779577852317],[76.55851559201284,30.776862075885543]]},"properties":{"id":379,"osmWayId":1000892409,"name":"Ludhiana - Chandigarh Highway","highway":"trunk","roadClass":"arterial","lengthM":50,"nearSensitive":false,"busRoute":true}},{"type":"Feature","id":380,"geometry":{"type":"LineString","coordinates":[[76.55851559201284,30.776862075885543],[76.5583508,30.7768885],[76.55800009378083,30.776939686627358]]},"properties":{"id":380,"osmWayId":1000892409,"name":"Ludhiana - Chandigarh Highway","highway":"trunk","roadClass":"arterial","lengthM":50,"nearSensitive":false,"busRoute":true}},{"type":"Feature","id":381,"geometry":{"type":"LineString","coordinates":[[76.55800009378083,30.776939686627358],[76.55748411712744,30.777014993156946]]},"properties":{"id":381,"osmWayId":1000892409,"name":"Ludhiana - Chandigarh Highway","highway":"trunk","roadClass":"arterial","lengthM":50,"nearSensitive":false,"busRoute":true}},{"type":"Feature","id":382,"geometry":{"type":"LineString","coordinates":[[76.55748411712744,30.777014993156946],[76.55696813966624,30.77709029764372]]},"properties":{"id":382,"osmWayId":1000892409,"name":"Ludhiana - Chandigarh Highway","highway":"trunk","roadClass":"arterial","lengthM":50,"nearSensitive":false,"busRoute":true}},{"type":"Feature","id":383,"geometry":{"type":"LineString","coordinates":[[76.55696813966624,30.77709029764372],[76.556557,30.7771503],[76.55645468692147,30.77717520533121]]},"properties":{"id":383,"osmWayId":1000892409,"name":"Ludhiana - Chandigarh Highway","highway":"trunk","roadClass":"arterial","lengthM":50,"nearSensitive":false,"busRoute":true}},{"type":"Feature","id":384,"geometry":{"type":"LineString","coordinates":[[76.55645468692147,30.77717520533121],[76.55595113729727,30.777297779408503]]},"properties":{"id":384,"osmWayId":1000892409,"name":"Ludhiana - Chandigarh Highway","highway":"trunk","roadClass":"arterial","lengthM":50,"nearSensitive":false,"busRoute":true}},{"type":"Feature","id":385,"geometry":{"type":"LineString","coordinates":[[76.55595113729727,30.777297779408503],[76.55544758638987,30.777420351540197]]},"properties":{"id":385,"osmWayId":1000892409,"name":"Ludhiana - Chandigarh Highway","highway":"trunk","roadClass":"arterial","lengthM":50,"nearSensitive":false,"busRoute":true}},{"type":"Feature","id":386,"geometry":{"type":"LineString","coordinates":[[76.55544758638987,30.777420351540197],[76.5552695,30.7774637],[76.55494735927235,30.7775523881762]]},"properties":{"id":386,"osmWayId":1000892409,"name":"Ludhiana - Chandigarh Highway","highway":"trunk","roadClass":"arterial","lengthM":50,"nearSensitive":false,"busRoute":true}},{"type":"Feature","id":387,"geometry":{"type":"LineString","coordinates":[[76.55494735927235,30.7775523881762],[76.55444895015299,30.777689602700015]]},"properties":{"id":387,"osmWayId":1000892409,"name":"Ludhiana - Chandigarh Highway","highway":"trunk","roadClass":"arterial","lengthM":50,"nearSensitive":false,"busRoute":true}},{"type":"Feature","id":388,"geometry":{"type":"LineString","coordinates":[[76.55444895015299,30.777689602700015],[76.5542717,30.7777384]]},"properties":{"id":388,"osmWayId":1000892409,"name":"Ludhiana - Chandigarh Highway","highway":"trunk","roadClass":"arterial","lengthM":17.8,"nearSensitive":false,"busRoute":true}},{"type":"Feature","id":389,"geometry":{"type":"LineString","coordinates":[[76.5543545,30.7778476],[76.55485164818438,30.777707047342187]]},"properties":{"id":389,"osmWayId":1000892410,"name":"Ludhiana-Chandigarh Highway","highway":"trunk","roadClass":"arterial","lengthM":50,"nearSensitive":false,"busRoute":true}},{"type":"Feature","id":390,"geometry":{"type":"LineString","coordinates":[[76.55485164818438,30.777707047342187],[76.5551415,30.7776251],[76.55534856260068,30.77756588968679]]},"properties":{"id":390,"osmWayId":1000892410,"name":"Ludhiana-Chandigarh Highway","highway":"trunk","roadClass":"arterial","lengthM":50,"nearSensitive":false,"busRoute":true}},{"type":"Feature","id":391,"geometry":{"type":"LineString","coordinates":[[76.55534856260068,30.77756588968679],[76.5556164,30.7774893],[76.5558480060944,30.777431779734776]]},"properties":{"id":391,"osmWayId":1000892410,"name":"Ludhiana-Chandigarh Highway","highway":"trunk","roadClass":"arterial","lengthM":50,"nearSensitive":false,"busRoute":true}},{"type":"Feature","id":392,"geometry":{"type":"LineString","coordinates":[[76.5558480060944,30.777431779734776],[76.5561636,30.7773534],[76.55635375738471,30.77731685888284]]},"properties":{"id":392,"osmWayId":1000892410,"name":"Ludhiana-Chandigarh Highway","highway":"trunk","roadClass":"arterial","lengthM":50,"nearSensitive":false,"busRoute":true}},{"type":"Feature","id":393,"geometry":{"type":"LineString","coordinates":[[76.55635375738471,30.77731685888284],[76.5567532,30.7772401],[76.55686564627311,30.777223683903227]]},"properties":{"id":393,"osmWayId":1000892410,"name":"Ludhiana-Chandigarh Highway","highway":"trunk","roadClass":"arterial","lengthM":50,"nearSensitive":false,"busRoute":true}},{"type":"Feature","id":394,"geometry":{"type":"LineString","coordinates":[[76.55686564627311,30.777223683903227],[76.55738161968641,30.77714835532886]]},"properties":{"id":394,"osmWayId":1000892410,"name":"Ludhiana-Chandigarh Highway","highway":"trunk","roadClass":"arterial","lengthM":50,"nearSensitive":false,"busRoute":true}},{"type":"Feature","id":395,"geometry":{"type":"LineString","coordinates":[[76.55738161968641,30.77714835532886],[76.55789759229168,30.77707302471171]]},"properties":{"id":395,"osmWayId":1000892410,"name":"Ludhiana-Chandigarh Highway","highway":"trunk","roadClass":"arterial","lengthM":50,"nearSensitive":false,"busRoute":true}},{"type":"Feature","id":396,"geometry":{"type":"LineString","coordinates":[[76.55789759229168,30.77707302471171],[76.5582868,30.7770162],[76.55841334933615,30.77699663728026]]},"properties":{"id":396,"osmWayId":1000892410,"name":"Ludhiana-Chandigarh Highway","highway":"trunk","roadClass":"arterial","lengthM":50,"nearSensitive":false,"busRoute":true}},{"type":"Feature","id":397,"geometry":{"type":"LineString","coordinates":[[76.55841334933615,30.77699663728026],[76.55892844618344,30.776917009315213]]},"properties":{"id":397,"osmWayId":1000892410,"name":"Ludhiana-Chandigarh Highway","highway":"trunk","roadClass":"arterial","lengthM":50,"nearSensitive":false,"busRoute":true}},{"type":"Feature","id":398,"geometry":{"type":"LineString","coordinates":[[76.55892844618344,30.776917009315213],[76.55944354217803,30.776837379314316]]},"properties":{"id":398,"osmWayId":1000892410,"name":"Ludhiana-Chandigarh Highway","highway":"trunk","roadClass":"arterial","lengthM":50,"nearSensitive":false,"busRoute":true}},{"type":"Feature","id":399,"geometry":{"type":"LineString","coordinates":[[76.55944354217803,30.776837379314316],[76.5598962,30.7767674],[76.55995839642333,30.776756660461903]]},"properties":{"id":399,"osmWayId":1000892410,"name":"Ludhiana-Chandigarh Highway","highway":"trunk","roadClass":"arterial","lengthM":50,"nearSensitive":false,"busRoute":true}},{"type":"Feature","id":400,"geometry":{"type":"LineString","coordinates":[[76.55995839642333,30.776756660461903],[76.56047150331473,30.776668060397142]]},"properties":{"id":400,"osmWayId":1000892410,"name":"Ludhiana-Chandigarh Highway","highway":"trunk","roadClass":"arterial","lengthM":50,"nearSensitive":false,"busRoute":true}},{"type":"Feature","id":401,"geometry":{"type":"LineString","coordinates":[[76.56047150331473,30.776668060397142],[76.5605593,30.7766529],[76.5608005,30.7766111],[76.56098103730973,30.776566798498393]]},"properties":{"id":401,"osmWayId":1000892410,"name":"Ludhiana-Chandigarh Highway","highway":"trunk","roadClass":"arterial","lengthM":50,"nearSensitive":false,"busRoute":true}},{"type":"Feature","id":402,"geometry":{"type":"LineString","coordinates":[[76.56098103730973,30.776566798498393],[76.5611962,30.776514],[76.56148602825341,30.776448797017427]]},"properties":{"id":402,"osmWayId":1000892410,"name":"Ludhiana-Chandigarh Highway","highway":"trunk","roadClass":"arterial","lengthM":50,"nearSensitive":false,"busRoute":true}},{"type":"Feature","id":403,"geometry":{"type":"LineString","coordinates":[[76.56148602825341,30.776448797017427],[76.56199232399503,30.776334893346288]]},"properties":{"id":403,"osmWayId":1000892410,"name":"Ludhiana-Chandigarh Highway","highway":"trunk","roadClass":"arterial","lengthM":50,"nearSensitive":false,"busRoute":true}},{"type":"Feature","id":404,"geometry":{"type":"LineString","coordinates":[[76.56199232399503,30.776334893346288],[76.56249861853776,30.7762209877083]]},"properties":{"id":404,"osmWayId":1000892410,"name":"Ludhiana-Chandigarh Highway","highway":"trunk","roadClass":"arterial","lengthM":50,"nearSensitive":false,"busRoute":true}},{"type":"Feature","id":405,"geometry":{"type":"LineString","coordinates":[[76.56249861853776,30.7762209877083],[76.5625319,30.7762135],[76.56300446655676,30.77610562956403]]},"properties":{"id":405,"osmWayId":1000892410,"name":"Ludhiana-Chandigarh Highway","highway":"trunk","roadClass":"arterial","lengthM":50,"nearSensitive":false,"busRoute":true}},{"type":"Feature","id":406,"geometry":{"type":"LineString","coordinates":[[76.56300446655676,30.77610562956403],[76.5635102820288,30.77599016739563]]},"properties":{"id":406,"osmWayId":1000892410,"name":"Ludhiana-Chandigarh Highway","highway":"trunk","roadClass":"arterial","lengthM":50,"nearSensitive":false,"busRoute":true}},{"type":"Feature","id":407,"geometry":{"type":"LineString","coordinates":[[76.5635102820288,30.77599016739563],[76.5637191,30.7759425],[76.56401573895394,30.77587355811361]]},"properties":{"id":407,"osmWayId":1000892410,"name":"Ludhiana-Chandigarh Highway","highway":"trunk","roadClass":"arterial","lengthM":50,"nearSensitive":false,"busRoute":true}},{"type":"Feature","id":408,"geometry":{"type":"LineString","coordinates":[[76.56401573895394,30.77587355811361],[76.5645209434096,30.775756141718333]]},"properties":{"id":408,"osmWayId":1000892410,"name":"Ludhiana-Chandigarh Highway","highway":"trunk","roadClass":"arterial","lengthM":50,"nearSensitive":false,"busRoute":true}},{"type":"Feature","id":409,"geometry":{"type":"LineString","coordinates":[[76.5645209434096,30.775756141718333],[76.5646971,30.7757152],[76.5650261863557,30.775638849641975]]},"properties":{"id":409,"osmWayId":1000892410,"name":"Ludhiana-Chandigarh Highway","highway":"trunk","roadClass":"arterial","lengthM":50,"nearSensitive":true,"busRoute":true}},{"type":"Feature","id":410,"geometry":{"type":"LineString","coordinates":[[76.5650261863557,30.775638849641975],[76.56553144933635,30.775521623209894]]},"properties":{"id":410,"osmWayId":1000892410,"name":"Ludhiana-Chandigarh Highway","highway":"trunk","roadClass":"arterial","lengthM":50,"nearSensitive":true,"busRoute":true}},{"type":"Feature","id":411,"geometry":{"type":"LineString","coordinates":[[76.56553144933635,30.775521623209894],[76.5659298,30.7754292]]},"properties":{"id":411,"osmWayId":1000892410,"name":"Ludhiana-Chandigarh Highway","highway":"trunk","roadClass":"arterial","lengthM":39.4,"nearSensitive":true,"busRoute":true}},{"type":"Feature","id":412,"geometry":{"type":"LineString","coordinates":[[76.5662321,30.7751092],[76.5659011,30.7752137],[76.56573578250358,30.775250307330655]]},"properties":{"id":412,"osmWayId":1000892411,"name":"Unnamed tertiary","highway":"tertiary","roadClass":"collector","lengthM":50,"nearSensitive":true,"busRoute":false}},{"type":"Feature","id":413,"geometry":{"type":"LineString","coordinates":[[76.56573578250358,30.775250307330655],[76.56522898405406,30.775362529533883]]},"properties":{"id":413,"osmWayId":1000892411,"name":"Unnamed tertiary","highway":"tertiary","roadClass":"collector","lengthM":50,"nearSensitive":true,"busRoute":false}},{"type":"Feature","id":414,"geometry":{"type":"LineString","coordinates":[[76.56522898405406,30.775362529533883],[76.5648177,30.7754536],[76.56472271254682,30.7754764381569]]},"properties":{"id":414,"osmWayId":1000892411,"name":"Unnamed tertiary","highway":"tertiary","roadClass":"collector","lengthM":50,"nearSensitive":true,"busRoute":false}},{"type":"Feature","id":415,"geometry":{"type":"LineString","coordinates":[[76.56472271254682,30.7754764381569],[76.5646792,30.7754869],[76.564217023835,30.775592288341006]]},"properties":{"id":415,"osmWayId":1000892411,"name":"Unnamed tertiary","highway":"tertiary","roadClass":"collector","lengthM":50,"nearSensitive":true,"busRoute":false}},{"type":"Feature","id":416,"geometry":{"type":"LineString","coordinates":[[76.564217023835,30.775592288341006],[76.56371117421085,30.77570763323797]]},"properties":{"id":416,"osmWayId":1000892411,"name":"Unnamed tertiary","highway":"tertiary","roadClass":"collector","lengthM":50,"nearSensitive":false,"busRoute":false}},{"type":"Feature","id":417,"geometry":{"type":"LineString","coordinates":[[76.56371117421085,30.77570763323797],[76.5634188,30.7757743],[76.56320724384314,30.775828815348497]]},"properties":{"id":417,"osmWayId":1000892411,"name":"Unnamed tertiary","highway":"tertiary","roadClass":"collector","lengthM":50,"nearSensitive":false,"busRoute":false}},{"type":"Feature","id":418,"geometry":{"type":"LineString","coordinates":[[76.56320724384314,30.775828815348497],[76.5629244,30.7759017],[76.56270417720988,30.775952663275497]]},"properties":{"id":418,"osmWayId":1000892411,"name":"Unnamed tertiary","highway":"tertiary","roadClass":"collector","lengthM":50,"nearSensitive":false,"busRoute":false}},{"type":"Feature","id":419,"geometry":{"type":"LineString","coordinates":[[76.56270417720988,30.775952663275497],[76.56219882384511,30.77606960897397]]},"properties":{"id":419,"osmWayId":1000892411,"name":"Unnamed tertiary","highway":"tertiary","roadClass":"collector","lengthM":50,"nearSensitive":false,"busRoute":false}},{"type":"Feature","id":420,"geometry":{"type":"LineString","coordinates":[[76.56219882384511,30.77606960897397],[76.5621375,30.7760838],[76.5619986,30.7761159],[76.56169302765481,30.776185129502604]]},"properties":{"id":420,"osmWayId":1000892411,"name":"Unnamed tertiary","highway":"tertiary","roadClass":"collector","lengthM":50,"nearSensitive":false,"busRoute":false}},{"type":"Feature","id":421,"geometry":{"type":"LineString","coordinates":[[76.56169302765481,30.776185129502604],[76.56118696126352,30.776299780506278]]},"properties":{"id":421,"osmWayId":1000892411,"name":"Unnamed tertiary","highway":"tertiary","roadClass":"collector","lengthM":50,"nearSensitive":false,"busRoute":false}},{"type":"Feature","id":422,"geometry":{"type":"LineString","coordinates":[[76.56118696126352,30.776299780506278],[76.5608364,30.7763792],[76.5607509,30.7763977],[76.56068045862595,30.776412980200817]]},"properties":{"id":422,"osmWayId":1000892411,"name":"Unnamed tertiary","highway":"tertiary","roadClass":"collector","lengthM":50,"nearSensitive":false,"busRoute":false}},{"type":"Feature","id":423,"geometry":{"type":"LineString","coordinates":[[76.56068045862595,30.776412980200817],[76.5602355,30.7765095],[76.5601719375493,30.77651862972673]]},"properties":{"id":423,"osmWayId":1000892411,"name":"Unnamed tertiary","highway":"tertiary","roadClass":"collector","lengthM":50,"nearSensitive":false,"busRoute":false}},{"type":"Feature","id":424,"geometry":{"type":"LineString","coordinates":[[76.5601719375493,30.77651862972673],[76.55965573493677,30.776592772741626]]},"properties":{"id":424,"osmWayId":1000892411,"name":"Unnamed tertiary","highway":"tertiary","roadClass":"collector","lengthM":50,"nearSensitive":false,"busRoute":false}},{"type":"Feature","id":425,"geometry":{"type":"LineString","coordinates":[[76.55965573493677,30.776592772741626],[76.559219,30.7766555],[76.5591769,30.7766619],[76.55913965893917,30.776667550264204]]},"properties":{"id":425,"osmWayId":1000892411,"name":"Unnamed tertiary","highway":"tertiary","roadClass":"collector","lengthM":50,"nearSensitive":false,"busRoute":false}},{"type":"Feature","id":426,"geometry":{"type":"LineString","coordinates":[[76.55913965893917,30.776667550264204],[76.5587175,30.7767316],[76.5586515,30.7767416],[76.55862423245215,30.776745578483332]]},"properties":{"id":426,"osmWayId":1000892411,"name":"Unnamed tertiary","highway":"tertiary","roadClass":"collector","lengthM":50,"nearSensitive":false,"busRoute":false}},{"type":"Feature","id":427,"geometry":{"type":"LineString","coordinates":[[76.55862423245215,30.776745578483332],[76.558108252224,30.776820861663513]]},"properties":{"id":427,"osmWayId":1000892411,"name":"Unnamed tertiary","highway":"tertiary","roadClass":"collector","lengthM":50,"nearSensitive":false,"busRoute":false}},{"type":"Feature","id":428,"geometry":{"type":"LineString","coordinates":[[76.558108252224,30.776820861663513],[76.55759227118833,30.776896142800858]]},"properties":{"id":428,"osmWayId":1000892411,"name":"Unnamed tertiary","highway":"tertiary","roadClass":"collector","lengthM":50,"nearSensitive":false,"busRoute":false}},{"type":"Feature","id":429,"geometry":{"type":"LineString","coordinates":[[76.55759227118833,30.776896142800858],[76.5575439,30.7769032],[76.55707548992187,30.77696724582314]]},"properties":{"id":429,"osmWayId":1000892411,"name":"Unnamed tertiary","highway":"tertiary","roadClass":"collector","lengthM":50,"nearSensitive":false,"busRoute":false}},{"type":"Feature","id":430,"geometry":{"type":"LineString","coordinates":[[76.55707548992187,30.77696724582314],[76.5566092,30.777031],[76.5565589620039,30.77703953688775]]},"properties":{"id":430,"osmWayId":1000892411,"name":"Unnamed tertiary","highway":"tertiary","roadClass":"collector","lengthM":50,"nearSensitive":false,"busRoute":false}},{"type":"Feature","id":431,"geometry":{"type":"LineString","coordinates":[[76.5565589620039,30.77703953688775],[76.5563179,30.7770805],[76.5562877,30.7770884],[76.55605226924976,30.777149889564456]]},"properties":{"id":431,"osmWayId":1000892411,"name":"Unnamed tertiary","highway":"tertiary","roadClass":"collector","lengthM":50,"nearSensitive":false,"busRoute":false}},{"type":"Feature","id":432,"geometry":{"type":"LineString","coordinates":[[76.55605226924976,30.777149889564456],[76.55555152493758,30.777280671780165]]},"properties":{"id":432,"osmWayId":1000892411,"name":"Unnamed tertiary","highway":"tertiary","roadClass":"collector","lengthM":50,"nearSensitive":false,"busRoute":false}},{"type":"Feature","id":433,"geometry":{"type":"LineString","coordinates":[[76.55555152493758,30.777280671780165],[76.5552497,30.7773595],[76.55505022178737,30.777409849513752]]},"properties":{"id":433,"osmWayId":1000892411,"name":"Unnamed tertiary","highway":"tertiary","roadClass":"collector","lengthM":50,"nearSensitive":false,"busRoute":false}},{"type":"Feature","id":434,"geometry":{"type":"LineString","coordinates":[[76.55505022178737,30.777409849513752],[76.5550211,30.7774172],[76.5545552623511,30.777555902653333]]},"properties":{"id":434,"osmWayId":1000892411,"name":"Unnamed tertiary","highway":"tertiary","roadClass":"collector","lengthM":50,"nearSensitive":false,"busRoute":false}},{"type":"Feature","id":435,"geometry":{"type":"LineString","coordinates":[[76.5545552623511,30.777555902653333],[76.5544881,30.7775759],[76.5542386,30.7776447],[76.5540574562019,30.77769467847521]]},"properties":{"id":435,"osmWayId":1000892411,"name":"Unnamed tertiary","highway":"tertiary","roadClass":"collector","lengthM":50,"nearSensitive":false,"busRoute":false}},{"type":"Feature","id":436,"geometry":{"type":"LineString","coordinates":[[76.5540574562019,30.77769467847521],[76.5538265,30.7777584],[76.55357659167547,30.777868407395417]]},"properties":{"id":436,"osmWayId":1000892411,"name":"Unnamed tertiary","highway":"tertiary","roadClass":"collector","lengthM":50,"nearSensitive":false,"busRoute":false}},{"type":"Feature","id":437,"geometry":{"type":"LineString","coordinates":[[76.55357659167547,30.777868407395417],[76.5533199,30.7779814]]},"properties":{"id":437,"osmWayId":1000892411,"name":"Unnamed tertiary","highway":"tertiary","roadClass":"collector","lengthM":27.6,"nearSensitive":false,"busRoute":false}},{"type":"Feature","id":438,"geometry":{"type":"LineString","coordinates":[[76.5533659,30.7781007],[76.55388570295845,30.7780482584256]]},"properties":{"id":438,"osmWayId":1000892412,"name":"Unnamed tertiary","highway":"tertiary","roadClass":"collector","lengthM":50,"nearSensitive":false,"busRoute":false}},{"type":"Feature","id":439,"geometry":{"type":"LineString","coordinates":[[76.55388570295845,30.7780482584256],[76.5540191,30.7780348],[76.55439305240998,30.777942555219454]]},"properties":{"id":439,"osmWayId":1000892412,"name":"Unnamed tertiary","highway":"tertiary","roadClass":"collector","lengthM":50,"nearSensitive":false,"busRoute":false}},{"type":"Feature","id":440,"geometry":{"type":"LineString","coordinates":[[76.55439305240998,30.777942555219454],[76.5544703,30.7779235],[76.55489609385174,30.777818440359702]]},"properties":{"id":440,"osmWayId":1000892412,"name":"Unnamed tertiary","highway":"tertiary","roadClass":"collector","lengthM":50,"nearSensitive":false,"busRoute":false}},{"type":"Feature","id":441,"geometry":{"type":"LineString","coordinates":[[76.55489609385174,30.777818440359702],[76.55539913259243,30.777694319360485]]},"properties":{"id":441,"osmWayId":1000892412,"name":"Unnamed tertiary","highway":"tertiary","roadClass":"collector","lengthM":50,"nearSensitive":false,"busRoute":false}},{"type":"Feature","id":442,"geometry":{"type":"LineString","coordinates":[[76.55539913259243,30.777694319360485],[76.5557518,30.7776073],[76.5558917,30.777574],[76.55590257118683,30.777571418197493]]},"properties":{"id":442,"osmWayId":1000892412,"name":"Unnamed tertiary","highway":"tertiary","roadClass":"collector","lengthM":50,"nearSensitive":false,"busRoute":false}},{"type":"Feature","id":443,"geometry":{"type":"LineString","coordinates":[[76.55590257118683,30.777571418197493],[76.55640702460047,30.777451614204615]]},"properties":{"id":443,"osmWayId":1000892412,"name":"Unnamed tertiary","highway":"tertiary","roadClass":"collector","lengthM":50,"nearSensitive":false,"busRoute":false}},{"type":"Feature","id":444,"geometry":{"type":"LineString","coordinates":[[76.55640702460047,30.777451614204615],[76.5567393,30.7773727],[76.55691473640141,30.777343790967688]]},"properties":{"id":444,"osmWayId":1000892412,"name":"Unnamed tertiary","highway":"tertiary","roadClass":"collector","lengthM":50,"nearSensitive":false,"busRoute":false}},{"type":"Feature","id":445,"geometry":{"type":"LineString","coordinates":[[76.55691473640141,30.777343790967688],[76.5570846,30.7773158],[76.55742872355061,30.777259026748624]]},"properties":{"id":445,"osmWayId":1000892412,"name":"Unnamed tertiary","highway":"tertiary","roadClass":"collector","lengthM":50,"nearSensitive":false,"busRoute":false}},{"type":"Feature","id":446,"geometry":{"type":"LineString","coordinates":[[76.55742872355061,30.777259026748624],[76.5578162,30.7771951],[76.55794309988944,30.77717609172923]]},"properties":{"id":446,"osmWayId":1000892412,"name":"Unnamed tertiary","highway":"tertiary","roadClass":"collector","lengthM":50,"nearSensitive":false,"busRoute":false}},{"type":"Feature","id":447,"geometry":{"type":"LineString","coordinates":[[76.55794309988944,30.77717609172923],[76.55845869176922,30.777098860132067]]},"properties":{"id":447,"osmWayId":1000892412,"name":"Unnamed tertiary","highway":"tertiary","roadClass":"collector","lengthM":50,"nearSensitive":false,"busRoute":false}},{"type":"Feature","id":448,"geometry":{"type":"LineString","coordinates":[[76.55845869176922,30.777098860132067],[76.5587328,30.7770578],[76.55897428137753,30.777021619382193]]},"properties":{"id":448,"osmWayId":1000892412,"name":"Unnamed tertiary","highway":"tertiary","roadClass":"collector","lengthM":50,"nearSensitive":false,"busRoute":false}},{"type":"Feature","id":449,"geometry":{"type":"LineString","coordinates":[[76.55897428137753,30.777021619382193],[76.55948986851922,30.77694436851865]]},"properties":{"id":449,"osmWayId":1000892412,"name":"Unnamed tertiary","highway":"tertiary","roadClass":"collector","lengthM":50,"nearSensitive":false,"busRoute":false}},{"type":"Feature","id":450,"geometry":{"type":"LineString","coordinates":[[76.55948986851922,30.77694436851865],[76.5595871,30.7769298],[76.56000428156305,30.776861587416033]]},"properties":{"id":450,"osmWayId":1000892412,"name":"Unnamed tertiary","highway":"tertiary","roadClass":"collector","lengthM":50,"nearSensitive":false,"busRoute":false}},{"type":"Feature","id":451,"geometry":{"type":"LineString","coordinates":[[76.56000428156305,30.776861587416033],[76.56051842103098,30.77677751945468]]},"properties":{"id":451,"osmWayId":1000892412,"name":"Unnamed tertiary","highway":"tertiary","roadClass":"collector","lengthM":50,"nearSensitive":false,"busRoute":false}},{"type":"Feature","id":452,"geometry":{"type":"LineString","coordinates":[[76.56051842103098,30.77677751945468],[76.5610084,30.7766974],[76.56103227299454,30.776692323714286]]},"properties":{"id":452,"osmWayId":1000892412,"name":"Unnamed tertiary","highway":"tertiary","roadClass":"collector","lengthM":50,"nearSensitive":false,"busRoute":false}},{"type":"Feature","id":453,"geometry":{"type":"LineString","coordinates":[[76.56103227299454,30.776692323714286],[76.5612078,30.776655],[76.56153801541008,30.776576754261445]]},"properties":{"id":453,"osmWayId":1000892412,"name":"Unnamed tertiary","highway":"tertiary","roadClass":"collector","lengthM":50,"nearSensitive":false,"busRoute":false}},{"type":"Feature","id":454,"geometry":{"type":"LineString","coordinates":[[76.56153801541008,30.776576754261445],[76.56204254462733,30.77645720237278]]},"properties":{"id":454,"osmWayId":1000892412,"name":"Unnamed tertiary","highway":"tertiary","roadClass":"collector","lengthM":50,"nearSensitive":false,"busRoute":false}},{"type":"Feature","id":455,"geometry":{"type":"LineString","coordinates":[[76.56204254462733,30.77645720237278],[76.5622409,30.7764102],[76.56254822485984,30.776341338602187]]},"properties":{"id":455,"osmWayId":1000892412,"name":"Unnamed tertiary","highway":"tertiary","roadClass":"collector","lengthM":50,"nearSensitive":false,"busRoute":false}},{"type":"Feature","id":456,"geometry":{"type":"LineString","coordinates":[[76.56254822485984,30.776341338602187],[76.56305465038818,30.77622786349388]]},"properties":{"id":456,"osmWayId":1000892412,"name":"Unnamed tertiary","highway":"tertiary","roadClass":"collector","lengthM":50,"nearSensitive":false,"busRoute":false}},{"type":"Feature","id":457,"geometry":{"type":"LineString","coordinates":[[76.56305465038818,30.77622786349388],[76.5634249,30.7761449],[76.56356048573517,30.776112508122647]]},"properties":{"id":457,"osmWayId":1000892412,"name":"Unnamed tertiary","highway":"tertiary","roadClass":"collector","lengthM":50,"nearSensitive":false,"busRoute":false}},{"type":"Feature","id":458,"geometry":{"type":"LineString","coordinates":[[76.56356048573517,30.776112508122647],[76.56406471843225,30.775992043846454]]},"properties":{"id":458,"osmWayId":1000892412,"name":"Unnamed tertiary","highway":"tertiary","roadClass":"collector","lengthM":50,"nearSensitive":false,"busRoute":false}},{"type":"Feature","id":459,"geometry":{"type":"LineString","coordinates":[[76.56406471843225,30.775992043846454],[76.56456894986658,30.775871577619434]]},"properties":{"id":459,"osmWayId":1000892412,"name":"Unnamed tertiary","highway":"tertiary","roadClass":"collector","lengthM":50,"nearSensitive":false,"busRoute":false}},{"type":"Feature","id":460,"geometry":{"type":"LineString","coordinates":[[76.56456894986658,30.775871577619434],[76.56507318003814,30.775751109441586]]},"properties":{"id":460,"osmWayId":1000892412,"name":"Unnamed tertiary","highway":"tertiary","roadClass":"collector","lengthM":50,"nearSensitive":true,"busRoute":false}},{"type":"Feature","id":461,"geometry":{"type":"LineString","coordinates":[[76.56507318003814,30.775751109441586],[76.5653796,30.7756779],[76.56557528141803,30.7756245000756]]},"properties":{"id":461,"osmWayId":1000892412,"name":"Unnamed tertiary","highway":"tertiary","roadClass":"collector","lengthM":50,"nearSensitive":true,"busRoute":false}},{"type":"Feature","id":462,"geometry":{"type":"LineString","coordinates":[[76.56557528141803,30.7756245000756],[76.5659256,30.7755289],[76.56605194933121,30.77545058648564]]},"properties":{"id":462,"osmWayId":1000892412,"name":"Unnamed tertiary","highway":"tertiary","roadClass":"collector","lengthM":50,"nearSensitive":true,"busRoute":false}},{"type":"Feature","id":463,"geometry":{"type":"LineString","coordinates":[[76.56605194933121,30.77545058648564],[76.5661789,30.7753719]]},"properties":{"id":463,"osmWayId":1000892412,"name":"Unnamed tertiary","highway":"tertiary","roadClass":"collector","lengthM":15,"nearSensitive":true,"busRoute":false}},{"type":"Feature","id":464,"geometry":{"type":"LineString","coordinates":[[76.5608221,30.7764252],[76.5609732,30.776506],[76.561146,30.776607]]},"properties":{"id":464,"osmWayId":1000892413,"name":"Unnamed tertiary","highway":"tertiary","roadClass":"collector","lengthM":37,"nearSensitive":false,"busRoute":false}},{"type":"Feature","id":465,"geometry":{"type":"LineString","coordinates":[[76.5659298,30.7754292],[76.5661789,30.7753719],[76.56643535972162,30.77531292534838]]},"properties":{"id":465,"osmWayId":1000892414,"name":"Ludhiana-Chandigarh Highway","highway":"trunk","roadClass":"arterial","lengthM":50,"nearSensitive":true,"busRoute":true}},{"type":"Feature","id":466,"geometry":{"type":"LineString","coordinates":[[76.56643535972162,30.77531292534838],[76.56694092354716,30.775196665829547]]},"properties":{"id":466,"osmWayId":1000892414,"name":"Ludhiana-Chandigarh Highway","highway":"trunk","roadClass":"arterial","lengthM":50,"nearSensitive":true,"busRoute":true}},{"type":"Feature","id":467,"geometry":{"type":"LineString","coordinates":[[76.56694092354716,30.775196665829547],[76.5670147,30.7751797],[76.56744647941602,30.775080382733158]]},"properties":{"id":467,"osmWayId":1000892414,"name":"Ludhiana-Chandigarh Highway","highway":"trunk","roadClass":"arterial","lengthM":50,"nearSensitive":true,"busRoute":true}},{"type":"Feature","id":468,"geometry":{"type":"LineString","coordinates":[[76.56744647941602,30.775080382733158],[76.56795203291202,30.77496409398229]]},"properties":{"id":468,"osmWayId":1000892414,"name":"Ludhiana-Chandigarh Highway","highway":"trunk","roadClass":"arterial","lengthM":50,"nearSensitive":true,"busRoute":true}},{"type":"Feature","id":469,"geometry":{"type":"LineString","coordinates":[[76.56795203291202,30.77496409398229],[76.5681672,30.7749146],[76.56845904638622,30.774852682478482]]},"properties":{"id":469,"osmWayId":1000892414,"name":"Ludhiana-Chandigarh Highway","highway":"trunk","roadClass":"arterial","lengthM":50,"nearSensitive":true,"busRoute":true}},{"type":"Feature","id":470,"geometry":{"type":"LineString","coordinates":[[76.56845904638622,30.774852682478482],[76.5689671414103,30.77474488434688]]},"properties":{"id":470,"osmWayId":1000892414,"name":"Ludhiana-Chandigarh Highway","highway":"trunk","roadClass":"arterial","lengthM":50,"nearSensitive":true,"busRoute":true}},{"type":"Feature","id":471,"geometry":{"type":"LineString","coordinates":[[76.5689671414103,30.77474488434688],[76.56947523529578,30.774637084234488]]},"properties":{"id":471,"osmWayId":1000892414,"name":"Ludhiana-Chandigarh Highway","highway":"trunk","roadClass":"arterial","lengthM":50,"nearSensitive":true,"busRoute":true}},{"type":"Feature","id":472,"geometry":{"type":"LineString","coordinates":[[76.56947523529578,30.774637084234488],[76.5694926,30.7746334],[76.56998075803847,30.774520716200012]]},"properties":{"id":472,"osmWayId":1000892414,"name":"Ludhiana-Chandigarh Highway","highway":"trunk","roadClass":"arterial","lengthM":50,"nearSensitive":true,"busRoute":true}},{"type":"Feature","id":473,"geometry":{"type":"LineString","coordinates":[[76.56998075803847,30.774520716200012],[76.57048618861577,30.77440404309451]]},"properties":{"id":473,"osmWayId":1000892414,"name":"Ludhiana-Chandigarh Highway","highway":"trunk","roadClass":"arterial","lengthM":50,"nearSensitive":true,"busRoute":true}},{"type":"Feature","id":474,"geometry":{"type":"LineString","coordinates":[[76.57048618861577,30.77440404309451],[76.5707242,30.7743491],[76.5709071,30.7743124],[76.5709938483733,30.774295002303955]]},"properties":{"id":474,"osmWayId":1000892414,"name":"Ludhiana-Chandigarh Highway","highway":"trunk","roadClass":"arterial","lengthM":50,"nearSensitive":true,"busRoute":true}},{"type":"Feature","id":475,"geometry":{"type":"LineString","coordinates":[[76.5709938483733,30.774295002303955],[76.571483,30.7741969],[76.57150331708847,30.77419216084008]]},"properties":{"id":475,"osmWayId":1000892414,"name":"Ludhiana-Chandigarh Highway","highway":"trunk","roadClass":"arterial","lengthM":50,"nearSensitive":true,"busRoute":true}},{"type":"Feature","id":476,"geometry":{"type":"LineString","coordinates":[[76.57150331708847,30.77419216084008],[76.57200838738012,30.774074347078713]]},"properties":{"id":476,"osmWayId":1000892414,"name":"Ludhiana-Chandigarh Highway","highway":"trunk","roadClass":"arterial","lengthM":50,"nearSensitive":true,"busRoute":true}},{"type":"Feature","id":477,"geometry":{"type":"LineString","coordinates":[[76.57200838738012,30.774074347078713],[76.5722418,30.7740199],[76.57251401939132,30.773958340588322]]},"properties":{"id":477,"osmWayId":1000892414,"name":"Ludhiana-Chandigarh Highway","highway":"trunk","roadClass":"arterial","lengthM":50,"nearSensitive":true,"busRoute":true}},{"type":"Feature","id":478,"geometry":{"type":"LineString","coordinates":[[76.57251401939132,30.773958340588322],[76.5726389,30.7739301],[76.5730201178727,30.77384383437654]]},"properties":{"id":478,"osmWayId":1000892414,"name":"Ludhiana-Chandigarh Highway","highway":"trunk","roadClass":"arterial","lengthM":50,"nearSensitive":true,"busRoute":true}},{"type":"Feature","id":479,"geometry":{"type":"LineString","coordinates":[[76.5730201178727,30.77384383437654],[76.573338,30.7737719],[76.57352711926272,30.77373239449176]]},"properties":{"id":479,"osmWayId":1000892414,"name":"Ludhiana-Chandigarh Highway","highway":"trunk","roadClass":"arterial","lengthM":50,"nearSensitive":false,"busRoute":true}},{"type":"Feature","id":480,"geometry":{"type":"LineString","coordinates":[[76.57352711926272,30.77373239449176],[76.57403565539234,30.77362616382119]]},"properties":{"id":480,"osmWayId":1000892414,"name":"Ludhiana-Chandigarh Highway","highway":"trunk","roadClass":"arterial","lengthM":50,"nearSensitive":false,"busRoute":true}},{"type":"Feature","id":481,"geometry":{"type":"LineString","coordinates":[[76.57403565539234,30.77362616382119],[76.5742576,30.7735798],[76.5745165,30.7735207],[76.57454262797297,30.773514657627704]]},"properties":{"id":481,"osmWayId":1000892414,"name":"Ludhiana-Chandigarh Highway","highway":"trunk","roadClass":"arterial","lengthM":50,"nearSensitive":false,"busRoute":true}},{"type":"Feature","id":482,"geometry":{"type":"LineString","coordinates":[[76.57454262797297,30.773514657627704],[76.5749221,30.7734269],[76.57504824223767,30.77339859973489]]},"properties":{"id":482,"osmWayId":1000892414,"name":"Ludhiana-Chandigarh Highway","highway":"trunk","roadClass":"arterial","lengthM":50,"nearSensitive":false,"busRoute":true}},{"type":"Feature","id":483,"geometry":{"type":"LineString","coordinates":[[76.57504824223767,30.77339859973489],[76.575235,30.7733567],[76.57555252055698,30.773278432962595]]},"properties":{"id":483,"osmWayId":1000892414,"name":"Ludhiana-Chandigarh Highway","highway":"trunk","roadClass":"arterial","lengthM":50,"nearSensitive":false,"busRoute":true}},{"type":"Feature","id":484,"geometry":{"type":"LineString","coordinates":[[76.57555252055698,30.773278432962595],[76.57605557530884,30.773154430941926]]},"properties":{"id":484,"osmWayId":1000892414,"name":"Ludhiana-Chandigarh Highway","highway":"trunk","roadClass":"arterial","lengthM":50,"nearSensitive":false,"busRoute":true}},{"type":"Feature","id":485,"geometry":{"type":"LineString","coordinates":[[76.57605557530884,30.773154430941926],[76.5765417,30.7730346],[76.57655877481616,30.773030892190448]]},"properties":{"id":485,"osmWayId":1000892414,"name":"Ludhiana-Chandigarh Highway","highway":"trunk","roadClass":"arterial","lengthM":50,"nearSensitive":true,"busRoute":true}},{"type":"Feature","id":486,"geometry":{"type":"LineString","coordinates":[[76.57655877481616,30.773030892190448],[76.5770661671092,30.772920710409828]]},"properties":{"id":486,"osmWayId":1000892414,"name":"Ludhiana-Chandigarh Highway","highway":"trunk","roadClass":"arterial","lengthM":50,"nearSensitive":true,"busRoute":true}},{"type":"Feature","id":487,"geometry":{"type":"LineString","coordinates":[[76.5770661671092,30.772920710409828],[76.5774604,30.7728351],[76.57757386696423,30.772811601074718]]},"properties":{"id":487,"osmWayId":1000892414,"name":"Ludhiana-Chandigarh Highway","highway":"trunk","roadClass":"arterial","lengthM":50,"nearSensitive":true,"busRoute":true}},{"type":"Feature","id":488,"geometry":{"type":"LineString","coordinates":[[76.57757386696423,30.772811601074718],[76.5778829,30.7727476],[76.57808228510964,30.772704983456727]]},"properties":{"id":488,"osmWayId":1000892414,"name":"Ludhiana-Chandigarh Highway","highway":"trunk","roadClass":"arterial","lengthM":50,"nearSensitive":true,"busRoute":true}},{"type":"Feature","id":489,"geometry":{"type":"LineString","coordinates":[[76.57808228510964,30.772704983456727],[76.5782235,30.7726748],[76.5785860263707,30.772583355542853]]},"properties":{"id":489,"osmWayId":1000892414,"name":"Ludhiana-Chandigarh Highway","highway":"trunk","roadClass":"arterial","lengthM":50,"nearSensitive":true,"busRoute":true}},{"type":"Feature","id":490,"geometry":{"type":"LineString","coordinates":[[76.5785860263707,30.772583355542853],[76.5789922,30.7724809]]},"properties":{"id":490,"osmWayId":1000892414,"name":"Ludhiana-Chandigarh Highway","highway":"trunk","roadClass":"arterial","lengthM":40.4,"nearSensitive":true,"busRoute":true}},{"type":"Feature","id":491,"geometry":{"type":"LineString","coordinates":[[76.5787217,30.7724129],[76.57821455849799,30.772523921861794]]},"properties":{"id":491,"osmWayId":1000892415,"name":"Ludhiana - Chandigarh Highway","highway":"trunk","roadClass":"arterial","lengthM":50,"nearSensitive":true,"busRoute":true}},{"type":"Feature","id":492,"geometry":{"type":"LineString","coordinates":[[76.57821455849799,30.772523921861794],[76.5781973,30.7725277],[76.57770742682324,30.772634978830553]]},"properties":{"id":492,"osmWayId":1000892415,"name":"Ludhiana - Chandigarh Highway","highway":"trunk","roadClass":"arterial","lengthM":50,"nearSensitive":true,"busRoute":true}},{"type":"Feature","id":493,"geometry":{"type":"LineString","coordinates":[[76.57770742682324,30.772634978830553],[76.5775918,30.7726603],[76.5775469,30.7726701],[76.5772937,30.7727256],[76.57720062868933,30.772747131729687]]},"properties":{"id":493,"osmWayId":1000892415,"name":"Ludhiana - Chandigarh Highway","highway":"trunk","roadClass":"arterial","lengthM":50,"nearSensitive":true,"busRoute":true}},{"type":"Feature","id":494,"geometry":{"type":"LineString","coordinates":[[76.57720062868933,30.772747131729687],[76.57669528072087,30.77286404092703]]},"properties":{"id":494,"osmWayId":1000892415,"name":"Ludhiana - Chandigarh Highway","highway":"trunk","roadClass":"arterial","lengthM":50,"nearSensitive":true,"busRoute":true}},{"type":"Feature","id":495,"geometry":{"type":"LineString","coordinates":[[76.57669528072087,30.77286404092703],[76.5764495,30.7729209],[76.57618993064723,30.772980945365845]]},"properties":{"id":495,"osmWayId":1000892415,"name":"Ludhiana - Chandigarh Highway","highway":"trunk","roadClass":"arterial","lengthM":50,"nearSensitive":true,"busRoute":true}},{"type":"Feature","id":496,"geometry":{"type":"LineString","coordinates":[[76.57618993064723,30.772980945365845],[76.57568457851507,30.773097845194776]]},"properties":{"id":496,"osmWayId":1000892415,"name":"Ludhiana - Chandigarh Highway","highway":"trunk","roadClass":"arterial","lengthM":50,"nearSensitive":false,"busRoute":true}},{"type":"Feature","id":497,"geometry":{"type":"LineString","coordinates":[[76.57568457851507,30.773097845194776],[76.57517922515494,30.773214743064305]]},"properties":{"id":497,"osmWayId":1000892415,"name":"Ludhiana - Chandigarh Highway","highway":"trunk","roadClass":"arterial","lengthM":50,"nearSensitive":false,"busRoute":true}},{"type":"Feature","id":498,"geometry":{"type":"LineString","coordinates":[[76.57517922515494,30.773214743064305],[76.57467387056688,30.77333163897442]]},"properties":{"id":498,"osmWayId":1000892415,"name":"Ludhiana - Chandigarh Highway","highway":"trunk","roadClass":"arterial","lengthM":50,"nearSensitive":false,"busRoute":true}},{"type":"Feature","id":499,"geometry":{"type":"LineString","coordinates":[[76.57467387056688,30.77333163897442],[76.5743926,30.7733967],[76.57416790981257,30.773446562193225]]},"properties":{"id":499,"osmWayId":1000892415,"name":"Ludhiana - Chandigarh Highway","highway":"trunk","roadClass":"arterial","lengthM":50,"nearSensitive":false,"busRoute":true}},{"type":"Feature","id":500,"geometry":{"type":"LineString","coordinates":[[76.57416790981257,30.773446562193225],[76.57366118854561,30.773559009790176]]},"properties":{"id":500,"osmWayId":1000892415,"name":"Ludhiana - Chandigarh Highway","highway":"trunk","roadClass":"arterial","lengthM":50,"nearSensitive":false,"busRoute":true}},{"type":"Feature","id":501,"geometry":{"type":"LineString","coordinates":[[76.57366118854561,30.773559009790176],[76.57315446609425,30.77367145541708]]},"properties":{"id":501,"osmWayId":1000892415,"name":"Ludhiana - Chandigarh Highway","highway":"trunk","roadClass":"arterial","lengthM":50,"nearSensitive":false,"busRoute":true}},{"type":"Feature","id":502,"geometry":{"type":"LineString","coordinates":[[76.57315446609425,30.77367145541708],[76.57264774245849,30.773783899073898]]},"properties":{"id":502,"osmWayId":1000892415,"name":"Ludhiana - Chandigarh Highway","highway":"trunk","roadClass":"arterial","lengthM":50,"nearSensitive":true,"busRoute":true}},{"type":"Feature","id":503,"geometry":{"type":"LineString","coordinates":[[76.57264774245849,30.773783899073898],[76.57214101763833,30.77389634076063]]},"properties":{"id":503,"osmWayId":1000892415,"name":"Ludhiana - Chandigarh Highway","highway":"trunk","roadClass":"arterial","lengthM":50,"nearSensitive":true,"busRoute":true}},{"type":"Feature","id":504,"geometry":{"type":"LineString","coordinates":[[76.57214101763833,30.77389634076063],[76.5718005,30.7739719],[76.57163386706137,30.774007337956743]]},"properties":{"id":504,"osmWayId":1000892415,"name":"Ludhiana - Chandigarh Highway","highway":"trunk","roadClass":"arterial","lengthM":50,"nearSensitive":true,"busRoute":true}},{"type":"Feature","id":505,"geometry":{"type":"LineString","coordinates":[[76.57163386706137,30.774007337956743],[76.5711258454895,30.774115377823875]]},"properties":{"id":505,"osmWayId":1000892415,"name":"Ludhiana - Chandigarh Highway","highway":"trunk","roadClass":"arterial","lengthM":50,"nearSensitive":true,"busRoute":true}},{"type":"Feature","id":506,"geometry":{"type":"LineString","coordinates":[[76.5711258454895,30.774115377823875],[76.57061782277674,30.774223415710807]]},"properties":{"id":506,"osmWayId":1000892415,"name":"Ludhiana - Chandigarh Highway","highway":"trunk","roadClass":"arterial","lengthM":50,"nearSensitive":true,"busRoute":true}},{"type":"Feature","id":507,"geometry":{"type":"LineString","coordinates":[[76.57061782277674,30.774223415710807],[76.5705436,30.7742392],[76.57010980937575,30.77433148789494]]},"properties":{"id":507,"osmWayId":1000892415,"name":"Ludhiana - Chandigarh Highway","highway":"trunk","roadClass":"arterial","lengthM":50,"nearSensitive":true,"busRoute":true}},{"type":"Feature","id":508,"geometry":{"type":"LineString","coordinates":[[76.57010980937575,30.77433148789494],[76.5700839,30.774337],[76.56960641856209,30.774454445770626]]},"properties":{"id":508,"osmWayId":1000892415,"name":"Ludhiana - Chandigarh Highway","highway":"trunk","roadClass":"arterial","lengthM":50,"nearSensitive":true,"busRoute":true}},{"type":"Feature","id":509,"geometry":{"type":"LineString","coordinates":[[76.56960641856209,30.774454445770626],[76.56910327485221,30.774578201468994]]},"properties":{"id":509,"osmWayId":1000892415,"name":"Ludhiana - Chandigarh Highway","highway":"trunk","roadClass":"arterial","lengthM":50,"nearSensitive":true,"busRoute":true}},{"type":"Feature","id":510,"geometry":{"type":"LineString","coordinates":[[76.56910327485221,30.774578201468994],[76.5690797,30.774584],[76.56859641148529,30.774690162436883]]},"properties":{"id":510,"osmWayId":1000892415,"name":"Ludhiana - Chandigarh Highway","highway":"trunk","roadClass":"arterial","lengthM":50,"nearSensitive":true,"busRoute":true}},{"type":"Feature","id":511,"geometry":{"type":"LineString","coordinates":[[76.56859641148529,30.774690162436883],[76.56808936415294,30.77480154171871]]},"properties":{"id":511,"osmWayId":1000892415,"name":"Ludhiana - Chandigarh Highway","highway":"trunk","roadClass":"arterial","lengthM":50,"nearSensitive":true,"busRoute":true}},{"type":"Feature","id":512,"geometry":{"type":"LineString","coordinates":[[76.56808936415294,30.77480154171871],[76.56758231564662,30.774912919027898]]},"properties":{"id":512,"osmWayId":1000892415,"name":"Ludhiana - Chandigarh Highway","highway":"trunk","roadClass":"arterial","lengthM":50,"nearSensitive":true,"busRoute":true}},{"type":"Feature","id":513,"geometry":{"type":"LineString","coordinates":[[76.56758231564662,30.774912919027898],[76.5675519,30.7749196],[76.56707644021051,30.775028164327267]]},"properties":{"id":513,"osmWayId":1000892415,"name":"Ludhiana - Chandigarh Highway","highway":"trunk","roadClass":"arterial","lengthM":50,"nearSensitive":true,"busRoute":true}},{"type":"Feature","id":514,"geometry":{"type":"LineString","coordinates":[[76.56707644021051,30.775028164327267],[76.5665919,30.7751388],[76.5665706403416,30.7751436605889]]},"properties":{"id":514,"osmWayId":1000892415,"name":"Ludhiana - Chandigarh Highway","highway":"trunk","roadClass":"arterial","lengthM":50,"nearSensitive":true,"busRoute":true}},{"type":"Feature","id":515,"geometry":{"type":"LineString","coordinates":[[76.5665706403416,30.7751436605889],[76.5662398,30.7752193],[76.5661314,30.775244]]},"properties":{"id":515,"osmWayId":1000892415,"name":"Ludhiana - Chandigarh Highway","highway":"trunk","roadClass":"arterial","lengthM":43.4,"nearSensitive":true,"busRoute":true}},{"type":"Feature","id":516,"geometry":{"type":"LineString","coordinates":[[76.582888,30.7716434],[76.58338632123805,30.771506033907457]]},"properties":{"id":516,"osmWayId":1000892416,"name":"Unnamed tertiary","highway":"tertiary","roadClass":"collector","lengthM":50,"nearSensitive":false,"busRoute":false}},{"type":"Feature","id":517,"geometry":{"type":"LineString","coordinates":[[76.58338632123805,30.771506033907457],[76.5838428,30.7713802],[76.58388441490492,30.771368076940536]]},"properties":{"id":517,"osmWayId":1000892416,"name":"Unnamed tertiary","highway":"tertiary","roadClass":"collector","lengthM":50,"nearSensitive":false,"busRoute":false}},{"type":"Feature","id":518,"geometry":{"type":"LineString","coordinates":[[76.58388441490492,30.771368076940536],[76.58438003987669,30.771223692535273]]},"properties":{"id":518,"osmWayId":1000892416,"name":"Unnamed tertiary","highway":"tertiary","roadClass":"collector","lengthM":50,"nearSensitive":false,"busRoute":false}},{"type":"Feature","id":519,"geometry":{"type":"LineString","coordinates":[[76.58438003987669,30.771223692535273],[76.5845005,30.7711886],[76.58487565007644,30.771079272586103]]},"properties":{"id":519,"osmWayId":1000892416,"name":"Unnamed tertiary","highway":"tertiary","roadClass":"collector","lengthM":50,"nearSensitive":false,"busRoute":false}},{"type":"Feature","id":520,"geometry":{"type":"LineString","coordinates":[[76.58487565007644,30.771079272586103],[76.58537125452295,30.770934839944918]]},"properties":{"id":520,"osmWayId":1000892416,"name":"Unnamed tertiary","highway":"tertiary","roadClass":"collector","lengthM":50,"nearSensitive":false,"busRoute":false}},{"type":"Feature","id":521,"geometry":{"type":"LineString","coordinates":[[76.58537125452295,30.770934839944918],[76.5855759,30.7708752],[76.5857651,30.7708234],[76.58586864669826,30.770795080690576]]},"properties":{"id":521,"osmWayId":1000892416,"name":"Unnamed tertiary","highway":"tertiary","roadClass":"collector","lengthM":50,"nearSensitive":false,"busRoute":false}},{"type":"Feature","id":522,"geometry":{"type":"LineString","coordinates":[[76.58586864669826,30.770795080690576],[76.58636732762469,30.770658693503318]]},"properties":{"id":522,"osmWayId":1000892416,"name":"Unnamed tertiary","highway":"tertiary","roadClass":"collector","lengthM":50,"nearSensitive":false,"busRoute":false}},{"type":"Feature","id":523,"geometry":{"type":"LineString","coordinates":[[76.58636732762469,30.770658693503318],[76.5866982,30.7705682],[76.5867725,30.7705443],[76.58686314094673,30.770515185855455]]},"properties":{"id":523,"osmWayId":1000892416,"name":"Unnamed tertiary","highway":"tertiary","roadClass":"collector","lengthM":50,"nearSensitive":false,"busRoute":false}},{"type":"Feature","id":524,"geometry":{"type":"LineString","coordinates":[[76.58686314094673,30.770515185855455],[76.587171,30.7704163],[76.58735054186471,30.770351661752485]]},"properties":{"id":524,"osmWayId":1000892416,"name":"Unnamed tertiary","highway":"tertiary","roadClass":"collector","lengthM":50,"nearSensitive":false,"busRoute":false}},{"type":"Feature","id":525,"geometry":{"type":"LineString","coordinates":[[76.58735054186471,30.770351661752485],[76.5875932,30.7702643],[76.58781544532201,30.77014797561632]]},"properties":{"id":525,"osmWayId":1000892416,"name":"Unnamed tertiary","highway":"tertiary","roadClass":"collector","lengthM":50,"nearSensitive":false,"busRoute":false}},{"type":"Feature","id":526,"geometry":{"type":"LineString","coordinates":[[76.58781544532201,30.77014797561632],[76.58826238082307,30.769914045199062]]},"properties":{"id":526,"osmWayId":1000892416,"name":"Unnamed tertiary","highway":"tertiary","roadClass":"collector","lengthM":50,"nearSensitive":false,"busRoute":false}},{"type":"Feature","id":527,"geometry":{"type":"LineString","coordinates":[[76.58826238082307,30.769914045199062],[76.5885351,30.7697713],[76.58871492040109,30.769688537150287]]},"properties":{"id":527,"osmWayId":1000892416,"name":"Unnamed tertiary","highway":"tertiary","roadClass":"collector","lengthM":50,"nearSensitive":false,"busRoute":false}},{"type":"Feature","id":528,"geometry":{"type":"LineString","coordinates":[[76.58871492040109,30.769688537150287],[76.5889364,30.7695866],[76.5890211,30.7695085],[76.5891038960779,30.769403267647096]]},"properties":{"id":528,"osmWayId":1000892416,"name":"Unnamed tertiary","highway":"tertiary","roadClass":"collector","lengthM":50,"nearSensitive":false,"busRoute":false}},{"type":"Feature","id":529,"geometry":{"type":"LineString","coordinates":[[76.5891038960779,30.769403267647096],[76.5891462,30.7693495]]},"properties":{"id":529,"osmWayId":1000892416,"name":"Unnamed tertiary","highway":"tertiary","roadClass":"collector","lengthM":7.2,"nearSensitive":false,"busRoute":false}},{"type":"Feature","id":530,"geometry":{"type":"LineString","coordinates":[[76.5897752,30.7690273],[76.5899343,30.7690369],[76.5900121,30.7690407],[76.5901049,30.7690147],[76.59026462104997,30.768929009960043]]},"properties":{"id":530,"osmWayId":1000892417,"name":"Unnamed unclassified","highway":"unclassified","roadClass":"local","lengthM":50,"nearSensitive":false,"busRoute":false}},{"type":"Feature","id":531,"geometry":{"type":"LineString","coordinates":[[76.59026462104997,30.768929009960043],[76.5903871,30.7688633],[76.5907084866788,30.76869081117723]]},"properties":{"id":531,"osmWayId":1000892417,"name":"Unnamed unclassified","highway":"unclassified","roadClass":"local","lengthM":50,"nearSensitive":false,"busRoute":false}},{"type":"Feature","id":532,"geometry":{"type":"LineString","coordinates":[[76.5907084866788,30.76869081117723],[76.59115233738028,30.768452593368295]]},"properties":{"id":532,"osmWayId":1000892417,"name":"Unnamed unclassified","highway":"unclassified","roadClass":"local","lengthM":50,"nearSensitive":false,"busRoute":false}},{"type":"Feature","id":533,"geometry":{"type":"LineString","coordinates":[[76.59115233738028,30.768452593368295],[76.5911622,30.7684473],[76.5912629,30.7683969],[76.59160442503769,30.76822611102349]]},"properties":{"id":533,"osmWayId":1000892417,"name":"Unnamed unclassified","highway":"unclassified","roadClass":"local","lengthM":50,"nearSensitive":false,"busRoute":false}},{"type":"Feature","id":534,"geometry":{"type":"LineString","coordinates":[[76.59160442503769,30.76822611102349],[76.5918932,30.7680817],[76.5920451,30.7680081],[76.5920580427652,30.768001911842543]]},"properties":{"id":534,"osmWayId":1000892417,"name":"Unnamed unclassified","highway":"unclassified","roadClass":"local","lengthM":50,"nearSensitive":false,"busRoute":false}},{"type":"Feature","id":535,"geometry":{"type":"LineString","coordinates":[[76.5920580427652,30.768001911842543],[76.5922279,30.7679207],[76.59251225987519,30.76777862866658]]},"properties":{"id":535,"osmWayId":1000892417,"name":"Unnamed unclassified","highway":"unclassified","roadClass":"local","lengthM":50,"nearSensitive":false,"busRoute":false}},{"type":"Feature","id":536,"geometry":{"type":"LineString","coordinates":[[76.59251225987519,30.76777862866658],[76.5927537,30.767658],[76.59296467573846,30.767552625931504]]},"properties":{"id":536,"osmWayId":1000892417,"name":"Unnamed unclassified","highway":"unclassified","roadClass":"local","lengthM":50,"nearSensitive":false,"busRoute":false}},{"type":"Feature","id":537,"geometry":{"type":"LineString","coordinates":[[76.59296467573846,30.767552625931504],[76.59341710947244,30.76732665117882]]},"properties":{"id":537,"osmWayId":1000892417,"name":"Unnamed unclassified","highway":"unclassified","roadClass":"local","lengthM":50,"nearSensitive":false,"busRoute":false}},{"type":"Feature","id":538,"geometry":{"type":"LineString","coordinates":[[76.59341710947244,30.76732665117882],[76.59386954108174,30.767100674855794]]},"properties":{"id":538,"osmWayId":1000892417,"name":"Unnamed unclassified","highway":"unclassified","roadClass":"local","lengthM":50,"nearSensitive":false,"busRoute":false}},{"type":"Feature","id":539,"geometry":{"type":"LineString","coordinates":[[76.59386954108174,30.767100674855794],[76.5939734,30.7670488],[76.59430966441133,30.766857660849986]]},"properties":{"id":539,"osmWayId":1000892417,"name":"Unnamed unclassified","highway":"unclassified","roadClass":"local","lengthM":50,"nearSensitive":false,"busRoute":false}},{"type":"Feature","id":540,"geometry":{"type":"LineString","coordinates":[[76.59430966441133,30.766857660849986],[76.59474611881299,30.766609569359233]]},"properties":{"id":540,"osmWayId":1000892417,"name":"Unnamed unclassified","highway":"unclassified","roadClass":"local","lengthM":50,"nearSensitive":false,"busRoute":false}},{"type":"Feature","id":541,"geometry":{"type":"LineString","coordinates":[[76.59474611881299,30.766609569359233],[76.59518257096448,30.766361476407113]]},"properties":{"id":541,"osmWayId":1000892417,"name":"Unnamed unclassified","highway":"unclassified","roadClass":"local","lengthM":50,"nearSensitive":false,"busRoute":false}},{"type":"Feature","id":542,"geometry":{"type":"LineString","coordinates":[[76.59518257096448,30.766361476407113],[76.5953917,30.7662426],[76.5956291109045,30.76612755589968]]},"properties":{"id":542,"osmWayId":1000892417,"name":"Unnamed unclassified","highway":"unclassified","roadClass":"local","lengthM":50,"nearSensitive":false,"busRoute":false}},{"type":"Feature","id":543,"geometry":{"type":"LineString","coordinates":[[76.5956291109045,30.76612755589968],[76.59608493125269,30.765906673405855]]},"properties":{"id":543,"osmWayId":1000892417,"name":"Unnamed unclassified","highway":"unclassified","roadClass":"local","lengthM":50,"nearSensitive":false,"busRoute":false}},{"type":"Feature","id":544,"geometry":{"type":"LineString","coordinates":[[76.59608493125269,30.765906673405855],[76.5962673,30.7658183],[76.59653964227249,30.765684116273718]]},"properties":{"id":544,"osmWayId":1000892417,"name":"Unnamed unclassified","highway":"unclassified","roadClass":"local","lengthM":50,"nearSensitive":false,"busRoute":false}},{"type":"Feature","id":545,"geometry":{"type":"LineString","coordinates":[[76.59653964227249,30.765684116273718],[76.59699361275041,30.765460441774994]]},"properties":{"id":545,"osmWayId":1000892417,"name":"Unnamed unclassified","highway":"unclassified","roadClass":"local","lengthM":50,"nearSensitive":false,"busRoute":false}},{"type":"Feature","id":546,"geometry":{"type":"LineString","coordinates":[[76.59699361275041,30.765460441774994],[76.5971585,30.7653792],[76.597191,30.7653599],[76.5972167,30.765347],[76.5973657,30.7652723]]},"properties":{"id":546,"osmWayId":1000892417,"name":"Unnamed unclassified","highway":"unclassified","roadClass":"local","lengthM":41.3,"nearSensitive":false,"busRoute":false}},{"type":"Feature","id":547,"geometry":{"type":"LineString","coordinates":[[76.5829011,30.7715918],[76.5829967,30.7712815]]},"properties":{"id":547,"osmWayId":1000892418,"name":"Unnamed tertiary","highway":"tertiary","roadClass":"collector","lengthM":35.7,"nearSensitive":false,"busRoute":false}},{"type":"Feature","id":548,"geometry":{"type":"LineString","coordinates":[[76.5898076,30.7690107],[76.5902570630384,30.76878038015371]]},"properties":{"id":548,"osmWayId":1000892423,"name":"Ludhiana-Chandigarh Highway","highway":"trunk","roadClass":"arterial","lengthM":50,"nearSensitive":false,"busRoute":true}},{"type":"Feature","id":549,"geometry":{"type":"LineString","coordinates":[[76.5902570630384,30.76878038015371],[76.59070652392535,30.76855005875758]]},"properties":{"id":549,"osmWayId":1000892423,"name":"Ludhiana-Chandigarh Highway","highway":"trunk","roadClass":"arterial","lengthM":50,"nearSensitive":false,"busRoute":true}},{"type":"Feature","id":550,"geometry":{"type":"LineString","coordinates":[[76.59070652392535,30.76855005875758],[76.5910015,30.7683989],[76.59115719163857,30.76832150418636]]},"properties":{"id":550,"osmWayId":1000892423,"name":"Ludhiana-Chandigarh Highway","highway":"trunk","roadClass":"arterial","lengthM":50,"nearSensitive":false,"busRoute":true}},{"type":"Feature","id":551,"geometry":{"type":"LineString","coordinates":[[76.59115719163857,30.76832150418636],[76.59161016569196,30.768096324654366]]},"properties":{"id":551,"osmWayId":1000892423,"name":"Ludhiana-Chandigarh Highway","highway":"trunk","roadClass":"arterial","lengthM":50,"nearSensitive":false,"busRoute":true}},{"type":"Feature","id":552,"geometry":{"type":"LineString","coordinates":[[76.59161016569196,30.768096324654366],[76.59206313762556,30.767871143548252]]},"properties":{"id":552,"osmWayId":1000892423,"name":"Ludhiana-Chandigarh Highway","highway":"trunk","roadClass":"arterial","lengthM":50,"nearSensitive":false,"busRoute":true}},{"type":"Feature","id":553,"geometry":{"type":"LineString","coordinates":[[76.59206313762556,30.767871143548252],[76.59251610743938,30.767645960868023]]},"properties":{"id":553,"osmWayId":1000892423,"name":"Ludhiana-Chandigarh Highway","highway":"trunk","roadClass":"arterial","lengthM":50,"nearSensitive":false,"busRoute":true}},{"type":"Feature","id":554,"geometry":{"type":"LineString","coordinates":[[76.59251610743938,30.767645960868023],[76.59296907513342,30.76742077661373]]},"properties":{"id":554,"osmWayId":1000892423,"name":"Ludhiana-Chandigarh Highway","highway":"trunk","roadClass":"arterial","lengthM":50,"nearSensitive":false,"busRoute":true}},{"type":"Feature","id":555,"geometry":{"type":"LineString","coordinates":[[76.59296907513342,30.76742077661373],[76.5931561,30.7673278],[76.59342290784245,30.767196887044857]]},"properties":{"id":555,"osmWayId":1000892423,"name":"Ludhiana-Chandigarh Highway","highway":"trunk","roadClass":"arterial","lengthM":50,"nearSensitive":false,"busRoute":true}},{"type":"Feature","id":556,"geometry":{"type":"LineString","coordinates":[[76.59342290784245,30.767196887044857],[76.5937239,30.7670492],[76.5938745009765,30.76696977624156]]},"properties":{"id":556,"osmWayId":1000892423,"name":"Ludhiana-Chandigarh Highway","highway":"trunk","roadClass":"arterial","lengthM":50,"nearSensitive":false,"busRoute":true}},{"type":"Feature","id":557,"geometry":{"type":"LineString","coordinates":[[76.5938745009765,30.76696977624156],[76.5942918,30.7667497],[76.59431974488335,30.76673354190357]]},"properties":{"id":557,"osmWayId":1000892423,"name":"Ludhiana-Chandigarh Highway","highway":"trunk","roadClass":"arterial","lengthM":50,"nearSensitive":false,"busRoute":true}},{"type":"Feature","id":558,"geometry":{"type":"LineString","coordinates":[[76.59431974488335,30.76673354190357],[76.59475390869576,30.76648250125184]]},"properties":{"id":558,"osmWayId":1000892423,"name":"Ludhiana-Chandigarh Highway","highway":"trunk","roadClass":"arterial","lengthM":50,"nearSensitive":false,"busRoute":true}},{"type":"Feature","id":559,"geometry":{"type":"LineString","coordinates":[[76.59475390869576,30.76648250125184],[76.59518807024324,30.766231459154035]]},"properties":{"id":559,"osmWayId":1000892423,"name":"Ludhiana-Chandigarh Highway","highway":"trunk","roadClass":"arterial","lengthM":50,"nearSensitive":false,"busRoute":true}},{"type":"Feature","id":560,"geometry":{"type":"LineString","coordinates":[[76.59518807024324,30.766231459154035],[76.595459,30.7660748],[76.59562718207,30.765987069930407]]},"properties":{"id":560,"osmWayId":1000892423,"name":"Ludhiana-Chandigarh Highway","highway":"trunk","roadClass":"arterial","lengthM":50,"nearSensitive":false,"busRoute":true}},{"type":"Feature","id":561,"geometry":{"type":"LineString","coordinates":[[76.59562718207,30.765987069930407],[76.59607451195141,30.765753724067988]]},"properties":{"id":561,"osmWayId":1000892423,"name":"Ludhiana-Chandigarh Highway","highway":"trunk","roadClass":"arterial","lengthM":50,"nearSensitive":false,"busRoute":true}},{"type":"Feature","id":562,"geometry":{"type":"LineString","coordinates":[[76.59607451195141,30.765753724067988],[76.5960759,30.765753],[76.5962936,30.7656454],[76.59652809621113,30.765529472086808]]},"properties":{"id":562,"osmWayId":1000892423,"name":"Ludhiana-Chandigarh Highway","highway":"trunk","roadClass":"arterial","lengthM":50,"nearSensitive":false,"busRoute":true}},{"type":"Feature","id":563,"geometry":{"type":"LineString","coordinates":[[76.59652809621113,30.765529472086808],[76.5967111,30.765439],[76.59698413723316,30.76530895861996]]},"properties":{"id":563,"osmWayId":1000892423,"name":"Ludhiana-Chandigarh Highway","highway":"trunk","roadClass":"arterial","lengthM":50,"nearSensitive":false,"busRoute":true}},{"type":"Feature","id":564,"geometry":{"type":"LineString","coordinates":[[76.59698413723316,30.76530895861996],[76.59744183409842,30.76509096601582]]},"properties":{"id":564,"osmWayId":1000892423,"name":"Ludhiana-Chandigarh Highway","highway":"trunk","roadClass":"arterial","lengthM":50,"nearSensitive":false,"busRoute":true}},{"type":"Feature","id":565,"geometry":{"type":"LineString","coordinates":[[76.59744183409842,30.76509096601582],[76.597898,30.7648737]]},"properties":{"id":565,"osmWayId":1000892423,"name":"Ludhiana-Chandigarh Highway","highway":"trunk","roadClass":"arterial","lengthM":49.8,"nearSensitive":false,"busRoute":true}},{"type":"Feature","id":566,"geometry":{"type":"LineString","coordinates":[[76.589084,30.7693834],[76.5891462,30.7693495],[76.58953244098598,30.769151651894052]]},"properties":{"id":566,"osmWayId":1000892424,"name":"Ludhiana-Chandigarh Highway","highway":"trunk","roadClass":"arterial","lengthM":50,"nearSensitive":false,"busRoute":true}},{"type":"Feature","id":567,"geometry":{"type":"LineString","coordinates":[[76.58953244098598,30.769151651894052],[76.5897752,30.7690273],[76.5898076,30.7690107]]},"properties":{"id":567,"osmWayId":1000892424,"name":"Ludhiana-Chandigarh Highway","highway":"trunk","roadClass":"arterial","lengthM":30.6,"nearSensitive":false,"busRoute":true}},{"type":"Feature","id":568,"geometry":{"type":"LineString","coordinates":[[76.5977919,30.764791],[76.59733197969143,30.765005507274594]]},"properties":{"id":568,"osmWayId":1000892425,"name":"Ludhiana - Chandigarh Highway","highway":"trunk","roadClass":"arterial","lengthM":50,"nearSensitive":false,"busRoute":true}},{"type":"Feature","id":569,"geometry":{"type":"LineString","coordinates":[[76.59733197969143,30.765005507274594],[76.59687205733282,30.7652200129265]]},"properties":{"id":569,"osmWayId":1000892425,"name":"Ludhiana - Chandigarh Highway","highway":"trunk","roadClass":"arterial","lengthM":50,"nearSensitive":false,"busRoute":true}},{"type":"Feature","id":570,"geometry":{"type":"LineString","coordinates":[[76.59687205733282,30.7652200129265],[76.5966313,30.7653323],[76.59641841461273,30.765443889369074]]},"properties":{"id":570,"osmWayId":1000892425,"name":"Ludhiana - Chandigarh Highway","highway":"trunk","roadClass":"arterial","lengthM":50,"nearSensitive":false,"busRoute":true}},{"type":"Feature","id":571,"geometry":{"type":"LineString","coordinates":[[76.59641841461273,30.765443889369074],[76.59597167026735,30.76567805997403]]},"properties":{"id":571,"osmWayId":1000892425,"name":"Ludhiana - Chandigarh Highway","highway":"trunk","roadClass":"arterial","lengthM":50,"nearSensitive":false,"busRoute":true}},{"type":"Feature","id":572,"geometry":{"type":"LineString","coordinates":[[76.59597167026735,30.76567805997403],[76.59552492374807,30.765912229047913]]},"properties":{"id":572,"osmWayId":1000892425,"name":"Ludhiana - Chandigarh Highway","highway":"trunk","roadClass":"arterial","lengthM":50,"nearSensitive":false,"busRoute":true}},{"type":"Feature","id":573,"geometry":{"type":"LineString","coordinates":[[76.59552492374807,30.765912229047913],[76.59507817505487,30.76614639659071]]},"properties":{"id":573,"osmWayId":1000892425,"name":"Ludhiana - Chandigarh Highway","highway":"trunk","roadClass":"arterial","lengthM":50,"nearSensitive":false,"busRoute":true}},{"type":"Feature","id":574,"geometry":{"type":"LineString","coordinates":[[76.59507817505487,30.76614639659071],[76.5948374,30.7662726],[76.59463651245903,30.76638742350435]]},"properties":{"id":574,"osmWayId":1000892425,"name":"Ludhiana - Chandigarh Highway","highway":"trunk","roadClass":"arterial","lengthM":50,"nearSensitive":false,"busRoute":true}},{"type":"Feature","id":575,"geometry":{"type":"LineString","coordinates":[[76.59463651245903,30.76638742350435],[76.59420079557012,30.766636468999952]]},"properties":{"id":575,"osmWayId":1000892425,"name":"Ludhiana - Chandigarh Highway","highway":"trunk","roadClass":"arterial","lengthM":50,"nearSensitive":false,"busRoute":true}},{"type":"Feature","id":576,"geometry":{"type":"LineString","coordinates":[[76.59420079557012,30.766636468999952],[76.5939663,30.7667705],[76.59375835420416,30.7668763169334]]},"properties":{"id":576,"osmWayId":1000892425,"name":"Ludhiana - Chandigarh Highway","highway":"trunk","roadClass":"arterial","lengthM":50,"nearSensitive":false,"busRoute":true}},{"type":"Feature","id":577,"geometry":{"type":"LineString","coordinates":[[76.59375835420416,30.7668763169334],[76.59330807691335,30.767105446643193]]},"properties":{"id":577,"osmWayId":1000892425,"name":"Ludhiana - Chandigarh Highway","highway":"trunk","roadClass":"arterial","lengthM":50,"nearSensitive":false,"busRoute":true}},{"type":"Feature","id":578,"geometry":{"type":"LineString","coordinates":[[76.59330807691335,30.767105446643193],[76.59285779747849,30.767334574797577]]},"properties":{"id":578,"osmWayId":1000892425,"name":"Ludhiana - Chandigarh Highway","highway":"trunk","roadClass":"arterial","lengthM":50,"nearSensitive":false,"busRoute":true}},{"type":"Feature","id":579,"geometry":{"type":"LineString","coordinates":[[76.59285779747849,30.767334574797577],[76.5926402,30.7674453],[76.59240537010801,30.767560531181015]]},"properties":{"id":579,"osmWayId":1000892425,"name":"Ludhiana - Chandigarh Highway","highway":"trunk","roadClass":"arterial","lengthM":50,"nearSensitive":false,"busRoute":true}},{"type":"Feature","id":580,"geometry":{"type":"LineString","coordinates":[[76.59240537010801,30.767560531181015],[76.59195093395347,30.76778352131297]]},"properties":{"id":580,"osmWayId":1000892425,"name":"Ludhiana - Chandigarh Highway","highway":"trunk","roadClass":"arterial","lengthM":50,"nearSensitive":false,"busRoute":true}},{"type":"Feature","id":581,"geometry":{"type":"LineString","coordinates":[[76.59195093395347,30.76778352131297],[76.59149649569301,30.768006509860612]]},"properties":{"id":581,"osmWayId":1000892425,"name":"Ludhiana - Chandigarh Highway","highway":"trunk","roadClass":"arterial","lengthM":50,"nearSensitive":false,"busRoute":true}},{"type":"Feature","id":582,"geometry":{"type":"LineString","coordinates":[[76.59149649569301,30.768006509860612],[76.5910420553266,30.76822949682392]]},"properties":{"id":582,"osmWayId":1000892425,"name":"Ludhiana - Chandigarh Highway","highway":"trunk","roadClass":"arterial","lengthM":50,"nearSensitive":false,"busRoute":true}},{"type":"Feature","id":583,"geometry":{"type":"LineString","coordinates":[[76.5910420553266,30.76822949682392],[76.590739,30.7683782],[76.59059042640753,30.76845656412493]]},"properties":{"id":583,"osmWayId":1000892425,"name":"Ludhiana - Chandigarh Highway","highway":"trunk","roadClass":"arterial","lengthM":50,"nearSensitive":false,"busRoute":true}},{"type":"Feature","id":584,"geometry":{"type":"LineString","coordinates":[[76.59059042640753,30.76845656412493],[76.59014442767558,30.768691801321193]]},"properties":{"id":584,"osmWayId":1000892425,"name":"Ludhiana - Chandigarh Highway","highway":"trunk","roadClass":"arterial","lengthM":50,"nearSensitive":false,"busRoute":true}},{"type":"Feature","id":585,"geometry":{"type":"LineString","coordinates":[[76.59014442767558,30.768691801321193],[76.5897112,30.7689203]]},"properties":{"id":585,"osmWayId":1000892425,"name":"Ludhiana - Chandigarh Highway","highway":"trunk","roadClass":"arterial","lengthM":48.6,"nearSensitive":false,"busRoute":true}},{"type":"Feature","id":586,"geometry":{"type":"LineString","coordinates":[[76.5897112,30.7689203],[76.5893529,30.7690936],[76.58925645103986,30.769142788190003]]},"properties":{"id":586,"osmWayId":1000892426,"name":"Ludhiana - Chandigarh Highway","highway":"trunk","roadClass":"arterial","lengthM":50,"nearSensitive":false,"busRoute":true}},{"type":"Feature","id":587,"geometry":{"type":"LineString","coordinates":[[76.58925645103986,30.769142788190003],[76.5890376,30.7692544]]},"properties":{"id":587,"osmWayId":1000892426,"name":"Ludhiana - Chandigarh Highway","highway":"trunk","roadClass":"arterial","lengthM":24.3,"nearSensitive":false,"busRoute":true}},{"type":"Feature","id":588,"geometry":{"type":"LineString","coordinates":[[76.5987471,30.7643551],[76.5985143,30.7643828],[76.5982512052407,30.764484055575732]]},"properties":{"id":588,"osmWayId":1000892427,"name":"Unnamed tertiary","highway":"tertiary","roadClass":"collector","lengthM":50,"nearSensitive":false,"busRoute":false}},{"type":"Feature","id":589,"geometry":{"type":"LineString","coordinates":[[76.5982512052407,30.764484055575732],[76.5978577,30.7646355],[76.59777444446496,30.76466939837412]]},"properties":{"id":589,"osmWayId":1000892427,"name":"Unnamed tertiary","highway":"tertiary","roadClass":"collector","lengthM":50,"nearSensitive":false,"busRoute":false}},{"type":"Feature","id":590,"geometry":{"type":"LineString","coordinates":[[76.59777444446496,30.76466939837412],[76.5976482,30.7647208],[76.5973439,30.7648749],[76.59731743596197,30.76488773386674]]},"properties":{"id":590,"osmWayId":1000892427,"name":"Unnamed tertiary","highway":"tertiary","roadClass":"collector","lengthM":50,"nearSensitive":false,"busRoute":false}},{"type":"Feature","id":591,"geometry":{"type":"LineString","coordinates":[[76.59731743596197,30.76488773386674],[76.59686170317079,30.765108742368543]]},"properties":{"id":591,"osmWayId":1000892427,"name":"Unnamed tertiary","highway":"tertiary","roadClass":"collector","lengthM":50,"nearSensitive":false,"busRoute":false}},{"type":"Feature","id":592,"geometry":{"type":"LineString","coordinates":[[76.59686170317079,30.765108742368543],[76.5967857,30.7651456],[76.59641135779525,30.765337724090937]]},"properties":{"id":592,"osmWayId":1000892427,"name":"Unnamed tertiary","highway":"tertiary","roadClass":"collector","lengthM":50,"nearSensitive":false,"busRoute":false}},{"type":"Feature","id":593,"geometry":{"type":"LineString","coordinates":[[76.59641135779525,30.765337724090937],[76.5960827,30.7655064],[76.59596156801237,30.765567544702634]]},"properties":{"id":593,"osmWayId":1000892427,"name":"Unnamed tertiary","highway":"tertiary","roadClass":"collector","lengthM":50,"nearSensitive":false,"busRoute":false}},{"type":"Feature","id":594,"geometry":{"type":"LineString","coordinates":[[76.59596156801237,30.765567544702634],[76.5958943,30.7656015],[76.59551661780674,30.76580418489124]]},"properties":{"id":594,"osmWayId":1000892427,"name":"Unnamed tertiary","highway":"tertiary","roadClass":"collector","lengthM":50,"nearSensitive":false,"busRoute":false}},{"type":"Feature","id":595,"geometry":{"type":"LineString","coordinates":[[76.59551661780674,30.76580418489124],[76.59507276241537,30.76604237944471]]},"properties":{"id":595,"osmWayId":1000892427,"name":"Unnamed tertiary","highway":"tertiary","roadClass":"collector","lengthM":50,"nearSensitive":false,"busRoute":false}},{"type":"Feature","id":596,"geometry":{"type":"LineString","coordinates":[[76.59507276241537,30.76604237944471],[76.5946637,30.7662619],[76.59462926546915,30.766281059743154]]},"properties":{"id":596,"osmWayId":1000892427,"name":"Unnamed tertiary","highway":"tertiary","roadClass":"collector","lengthM":50,"nearSensitive":false,"busRoute":false}},{"type":"Feature","id":597,"geometry":{"type":"LineString","coordinates":[[76.59462926546915,30.766281059743154],[76.59419000613467,30.76652546689194]]},"properties":{"id":597,"osmWayId":1000892427,"name":"Unnamed tertiary","highway":"tertiary","roadClass":"collector","lengthM":50,"nearSensitive":false,"busRoute":false}},{"type":"Feature","id":598,"geometry":{"type":"LineString","coordinates":[[76.59419000613467,30.76652546689194],[76.594037,30.7666106],[76.5938739,30.7667014],[76.5937832,30.7667519],[76.59374985038299,30.766768620130417]]},"properties":{"id":598,"osmWayId":1000892427,"name":"Unnamed tertiary","highway":"tertiary","roadClass":"collector","lengthM":50,"nearSensitive":false,"busRoute":false}},{"type":"Feature","id":599,"geometry":{"type":"LineString","coordinates":[[76.59374985038299,30.766768620130417],[76.59329785140669,30.766995232467938]]},"properties":{"id":599,"osmWayId":1000892427,"name":"Unnamed tertiary","highway":"tertiary","roadClass":"collector","lengthM":50,"nearSensitive":false,"busRoute":false}},{"type":"Feature","id":600,"geometry":{"type":"LineString","coordinates":[[76.59329785140669,30.766995232467938],[76.5928595,30.767215],[76.59284585157792,30.767221845117092]]},"properties":{"id":600,"osmWayId":1000892427,"name":"Unnamed tertiary","highway":"tertiary","roadClass":"collector","lengthM":50,"nearSensitive":false,"busRoute":false}},{"type":"Feature","id":601,"geometry":{"type":"LineString","coordinates":[[76.59284585157792,30.767221845117092],[76.59239389060271,30.767448516541116]]},"properties":{"id":601,"osmWayId":1000892427,"name":"Unnamed tertiary","highway":"tertiary","roadClass":"collector","lengthM":50,"nearSensitive":false,"busRoute":false}},{"type":"Feature","id":602,"geometry":{"type":"LineString","coordinates":[[76.59239389060271,30.767448516541116],[76.5923361,30.7674775],[76.5923052,30.7674929],[76.59194159830867,30.767674700929874]]},"properties":{"id":602,"osmWayId":1000892427,"name":"Unnamed tertiary","highway":"tertiary","roadClass":"collector","lengthM":50,"nearSensitive":false,"busRoute":false}},{"type":"Feature","id":603,"geometry":{"type":"LineString","coordinates":[[76.59194159830867,30.767674700929874],[76.5919056,30.7676927],[76.5914892401048,30.767900789710723]]},"properties":{"id":603,"osmWayId":1000892427,"name":"Unnamed tertiary","highway":"tertiary","roadClass":"collector","lengthM":50,"nearSensitive":false,"busRoute":false}},{"type":"Feature","id":604,"geometry":{"type":"LineString","coordinates":[[76.5914892401048,30.767900789710723],[76.5914448,30.767923],[76.59103689686233,30.768126902161562]]},"properties":{"id":604,"osmWayId":1000892427,"name":"Unnamed tertiary","highway":"tertiary","roadClass":"collector","lengthM":50,"nearSensitive":false,"busRoute":false}},{"type":"Feature","id":605,"geometry":{"type":"LineString","coordinates":[[76.59103689686233,30.768126902161562],[76.5906364,30.7683271],[76.59058470707066,30.76835324151372]]},"properties":{"id":605,"osmWayId":1000892427,"name":"Unnamed tertiary","highway":"tertiary","roadClass":"collector","lengthM":50,"nearSensitive":false,"busRoute":false}},{"type":"Feature","id":606,"geometry":{"type":"LineString","coordinates":[[76.59058470707066,30.76835324151372],[76.59013369931122,30.768581318149657]]},"properties":{"id":606,"osmWayId":1000892427,"name":"Unnamed tertiary","highway":"tertiary","roadClass":"collector","lengthM":50,"nearSensitive":false,"busRoute":false}},{"type":"Feature","id":607,"geometry":{"type":"LineString","coordinates":[[76.59013369931122,30.768581318149657],[76.58968268941402,30.768809393225084]]},"properties":{"id":607,"osmWayId":1000892427,"name":"Unnamed tertiary","highway":"tertiary","roadClass":"collector","lengthM":50,"nearSensitive":false,"busRoute":false}},{"type":"Feature","id":608,"geometry":{"type":"LineString","coordinates":[[76.58968268941402,30.768809393225084],[76.5894347,30.7689348],[76.58923240943562,30.7690385281009]]},"properties":{"id":608,"osmWayId":1000892427,"name":"Unnamed tertiary","highway":"tertiary","roadClass":"collector","lengthM":50,"nearSensitive":false,"busRoute":false}},{"type":"Feature","id":609,"geometry":{"type":"LineString","coordinates":[[76.58923240943562,30.7690385281009],[76.5887830215085,30.769268957865545]]},"properties":{"id":609,"osmWayId":1000892427,"name":"Unnamed tertiary","highway":"tertiary","roadClass":"collector","lengthM":50,"nearSensitive":false,"busRoute":false}},{"type":"Feature","id":610,"geometry":{"type":"LineString","coordinates":[[76.5887830215085,30.769268957865545],[76.58833363142924,30.769499386080845]]},"properties":{"id":610,"osmWayId":1000892427,"name":"Unnamed tertiary","highway":"tertiary","roadClass":"collector","lengthM":50,"nearSensitive":false,"busRoute":false}},{"type":"Feature","id":611,"geometry":{"type":"LineString","coordinates":[[76.58833363142924,30.769499386080845],[76.5881103,30.7696139],[76.58788173495367,30.769726128511024]]},"properties":{"id":611,"osmWayId":1000892427,"name":"Unnamed tertiary","highway":"tertiary","roadClass":"collector","lengthM":50,"nearSensitive":false,"busRoute":false}},{"type":"Feature","id":612,"geometry":{"type":"LineString","coordinates":[[76.58788173495367,30.769726128511024],[76.587504,30.7699116],[76.58742455070806,30.769944645244454]]},"properties":{"id":612,"osmWayId":1000892427,"name":"Unnamed tertiary","highway":"tertiary","roadClass":"collector","lengthM":50,"nearSensitive":false,"busRoute":false}},{"type":"Feature","id":613,"geometry":{"type":"LineString","coordinates":[[76.58742455070806,30.769944645244454],[76.58695350631635,30.770140564687335]]},"properties":{"id":613,"osmWayId":1000892427,"name":"Unnamed tertiary","highway":"tertiary","roadClass":"collector","lengthM":50,"nearSensitive":false,"busRoute":false}},{"type":"Feature","id":614,"geometry":{"type":"LineString","coordinates":[[76.58695350631635,30.770140564687335],[76.5868183,30.7701968],[76.5865602,30.77027],[76.58646282966414,30.77029407272981]]},"properties":{"id":614,"osmWayId":1000892427,"name":"Unnamed tertiary","highway":"tertiary","roadClass":"collector","lengthM":50,"nearSensitive":false,"busRoute":false}},{"type":"Feature","id":615,"geometry":{"type":"LineString","coordinates":[[76.58646282966414,30.77029407272981],[76.5863167,30.7703302],[76.58596203363182,30.77042454334971]]},"properties":{"id":615,"osmWayId":1000892427,"name":"Unnamed tertiary","highway":"tertiary","roadClass":"collector","lengthM":50,"nearSensitive":false,"busRoute":false}},{"type":"Feature","id":616,"geometry":{"type":"LineString","coordinates":[[76.58596203363182,30.77042454334971],[76.58546210933733,30.770557524213118]]},"properties":{"id":616,"osmWayId":1000892427,"name":"Unnamed tertiary","highway":"tertiary","roadClass":"collector","lengthM":50,"nearSensitive":false,"busRoute":false}},{"type":"Feature","id":617,"geometry":{"type":"LineString","coordinates":[[76.58546210933733,30.770557524213118],[76.5849621836611,30.770690503159056]]},"properties":{"id":617,"osmWayId":1000892427,"name":"Unnamed tertiary","highway":"tertiary","roadClass":"collector","lengthM":50,"nearSensitive":false,"busRoute":false}},{"type":"Feature","id":618,"geometry":{"type":"LineString","coordinates":[[76.5849621836611,30.770690503159056],[76.5846964,30.7707612],[76.58446237643865,30.77082381182426]]},"properties":{"id":618,"osmWayId":1000892427,"name":"Unnamed tertiary","highway":"tertiary","roadClass":"collector","lengthM":50,"nearSensitive":false,"busRoute":false}},{"type":"Feature","id":619,"geometry":{"type":"LineString","coordinates":[[76.58446237643865,30.77082381182426],[76.5839627038589,30.770957495025396]]},"properties":{"id":619,"osmWayId":1000892427,"name":"Unnamed tertiary","highway":"tertiary","roadClass":"collector","lengthM":50,"nearSensitive":false,"busRoute":false}},{"type":"Feature","id":620,"geometry":{"type":"LineString","coordinates":[[76.5839627038589,30.770957495025396],[76.5834630298908,30.77109117631099]]},"properties":{"id":620,"osmWayId":1000892427,"name":"Unnamed tertiary","highway":"tertiary","roadClass":"collector","lengthM":50,"nearSensitive":false,"busRoute":false}},{"type":"Feature","id":621,"geometry":{"type":"LineString","coordinates":[[76.5834630298908,30.77109117631099],[76.5830215,30.7712093],[76.58296343352875,30.77122507201497]]},"properties":{"id":621,"osmWayId":1000892427,"name":"Unnamed tertiary","highway":"tertiary","roadClass":"collector","lengthM":50,"nearSensitive":false,"busRoute":false}},{"type":"Feature","id":622,"geometry":{"type":"LineString","coordinates":[[76.58296343352875,30.77122507201497],[76.58246443561654,30.771360608548896]]},"properties":{"id":622,"osmWayId":1000892427,"name":"Unnamed tertiary","highway":"tertiary","roadClass":"collector","lengthM":50,"nearSensitive":false,"busRoute":false}},{"type":"Feature","id":623,"geometry":{"type":"LineString","coordinates":[[76.58246443561654,30.771360608548896],[76.5819654362986,30.771496143172428]]},"properties":{"id":623,"osmWayId":1000892427,"name":"Unnamed tertiary","highway":"tertiary","roadClass":"collector","lengthM":50,"nearSensitive":false,"busRoute":false}},{"type":"Feature","id":624,"geometry":{"type":"LineString","coordinates":[[76.5819654362986,30.771496143172428],[76.5816578,30.7715797],[76.58146666835555,30.771632304417373]]},"properties":{"id":624,"osmWayId":1000892427,"name":"Unnamed tertiary","highway":"tertiary","roadClass":"collector","lengthM":50,"nearSensitive":false,"busRoute":false}},{"type":"Feature","id":625,"geometry":{"type":"LineString","coordinates":[[76.58146666835555,30.771632304417373],[76.58096827321347,30.7717694741805]]},"properties":{"id":625,"osmWayId":1000892427,"name":"Unnamed tertiary","highway":"tertiary","roadClass":"collector","lengthM":50,"nearSensitive":false,"busRoute":false}},{"type":"Feature","id":626,"geometry":{"type":"LineString","coordinates":[[76.58096827321347,30.7717694741805],[76.5805536,30.7718836],[76.5804690747809,30.771904368640943]]},"properties":{"id":626,"osmWayId":1000892427,"name":"Unnamed tertiary","highway":"tertiary","roadClass":"collector","lengthM":50,"nearSensitive":false,"busRoute":false}},{"type":"Feature","id":627,"geometry":{"type":"LineString","coordinates":[[76.5804690747809,30.771904368640943],[76.57996590341844,30.77202800125502]]},"properties":{"id":627,"osmWayId":1000892427,"name":"Unnamed tertiary","highway":"tertiary","roadClass":"collector","lengthM":50,"nearSensitive":false,"busRoute":false}},{"type":"Feature","id":628,"geometry":{"type":"LineString","coordinates":[[76.57996590341844,30.77202800125502],[76.5798723,30.772051],[76.5797641,30.7720776]]},"properties":{"id":628,"osmWayId":1000892427,"name":"Unnamed tertiary","highway":"tertiary","roadClass":"collector","lengthM":20.1,"nearSensitive":false,"busRoute":false}},{"type":"Feature","id":629,"geometry":{"type":"LineString","coordinates":[[76.5797641,30.7720776],[76.57925727416949,30.77218967510355]]},"properties":{"id":629,"osmWayId":1000892428,"name":"Unnamed tertiary","highway":"tertiary","roadClass":"collector","lengthM":50,"nearSensitive":true,"busRoute":false}},{"type":"Feature","id":630,"geometry":{"type":"LineString","coordinates":[[76.57925727416949,30.77218967510355],[76.5789198,30.7722643],[76.57874960151645,30.77229880207369]]},"properties":{"id":630,"osmWayId":1000892428,"name":"Unnamed tertiary","highway":"tertiary","roadClass":"collector","lengthM":50,"nearSensitive":true,"busRoute":false}},{"type":"Feature","id":631,"geometry":{"type":"LineString","coordinates":[[76.57874960151645,30.77229880207369],[76.5786179,30.7723255],[76.57827927551381,30.772488291117313]]},"properties":{"id":631,"osmWayId":1000892428,"name":"Unnamed tertiary","highway":"tertiary","roadClass":"collector","lengthM":50,"nearSensitive":true,"busRoute":false}},{"type":"Feature","id":632,"geometry":{"type":"LineString","coordinates":[[76.57827927551381,30.772488291117313],[76.5781973,30.7725277]]},"properties":{"id":632,"osmWayId":1000892428,"name":"Unnamed tertiary","highway":"tertiary","roadClass":"collector","lengthM":9,"nearSensitive":true,"busRoute":false}},{"type":"Feature","id":633,"geometry":{"type":"LineString","coordinates":[[76.5775469,30.7726701],[76.5771545,30.7726446],[76.57702796055383,30.772669533197373]]},"properties":{"id":633,"osmWayId":1098502902,"name":"Unnamed unclassified","highway":"unclassified","roadClass":"local","lengthM":50,"nearSensitive":true,"busRoute":false}},{"type":"Feature","id":634,"geometry":{"type":"LineString","coordinates":[[76.57702796055383,30.772669533197373],[76.5769789,30.7726792],[76.5769305,30.7726907],[76.57652293397491,30.772787318539837]]},"properties":{"id":634,"osmWayId":1098502902,"name":"Unnamed unclassified","highway":"unclassified","roadClass":"local","lengthM":50,"nearSensitive":true,"busRoute":false}},{"type":"Feature","id":635,"geometry":{"type":"LineString","coordinates":[[76.57652293397491,30.772787318539837],[76.576488,30.7727956],[76.5764361,30.7728079],[76.5761527,30.7728751],[76.57601800158481,30.772905521699847]]},"properties":{"id":635,"osmWayId":1098502902,"name":"Unnamed unclassified","highway":"unclassified","roadClass":"local","lengthM":50,"nearSensitive":true,"busRoute":false}},{"type":"Feature","id":636,"geometry":{"type":"LineString","coordinates":[[76.57601800158481,30.772905521699847],[76.57551184899226,30.773019835082458]]},"properties":{"id":636,"osmWayId":1098502902,"name":"Unnamed unclassified","highway":"unclassified","roadClass":"local","lengthM":50,"nearSensitive":false,"busRoute":false}},{"type":"Feature","id":637,"geometry":{"type":"LineString","coordinates":[[76.57551184899226,30.773019835082458],[76.575454,30.7730329],[76.575052,30.7731285],[76.57500726076921,30.77313913230883]]},"properties":{"id":637,"osmWayId":1098502902,"name":"Unnamed unclassified","highway":"unclassified","roadClass":"local","lengthM":50,"nearSensitive":false,"busRoute":false}},{"type":"Feature","id":638,"geometry":{"type":"LineString","coordinates":[[76.57500726076921,30.77313913230883],[76.5747848,30.773192],[76.57450143706663,30.773254443158216]]},"properties":{"id":638,"osmWayId":1098502902,"name":"Unnamed unclassified","highway":"unclassified","roadClass":"local","lengthM":50,"nearSensitive":false,"busRoute":false}},{"type":"Feature","id":639,"geometry":{"type":"LineString","coordinates":[[76.57450143706663,30.773254443158216],[76.57399449590713,30.773366153302668]]},"properties":{"id":639,"osmWayId":1098502902,"name":"Unnamed unclassified","highway":"unclassified","roadClass":"local","lengthM":50,"nearSensitive":false,"busRoute":false}},{"type":"Feature","id":640,"geometry":{"type":"LineString","coordinates":[[76.57399449590713,30.773366153302668],[76.5737161,30.7734275],[76.5735926,30.7734547],[76.57348805700431,30.773479486014487]]},"properties":{"id":640,"osmWayId":1098502902,"name":"Unnamed unclassified","highway":"unclassified","roadClass":"local","lengthM":50,"nearSensitive":false,"busRoute":false}},{"type":"Feature","id":641,"geometry":{"type":"LineString","coordinates":[[76.57348805700431,30.773479486014487],[76.5730776,30.7735768],[76.5729834832611,30.77359884919741]]},"properties":{"id":641,"osmWayId":1098502902,"name":"Unnamed unclassified","highway":"unclassified","roadClass":"local","lengthM":50,"nearSensitive":false,"busRoute":false}},{"type":"Feature","id":642,"geometry":{"type":"LineString","coordinates":[[76.5729834832611,30.77359884919741],[76.5729218,30.7736133],[76.57247851487593,30.773716977102925]]},"properties":{"id":642,"osmWayId":1098502902,"name":"Unnamed unclassified","highway":"unclassified","roadClass":"local","lengthM":50,"nearSensitive":false,"busRoute":false}},{"type":"Feature","id":643,"geometry":{"type":"LineString","coordinates":[[76.57247851487593,30.773716977102925],[76.5723091,30.7737566],[76.5719993,30.7738311],[76.57197419699176,30.773837131401372]]},"properties":{"id":643,"osmWayId":1098502902,"name":"Unnamed unclassified","highway":"unclassified","roadClass":"local","lengthM":50,"nearSensitive":true,"busRoute":false}},{"type":"Feature","id":644,"geometry":{"type":"LineString","coordinates":[[76.57197419699176,30.773837131401372],[76.5717579,30.7738891],[76.57146827679362,30.773952085580795]]},"properties":{"id":644,"osmWayId":1098502902,"name":"Unnamed unclassified","highway":"unclassified","roadClass":"local","lengthM":50,"nearSensitive":true,"busRoute":false}},{"type":"Feature","id":645,"geometry":{"type":"LineString","coordinates":[[76.57146827679362,30.773952085580795],[76.5711169,30.7740285],[76.57096199025167,30.77406585334243]]},"properties":{"id":645,"osmWayId":1098502902,"name":"Unnamed unclassified","highway":"unclassified","roadClass":"local","lengthM":50,"nearSensitive":true,"busRoute":false}},{"type":"Feature","id":646,"geometry":{"type":"LineString","coordinates":[[76.57096199025167,30.77406585334243],[76.570759,30.7741148],[76.5706899,30.7741314],[76.5705582,30.7741614],[76.570457142152,30.774184322190234]]},"properties":{"id":646,"osmWayId":1098502902,"name":"Unnamed unclassified","highway":"unclassified","roadClass":"local","lengthM":50,"nearSensitive":true,"busRoute":false}},{"type":"Feature","id":647,"geometry":{"type":"LineString","coordinates":[[76.570457142152,30.774184322190234],[76.5703867,30.7742003]]},"properties":{"id":647,"osmWayId":1098502902,"name":"Unnamed unclassified","highway":"unclassified","roadClass":"local","lengthM":7,"nearSensitive":true,"busRoute":false}},{"type":"Feature","id":648,"geometry":{"type":"LineString","coordinates":[[76.5587328,30.7770578],[76.55876555936693,30.777506578456034]]},"properties":{"id":648,"osmWayId":1100779290,"name":"Unnamed residential","highway":"residential","roadClass":"local","lengthM":50,"nearSensitive":false,"busRoute":false}},{"type":"Feature","id":649,"geometry":{"type":"LineString","coordinates":[[76.55876555936693,30.777506578456034],[76.5587717,30.7775907],[76.55878854291288,30.77795578668987]]},"properties":{"id":649,"osmWayId":1100779290,"name":"Unnamed residential","highway":"residential","roadClass":"local","lengthM":50,"nearSensitive":false,"busRoute":false}},{"type":"Feature","id":650,"geometry":{"type":"LineString","coordinates":[[76.55878854291288,30.77795578668987],[76.5587896,30.7779787],[76.5588098,30.7782188],[76.5588253661156,30.778404321059877]]},"properties":{"id":650,"osmWayId":1100779290,"name":"Unnamed residential","highway":"residential","roadClass":"local","lengthM":50,"nearSensitive":false,"busRoute":false}},{"type":"Feature","id":651,"geometry":{"type":"LineString","coordinates":[[76.5588253661156,30.778404321059877],[76.5588416,30.7785978],[76.558861,30.7788294],[76.5588732521316,30.77885038843867]]},"properties":{"id":651,"osmWayId":1100779290,"name":"Unnamed residential","highway":"residential","roadClass":"local","lengthM":50,"nearSensitive":false,"busRoute":false}},{"type":"Feature","id":652,"geometry":{"type":"LineString","coordinates":[[76.5588732521316,30.77885038843867],[76.558884,30.7788688],[76.5589248,30.7788798],[76.5593657,30.7788888]]},"properties":{"id":652,"osmWayId":1100779290,"name":"Unnamed residential","highway":"residential","roadClass":"local","lengthM":48.5,"nearSensitive":false,"busRoute":false}},{"type":"Feature","id":653,"geometry":{"type":"LineString","coordinates":[[76.5582025,30.7799046],[76.5584312,30.7798849],[76.5586621,30.7798476],[76.55871887325267,30.77983515721103]]},"properties":{"id":653,"osmWayId":1100779294,"name":"Unnamed residential","highway":"residential","roadClass":"local","lengthM":50,"nearSensitive":false,"busRoute":false}},{"type":"Feature","id":654,"geometry":{"type":"LineString","coordinates":[[76.55871887325267,30.77983515721103],[76.5587821,30.7798213],[76.5588854,30.7798005],[76.5590526,30.779783],[76.55923492304396,30.77976445115952]]},"properties":{"id":654,"osmWayId":1100779294,"name":"Unnamed residential","highway":"residential","roadClass":"local","lengthM":50,"nearSensitive":false,"busRoute":false}},{"type":"Feature","id":655,"geometry":{"type":"LineString","coordinates":[[76.55923492304396,30.77976445115952],[76.5595706,30.7797303],[76.5597533527789,30.77970367807197]]},"properties":{"id":655,"osmWayId":1100779294,"name":"Unnamed residential","highway":"residential","roadClass":"local","lengthM":50,"nearSensitive":false,"busRoute":false}},{"type":"Feature","id":656,"geometry":{"type":"LineString","coordinates":[[76.5597533527789,30.77970367807197],[76.560012,30.779666],[76.5601575,30.7796448],[76.56026841586085,30.779624246050684]]},"properties":{"id":656,"osmWayId":1100779294,"name":"Unnamed residential","highway":"residential","roadClass":"local","lengthM":50,"nearSensitive":false,"busRoute":false}},{"type":"Feature","id":657,"geometry":{"type":"LineString","coordinates":[[76.56026841586085,30.779624246050684],[76.5603917,30.7796014],[76.5606959,30.7795451],[76.56077971932693,30.779528243443067]]},"properties":{"id":657,"osmWayId":1100779294,"name":"Unnamed residential","highway":"residential","roadClass":"local","lengthM":50,"nearSensitive":false,"busRoute":false}},{"type":"Feature","id":658,"geometry":{"type":"LineString","coordinates":[[76.56077971932693,30.779528243443067],[76.56128932601966,30.77942575726888]]},"properties":{"id":658,"osmWayId":1100779294,"name":"Unnamed residential","highway":"residential","roadClass":"local","lengthM":50,"nearSensitive":false,"busRoute":false}},{"type":"Feature","id":659,"geometry":{"type":"LineString","coordinates":[[76.56128932601966,30.77942575726888],[76.5614895,30.7793855],[76.5616005,30.7793679],[76.5616974,30.7793592],[76.5617561,30.7793471],[76.56179922158069,30.779330762500376]]},"properties":{"id":659,"osmWayId":1100779294,"name":"Unnamed residential","highway":"residential","roadClass":"local","lengthM":50,"nearSensitive":false,"busRoute":false}},{"type":"Feature","id":660,"geometry":{"type":"LineString","coordinates":[[76.56179922158069,30.779330762500376],[76.561811,30.7793263],[76.5618799,30.7793022],[76.5619641,30.7792824],[76.5620547,30.7792693],[76.5621338,30.779266],[76.5622116,30.7792638],[76.56231092077317,30.779254488689944]]},"properties":{"id":660,"osmWayId":1100779294,"name":"Unnamed residential","highway":"residential","roadClass":"local","lengthM":50,"nearSensitive":false,"busRoute":false}},{"type":"Feature","id":661,"geometry":{"type":"LineString","coordinates":[[76.56231092077317,30.779254488689944],[76.5623428,30.7792515],[76.5624551,30.7792397],[76.5625795,30.7792189],[76.56282242669835,30.779163158417397]]},"properties":{"id":661,"osmWayId":1100779294,"name":"Unnamed residential","highway":"residential","roadClass":"local","lengthM":50,"nearSensitive":false,"busRoute":false}},{"type":"Feature","id":662,"geometry":{"type":"LineString","coordinates":[[76.56282242669835,30.779163158417397],[76.5628436,30.7791583]]},"properties":{"id":662,"osmWayId":1100779294,"name":"Unnamed residential","highway":"residential","roadClass":"local","lengthM":2.1,"nearSensitive":false,"busRoute":false}},{"type":"Feature","id":663,"geometry":{"type":"LineString","coordinates":[[76.5577647,30.7704111],[76.5577823,30.7704174],[76.5578772,30.7704515],[76.5582443,30.7705515],[76.5582598114383,30.77055579019259]]},"properties":{"id":663,"osmWayId":1100804347,"name":"Unnamed residential","highway":"residential","roadClass":"local","lengthM":50,"nearSensitive":false,"busRoute":false}},{"type":"Feature","id":664,"geometry":{"type":"LineString","coordinates":[[76.5582598114383,30.77055579019259],[76.5586666,30.7706683],[76.55875880425761,30.770691232880168]]},"properties":{"id":664,"osmWayId":1100804347,"name":"Unnamed residential","highway":"residential","roadClass":"local","lengthM":50,"nearSensitive":false,"busRoute":false}},{"type":"Feature","id":665,"geometry":{"type":"LineString","coordinates":[[76.55875880425761,30.770691232880168],[76.5588226,30.7707071],[76.5590026,30.7707553],[76.5592227,30.7708186],[76.55925889718723,30.77082068830147]]},"properties":{"id":665,"osmWayId":1100804347,"name":"Unnamed residential","highway":"residential","roadClass":"local","lengthM":50,"nearSensitive":false,"busRoute":false}},{"type":"Feature","id":666,"geometry":{"type":"LineString","coordinates":[[76.55925889718723,30.77082068830147],[76.5592747,30.7708216],[76.5593252,30.7708072],[76.559394,30.7707638],[76.5595408,30.7706756],[76.5596036,30.7706555],[76.5596976,30.7706499],[76.55972594611568,30.770652937596783]]},"properties":{"id":666,"osmWayId":1100804347,"name":"Unnamed residential","highway":"residential","roadClass":"local","lengthM":50,"nearSensitive":false,"busRoute":false}},{"type":"Feature","id":667,"geometry":{"type":"LineString","coordinates":[[76.55972594611568,30.770652937596783],[76.5599029,30.7706719],[76.5600757,30.7707066],[76.5602194,30.7707258],[76.56024149965435,30.770726725973493]]},"properties":{"id":667,"osmWayId":1100804347,"name":"Unnamed residential","highway":"residential","roadClass":"local","lengthM":50,"nearSensitive":false,"busRoute":false}},{"type":"Feature","id":668,"geometry":{"type":"LineString","coordinates":[[76.56024149965435,30.770726725973493],[76.5603626,30.7707318],[76.5605591,30.7707321],[76.5606709,30.7707438]]},"properties":{"id":668,"osmWayId":1100804347,"name":"Unnamed residential","highway":"residential","roadClass":"local","lengthM":41.1,"nearSensitive":false,"busRoute":false}},{"type":"Feature","id":669,"geometry":{"type":"LineString","coordinates":[[76.5590026,30.7707553],[76.5588671,30.7711258],[76.5588648,30.7711549],[76.5588742,30.7711819],[76.55887758882196,30.77118456806587]]},"properties":{"id":669,"osmWayId":1100809443,"name":"Unnamed residential","highway":"residential","roadClass":"local","lengthM":50,"nearSensitive":false,"busRoute":false}},{"type":"Feature","id":670,"geometry":{"type":"LineString","coordinates":[[76.55887758882196,30.77118456806587],[76.558901,30.771203],[76.5590801,30.7713089],[76.55929537168743,30.771454786625203]]},"properties":{"id":670,"osmWayId":1100809443,"name":"Unnamed residential","highway":"residential","roadClass":"local","lengthM":50,"nearSensitive":false,"busRoute":false}},{"type":"Feature","id":671,"geometry":{"type":"LineString","coordinates":[[76.55929537168743,30.771454786625203],[76.55931,30.7714647],[76.5593206,30.7714856],[76.5593214,30.7715031],[76.5593115,30.7715201],[76.5592749,30.7715599],[76.5591793,30.771653],[76.5590331,30.7717801],[76.55901517457319,30.771794004780627]]},"properties":{"id":671,"osmWayId":1100809443,"name":"Unnamed residential","highway":"residential","roadClass":"local","lengthM":50,"nearSensitive":false,"busRoute":false}},{"type":"Feature","id":672,"geometry":{"type":"LineString","coordinates":[[76.55901517457319,30.771794004780627],[76.5589582,30.7718382],[76.5588706,30.7718879],[76.5587423,30.7719535],[76.5586954,30.7719724],[76.5586518,30.7719761],[76.5586078,30.7719724],[76.558566,30.7719807],[76.55855751184934,30.771984521681976]]},"properties":{"id":672,"osmWayId":1100809443,"name":"Unnamed residential","highway":"residential","roadClass":"local","lengthM":50,"nearSensitive":false,"busRoute":false}},{"type":"Feature","id":673,"geometry":{"type":"LineString","coordinates":[[76.55855751184934,30.771984521681976],[76.5585027,30.7720092],[76.5584801,30.7720175],[76.5584619,30.7720166],[76.5584394,30.7720083],[76.5583975,30.7719659],[76.5583761,30.7719585],[76.5583482,30.7719558],[76.558154,30.771977]]},"properties":{"id":673,"osmWayId":1100809443,"name":"Unnamed residential","highway":"residential","roadClass":"local","lengthM":42.1,"nearSensitive":false,"busRoute":false}},{"type":"Feature","id":674,"geometry":{"type":"LineString","coordinates":[[76.5586022,30.771686],[76.5587879,30.7715219],[76.5589225,30.7714181],[76.55897880787529,30.771374128125828]]},"properties":{"id":674,"osmWayId":1100809444,"name":"Unnamed residential","highway":"residential","roadClass":"local","lengthM":50,"nearSensitive":false,"busRoute":false}},{"type":"Feature","id":675,"geometry":{"type":"LineString","coordinates":[[76.55897880787529,30.771374128125828],[76.5589791,30.7713739],[76.5590366,30.7713358],[76.5590801,30.7713089],[76.5591469,30.7712365],[76.5592108,30.7711521],[76.5592758,30.7710415],[76.5592835465834,30.77101854195829]]},"properties":{"id":675,"osmWayId":1100809444,"name":"Unnamed residential","highway":"residential","roadClass":"local","lengthM":50,"nearSensitive":false,"busRoute":false}},{"type":"Feature","id":676,"geometry":{"type":"LineString","coordinates":[[76.5592835465834,30.77101854195829],[76.5593033,30.77096],[76.5593194,30.7708793],[76.5593252,30.7708072]]},"properties":{"id":676,"osmWayId":1100809444,"name":"Unnamed residential","highway":"residential","roadClass":"local","lengthM":23.9,"nearSensitive":false,"busRoute":false}},{"type":"Feature","id":677,"geometry":{"type":"LineString","coordinates":[[76.5592389,30.7738836],[76.5591856,30.7739048],[76.5591405,30.7739178],[76.559089,30.7739194],[76.5589568,30.7739019],[76.5588999,30.773877],[76.5588849,30.773854],[76.5588817,30.7738263],[76.5588892,30.7737968],[76.5589085,30.773747],[76.55891187295916,30.77374022101925]]},"properties":{"id":677,"osmWayId":1100809446,"name":"Unnamed residential","highway":"residential","roadClass":"local","lengthM":50,"nearSensitive":false,"busRoute":false}},{"type":"Feature","id":678,"geometry":{"type":"LineString","coordinates":[[76.55891187295916,30.77374022101925],[76.5589493,30.773665],[76.5589836,30.7736023],[76.5590062,30.7735451],[76.5590265,30.7734751],[76.5590341,30.7734419],[76.5590255,30.7734087],[76.55898043880036,30.77331847768683]]},"properties":{"id":678,"osmWayId":1100809446,"name":"Unnamed residential","highway":"residential","roadClass":"local","lengthM":50,"nearSensitive":false,"busRoute":false}},{"type":"Feature","id":679,"geometry":{"type":"LineString","coordinates":[[76.55898043880036,30.77331847768683],[76.5589804,30.7733184],[76.558947,30.773218],[76.5589395,30.773183],[76.5589513,30.7731397],[76.55907406544257,30.77289649317053]]},"properties":{"id":679,"osmWayId":1100809446,"name":"Unnamed residential","highway":"residential","roadClass":"local","lengthM":50,"nearSensitive":false,"busRoute":false}},{"type":"Feature","id":680,"geometry":{"type":"LineString","coordinates":[[76.55907406544257,30.77289649317053],[76.5591045,30.7728362],[76.5592017,30.7726846],[76.5592828,30.7725727],[76.55933026096466,30.772504995484656]]},"properties":{"id":680,"osmWayId":1100809446,"name":"Unnamed residential","highway":"residential","roadClass":"local","lengthM":50,"nearSensitive":false,"busRoute":false}},{"type":"Feature","id":681,"geometry":{"type":"LineString","coordinates":[[76.55933026096466,30.772504995484656],[76.5594019,30.7724028],[76.5594524,30.7722837],[76.5594578,30.7722031],[76.5594347,30.7721333],[76.55940592532879,30.77208949378792]]},"properties":{"id":681,"osmWayId":1100809446,"name":"Unnamed residential","highway":"residential","roadClass":"local","lengthM":50,"nearSensitive":false,"busRoute":false}},{"type":"Feature","id":682,"geometry":{"type":"LineString","coordinates":[[76.55940592532879,30.77208949378792],[76.5594012,30.7720823],[76.5592943,30.7719806]]},"properties":{"id":682,"osmWayId":1100809446,"name":"Unnamed residential","highway":"residential","roadClass":"local","lengthM":16.2,"nearSensitive":false,"busRoute":false}},{"type":"Feature","id":683,"geometry":{"type":"LineString","coordinates":[[76.5597609,30.7686191],[76.55974710496217,30.768169596074628]]},"properties":{"id":683,"osmWayId":1100819059,"name":"Unnamed residential","highway":"residential","roadClass":"local","lengthM":50,"nearSensitive":false,"busRoute":false}},{"type":"Feature","id":684,"geometry":{"type":"LineString","coordinates":[[76.55974710496217,30.768169596074628],[76.5597402,30.7679446],[76.5597368,30.7677835]]},"properties":{"id":684,"osmWayId":1100819059,"name":"Unnamed residential","highway":"residential","roadClass":"local","lengthM":42.9,"nearSensitive":false,"busRoute":false}},{"type":"Feature","id":685,"geometry":{"type":"LineString","coordinates":[[76.6006178,30.7842687],[76.6003972,30.784191],[76.6002524,30.7841195],[76.6001746,30.7840688],[76.60016121389829,30.78405566340536]]},"properties":{"id":685,"osmWayId":1101384817,"name":"Unnamed residential","highway":"residential","roadClass":"local","lengthM":50,"nearSensitive":false,"busRoute":false}},{"type":"Feature","id":686,"geometry":{"type":"LineString","coordinates":[[76.60016121389829,30.78405566340536],[76.5999868,30.7838845],[76.5998501,30.7837992],[76.59976938442902,30.783765661578567]]},"properties":{"id":686,"osmWayId":1101384817,"name":"Unnamed residential","highway":"residential","roadClass":"local","lengthM":50,"nearSensitive":false,"busRoute":false}},{"type":"Feature","id":687,"geometry":{"type":"LineString","coordinates":[[76.59976938442902,30.783765661578567],[76.5996838,30.7837301],[76.5995336,30.7836817],[76.5994618,30.7836702],[76.5994236,30.7836731],[76.5993887,30.7836892],[76.5993364,30.7837163],[76.5993002,30.7837255],[76.59928228704572,30.78372332307926]]},"properties":{"id":687,"osmWayId":1101384817,"name":"Unnamed residential","highway":"residential","roadClass":"local","lengthM":50,"nearSensitive":false,"busRoute":false}},{"type":"Feature","id":688,"geometry":{"type":"LineString","coordinates":[[76.59928228704572,30.78372332307926],[76.5992714,30.783722],[76.599146,30.7836748],[76.59880460979636,30.78354045400873]]},"properties":{"id":688,"osmWayId":1101384817,"name":"Unnamed residential","highway":"residential","roadClass":"local","lengthM":50,"nearSensitive":false,"busRoute":false}},{"type":"Feature","id":689,"geometry":{"type":"LineString","coordinates":[[76.59880460979636,30.78354045400873],[76.598698,30.7834985],[76.59832268255315,30.783365164776654]]},"properties":{"id":689,"osmWayId":1101384817,"name":"Unnamed residential","highway":"residential","roadClass":"local","lengthM":50,"nearSensitive":false,"busRoute":false}},{"type":"Feature","id":690,"geometry":{"type":"LineString","coordinates":[[76.59832268255315,30.783365164776654],[76.5981401,30.7833003],[76.59784342902823,30.783184564788964]]},"properties":{"id":690,"osmWayId":1101384817,"name":"Unnamed residential","highway":"residential","roadClass":"local","lengthM":50,"nearSensitive":false,"busRoute":false}},{"type":"Feature","id":691,"geometry":{"type":"LineString","coordinates":[[76.59784342902823,30.783184564788964],[76.5975554,30.7830722],[76.5973690833966,30.782994579238522]]},"properties":{"id":691,"osmWayId":1101384817,"name":"Unnamed residential","highway":"residential","roadClass":"local","lengthM":50,"nearSensitive":false,"busRoute":false}},{"type":"Feature","id":692,"geometry":{"type":"LineString","coordinates":[[76.5973690833966,30.782994579238522],[76.5969774,30.7828314],[76.59689608155179,30.78280229546097]]},"properties":{"id":692,"osmWayId":1101384817,"name":"Unnamed residential","highway":"residential","roadClass":"local","lengthM":50,"nearSensitive":false,"busRoute":false}},{"type":"Feature","id":693,"geometry":{"type":"LineString","coordinates":[[76.59689608155179,30.78280229546097],[76.5966234,30.7827047],[76.59641356247965,30.782628085429412]]},"properties":{"id":693,"osmWayId":1101384817,"name":"Unnamed residential","highway":"residential","roadClass":"local","lengthM":50,"nearSensitive":false,"busRoute":false}},{"type":"Feature","id":694,"geometry":{"type":"LineString","coordinates":[[76.59641356247965,30.782628085429412],[76.5959354,30.7824535],[76.59593181593003,30.78245230315201]]},"properties":{"id":694,"osmWayId":1101384817,"name":"Unnamed residential","highway":"residential","roadClass":"local","lengthM":50,"nearSensitive":false,"busRoute":false}},{"type":"Feature","id":695,"geometry":{"type":"LineString","coordinates":[[76.59593181593003,30.78245230315201],[76.5955491,30.7823245],[76.59544521258064,30.782286774140445]]},"properties":{"id":695,"osmWayId":1101384817,"name":"Unnamed residential","highway":"residential","roadClass":"local","lengthM":50,"nearSensitive":false,"busRoute":false}},{"type":"Feature","id":696,"geometry":{"type":"LineString","coordinates":[[76.59544521258064,30.782286774140445],[76.5952729,30.7822242],[76.5950677,30.7821539],[76.59496107115194,30.782115966011585]]},"properties":{"id":696,"osmWayId":1101384817,"name":"Unnamed residential","highway":"residential","roadClass":"local","lengthM":50,"nearSensitive":false,"busRoute":false}},{"type":"Feature","id":697,"geometry":{"type":"LineString","coordinates":[[76.59496107115194,30.782115966011585],[76.5949027,30.7820952],[76.5948169,30.7820572],[76.5947337,30.7820307],[76.5946372,30.7820007],[76.59447107548655,30.78196132552177]]},"properties":{"id":697,"osmWayId":1101384817,"name":"Unnamed residential","highway":"residential","roadClass":"local","lengthM":50,"nearSensitive":false,"busRoute":false}},{"type":"Feature","id":698,"geometry":{"type":"LineString","coordinates":[[76.59447107548655,30.78196132552177],[76.5944427,30.7819546],[76.5943636,30.7819224],[76.5942241,30.7818359],[76.5940753,30.7817622],[76.59401902120231,30.781738585587835]]},"properties":{"id":698,"osmWayId":1101384817,"name":"Unnamed residential","highway":"residential","roadClass":"local","lengthM":50,"nearSensitive":false,"busRoute":false}},{"type":"Feature","id":699,"geometry":{"type":"LineString","coordinates":[[76.59401902120231,30.781738585587835],[76.5938365,30.781662],[76.5935421871872,30.781553495739995]]},"properties":{"id":699,"osmWayId":1101384817,"name":"Unnamed residential","highway":"residential","roadClass":"local","lengthM":50,"nearSensitive":false,"busRoute":false}},{"type":"Feature","id":700,"geometry":{"type":"LineString","coordinates":[[76.5935421871872,30.781553495739995],[76.5932894,30.7814603],[76.59306135446194,30.78137588338227]]},"properties":{"id":700,"osmWayId":1101384817,"name":"Unnamed residential","highway":"residential","roadClass":"local","lengthM":50,"nearSensitive":false,"busRoute":false}},{"type":"Feature","id":701,"geometry":{"type":"LineString","coordinates":[[76.59306135446194,30.78137588338227],[76.5927945,30.7812771],[76.59258436447135,30.781190980149]]},"properties":{"id":701,"osmWayId":1101384817,"name":"Unnamed residential","highway":"residential","roadClass":"local","lengthM":50,"nearSensitive":false,"busRoute":false}},{"type":"Feature","id":702,"geometry":{"type":"LineString","coordinates":[[76.59258436447135,30.781190980149],[76.5924995,30.7811562],[76.59210703576292,30.781006587738162]]},"properties":{"id":702,"osmWayId":1101384817,"name":"Unnamed residential","highway":"residential","roadClass":"local","lengthM":50,"nearSensitive":false,"busRoute":false}},{"type":"Feature","id":703,"geometry":{"type":"LineString","coordinates":[[76.59210703576292,30.781006587738162],[76.5918799,30.78092],[76.5917847,30.7808819],[76.5917163,30.7808693],[76.5916686,30.7808566],[76.5916425,30.7808497],[76.59162183122938,30.780841688688607]]},"properties":{"id":703,"osmWayId":1101384817,"name":"Unnamed residential","highway":"residential","roadClass":"local","lengthM":50,"nearSensitive":false,"busRoute":false}},{"type":"Feature","id":704,"geometry":{"type":"LineString","coordinates":[[76.59162183122938,30.780841688688607],[76.5915473,30.7808128],[76.5913595,30.7807218],[76.59129,30.7806926],[76.59115650765425,30.78063642187706]]},"properties":{"id":704,"osmWayId":1101384817,"name":"Unnamed residential","highway":"residential","roadClass":"local","lengthM":50,"nearSensitive":false,"busRoute":false}},{"type":"Feature","id":705,"geometry":{"type":"LineString","coordinates":[[76.59115650765425,30.78063642187706],[76.5909022,30.7805294],[76.59068035286494,30.78045026411609]]},"properties":{"id":705,"osmWayId":1101384817,"name":"Unnamed residential","highway":"residential","roadClass":"local","lengthM":50,"nearSensitive":false,"busRoute":false}},{"type":"Feature","id":706,"geometry":{"type":"LineString","coordinates":[[76.59068035286494,30.78045026411609],[76.5905857,30.7804165],[76.59018541694813,30.780304713558326]]},"properties":{"id":706,"osmWayId":1101384817,"name":"Unnamed residential","highway":"residential","roadClass":"local","lengthM":50,"nearSensitive":false,"busRoute":false}},{"type":"Feature","id":707,"geometry":{"type":"LineString","coordinates":[[76.59018541694813,30.780304713558326],[76.5901646,30.7802989]]},"properties":{"id":707,"osmWayId":1101384817,"name":"Unnamed residential","highway":"residential","roadClass":"local","lengthM":2.1,"nearSensitive":false,"busRoute":false}},{"type":"Feature","id":708,"geometry":{"type":"LineString","coordinates":[[76.5688541,30.7520317],[76.56885054355723,30.752481349794646]]},"properties":{"id":708,"osmWayId":1101393577,"name":"Unnamed residential","highway":"residential","roadClass":"local","lengthM":50,"nearSensitive":false,"busRoute":false}},{"type":"Feature","id":709,"geometry":{"type":"LineString","coordinates":[[76.56885054355723,30.752481349794646],[76.5688504,30.7524995],[76.5688276,30.7526516],[76.5688035,30.7527311],[76.5687096,30.7528948],[76.56870440048634,30.752907528683075]]},"properties":{"id":709,"osmWayId":1101393577,"name":"Unnamed residential","highway":"residential","roadClass":"local","lengthM":50,"nearSensitive":false,"busRoute":false}},{"type":"Feature","id":710,"geometry":{"type":"LineString","coordinates":[[76.56870440048634,30.752907528683075],[76.5686942,30.7529325],[76.5686466,30.7530423],[76.5686124,30.7531305],[76.5685996,30.7531829],[76.5685963,30.75324],[76.56859348499962,30.75334231330384]]},"properties":{"id":710,"osmWayId":1101393577,"name":"Unnamed residential","highway":"residential","roadClass":"local","lengthM":50,"nearSensitive":false,"busRoute":false}},{"type":"Feature","id":711,"geometry":{"type":"LineString","coordinates":[[76.56859348499962,30.75334231330384],[76.5685882,30.7535344],[76.56858316118868,30.7537918833897]]},"properties":{"id":711,"osmWayId":1101393577,"name":"Unnamed residential","highway":"residential","roadClass":"local","lengthM":50,"nearSensitive":false,"busRoute":false}},{"type":"Feature","id":712,"geometry":{"type":"LineString","coordinates":[[76.56858316118868,30.7537918833897],[76.5685822,30.753841],[76.5685902697316,30.75424147658645]]},"properties":{"id":712,"osmWayId":1101393577,"name":"Unnamed residential","highway":"residential","roadClass":"local","lengthM":50,"nearSensitive":false,"busRoute":false}},{"type":"Feature","id":713,"geometry":{"type":"LineString","coordinates":[[76.5685902697316,30.75424147658645],[76.5685956,30.754506],[76.56860203296579,30.75469101453607]]},"properties":{"id":713,"osmWayId":1101393577,"name":"Unnamed residential","highway":"residential","roadClass":"local","lengthM":50,"nearSensitive":false,"busRoute":false}},{"type":"Feature","id":714,"geometry":{"type":"LineString","coordinates":[[76.56860203296579,30.75469101453607],[76.5686077,30.754854],[76.5686131,30.7549439],[76.5686291,30.7549854],[76.5686586,30.7550269],[76.56874499559548,30.755100059013166]]},"properties":{"id":714,"osmWayId":1101393577,"name":"Unnamed residential","highway":"residential","roadClass":"local","lengthM":50,"nearSensitive":false,"busRoute":false}},{"type":"Feature","id":715,"geometry":{"type":"LineString","coordinates":[[76.56874499559548,30.755100059013166],[76.5687552,30.7551087],[76.56913793492556,30.755396960892092]]},"properties":{"id":715,"osmWayId":1101393577,"name":"Unnamed residential","highway":"residential","roadClass":"local","lengthM":50,"nearSensitive":false,"busRoute":false}},{"type":"Feature","id":716,"geometry":{"type":"LineString","coordinates":[[76.56913793492556,30.755396960892092],[76.5693171,30.7555319],[76.56953143828655,30.75569334274567]]},"properties":{"id":716,"osmWayId":1101393577,"name":"Unnamed residential","highway":"residential","roadClass":"local","lengthM":50,"nearSensitive":false,"busRoute":false}},{"type":"Feature","id":717,"geometry":{"type":"LineString","coordinates":[[76.56953143828655,30.75569334274567],[76.5696672,30.7557956],[76.56991608344212,30.75599808211776]]},"properties":{"id":717,"osmWayId":1101393577,"name":"Unnamed residential","highway":"residential","roadClass":"local","lengthM":50,"nearSensitive":false,"busRoute":false}},{"type":"Feature","id":718,"geometry":{"type":"LineString","coordinates":[[76.56991608344212,30.75599808211776],[76.5701687,30.7562036],[76.57029995691138,30.75630357092563]]},"properties":{"id":718,"osmWayId":1101393577,"name":"Unnamed residential","highway":"residential","roadClass":"local","lengthM":50,"nearSensitive":false,"busRoute":false}},{"type":"Feature","id":719,"geometry":{"type":"LineString","coordinates":[[76.57029995691138,30.75630357092563],[76.5706713,30.7565864],[76.57069156377726,30.7566018055932]]},"properties":{"id":719,"osmWayId":1101393577,"name":"Unnamed residential","highway":"residential","roadClass":"local","lengthM":50,"nearSensitive":false,"busRoute":false}},{"type":"Feature","id":720,"geometry":{"type":"LineString","coordinates":[[76.57069156377726,30.7566018055932],[76.5707347,30.7566346],[76.5710803092754,30.756902789812163]]},"properties":{"id":720,"osmWayId":1101393577,"name":"Unnamed residential","highway":"residential","roadClass":"local","lengthM":50,"nearSensitive":false,"busRoute":false}},{"type":"Feature","id":721,"geometry":{"type":"LineString","coordinates":[[76.5710803092754,30.756902789812163],[76.5713619,30.7571213],[76.57146865389637,30.75720416051149]]},"properties":{"id":721,"osmWayId":1101393577,"name":"Unnamed residential","highway":"residential","roadClass":"local","lengthM":50,"nearSensitive":false,"busRoute":false}},{"type":"Feature","id":722,"geometry":{"type":"LineString","coordinates":[[76.57146865389637,30.75720416051149],[76.5714803,30.7572132],[76.5718605575862,30.75750210956667]]},"properties":{"id":722,"osmWayId":1101393577,"name":"Unnamed residential","highway":"residential","roadClass":"local","lengthM":50,"nearSensitive":false,"busRoute":false}},{"type":"Feature","id":723,"geometry":{"type":"LineString","coordinates":[[76.5718605575862,30.75750210956667],[76.5719203,30.7575475],[76.57225258307847,30.757799942560524]]},"properties":{"id":723,"osmWayId":1101393577,"name":"Unnamed residential","highway":"residential","roadClass":"local","lengthM":50,"nearSensitive":false,"busRoute":false}},{"type":"Feature","id":724,"geometry":{"type":"LineString","coordinates":[[76.57225258307847,30.757799942560524],[76.5726149,30.7580752],[76.57264477203985,30.758097616882143]]},"properties":{"id":724,"osmWayId":1101393577,"name":"Unnamed residential","highway":"residential","roadClass":"local","lengthM":50,"nearSensitive":false,"busRoute":false}},{"type":"Feature","id":725,"geometry":{"type":"LineString","coordinates":[[76.57264477203985,30.758097616882143],[76.57303890880571,30.758393387413108]]},"properties":{"id":725,"osmWayId":1101393577,"name":"Unnamed residential","highway":"residential","roadClass":"local","lengthM":50,"nearSensitive":false,"busRoute":false}},{"type":"Feature","id":726,"geometry":{"type":"LineString","coordinates":[[76.57303890880571,30.758393387413108],[76.5731438,30.7584721],[76.57343083298053,30.758691317338236]]},"properties":{"id":726,"osmWayId":1101393577,"name":"Unnamed residential","highway":"residential","roadClass":"local","lengthM":50,"nearSensitive":false,"busRoute":false}},{"type":"Feature","id":727,"geometry":{"type":"LineString","coordinates":[[76.57343083298053,30.758691317338236],[76.57382195634005,30.758990029592095]]},"properties":{"id":727,"osmWayId":1101393577,"name":"Unnamed residential","highway":"residential","roadClass":"local","lengthM":50,"nearSensitive":false,"busRoute":false}},{"type":"Feature","id":728,"geometry":{"type":"LineString","coordinates":[[76.57382195634005,30.758990029592095],[76.5739759,30.7591076],[76.5740193,30.7591191],[76.5740644,30.7591161],[76.5740936,30.7591009],[76.5741219,30.7590705],[76.57420858752985,30.7589682459012]]},"properties":{"id":728,"osmWayId":1101393577,"name":"Unnamed residential","highway":"residential","roadClass":"local","lengthM":50,"nearSensitive":false,"busRoute":false}},{"type":"Feature","id":729,"geometry":{"type":"LineString","coordinates":[[76.57420858752985,30.7589682459012],[76.5742433,30.7589273],[76.5743397,30.7588019],[76.5743926,30.7587582],[76.57448,30.7587373],[76.574604329717,30.7587237669093]]},"properties":{"id":729,"osmWayId":1101393577,"name":"Unnamed residential","highway":"residential","roadClass":"local","lengthM":50,"nearSensitive":false,"busRoute":false}},{"type":"Feature","id":730,"geometry":{"type":"LineString","coordinates":[[76.574604329717,30.7587237669093],[76.5748337,30.7586988]]},"properties":{"id":730,"osmWayId":1101393577,"name":"Unnamed residential","highway":"residential","roadClass":"local","lengthM":22.1,"nearSensitive":false,"busRoute":false}},{"type":"Feature","id":731,"geometry":{"type":"LineString","coordinates":[[76.5767329,30.7813907],[76.57667493468091,30.781837594057105]]},"properties":{"id":731,"osmWayId":1101472114,"name":"Unnamed residential","highway":"residential","roadClass":"local","lengthM":50,"nearSensitive":false,"busRoute":false}},{"type":"Feature","id":732,"geometry":{"type":"LineString","coordinates":[[76.57667493468091,30.781837594057105],[76.5766709,30.7818687]]},"properties":{"id":732,"osmWayId":1101472114,"name":"Unnamed residential","highway":"residential","roadClass":"local","lengthM":3.5,"nearSensitive":false,"busRoute":false}},{"type":"Feature","id":733,"geometry":{"type":"LineString","coordinates":[[76.5746195,30.7808896],[76.5746181,30.7810869],[76.5746267,30.7811091],[76.5746468,30.7811289],[76.5746755,30.7811363],[76.57488121738237,30.78114483019398]]},"properties":{"id":733,"osmWayId":1101472120,"name":"Unnamed residential","highway":"residential","roadClass":"local","lengthM":50,"nearSensitive":false,"busRoute":false}},{"type":"Feature","id":734,"geometry":{"type":"LineString","coordinates":[[76.57488121738237,30.78114483019398],[76.5752109,30.7811585],[76.575241,30.7811733],[76.5752583,30.781193],[76.575274,30.78123],[76.5752701666821,30.781302160554556]]},"properties":{"id":734,"osmWayId":1101472120,"name":"Unnamed residential","highway":"residential","roadClass":"local","lengthM":50,"nearSensitive":false,"busRoute":false}},{"type":"Feature","id":735,"geometry":{"type":"LineString","coordinates":[[76.5752701666821,30.781302160554556],[76.5752683,30.7813373],[76.5752755,30.7813632],[76.5753028,30.7813915],[76.5753315,30.7814026],[76.5754363,30.78141],[76.5754707,30.7814211],[76.5754876,30.7814363]]},"properties":{"id":735,"osmWayId":1101472120,"name":"Unnamed residential","highway":"residential","roadClass":"local","lengthM":29.9,"nearSensitive":false,"busRoute":false}},{"type":"Feature","id":736,"geometry":{"type":"LineString","coordinates":[[76.5839277,30.7698147],[76.5840786,30.7695021],[76.58412828807052,30.769399381813717]]},"properties":{"id":736,"osmWayId":1101630260,"name":"Unnamed residential","highway":"residential","roadClass":"local","lengthM":50,"nearSensitive":false,"busRoute":false}},{"type":"Feature","id":737,"geometry":{"type":"LineString","coordinates":[[76.58412828807052,30.769399381813717],[76.5842124,30.7692255],[76.5842344,30.7691938],[76.5843338,30.7689931],[76.58433688605314,30.768987350290512]]},"properties":{"id":737,"osmWayId":1101630260,"name":"Unnamed residential","highway":"residential","roadClass":"local","lengthM":50,"nearSensitive":false,"busRoute":false}},{"type":"Feature","id":738,"geometry":{"type":"LineString","coordinates":[[76.58433688605314,30.768987350290512],[76.5843696,30.7689264],[76.5844276,30.7688185],[76.584452,30.7687772],[76.5845269,30.7686506],[76.5845627134116,30.768581817982444]]},"properties":{"id":738,"osmWayId":1101630260,"name":"Unnamed residential","highway":"residential","roadClass":"local","lengthM":50,"nearSensitive":false,"busRoute":false}},{"type":"Feature","id":739,"geometry":{"type":"LineString","coordinates":[[76.5845627134116,30.768581817982444],[76.5845974,30.7685152],[76.584647,30.7683838],[76.5846828,30.7682702],[76.5846979,30.7682255],[76.58471832588715,30.768153298099673]]},"properties":{"id":739,"osmWayId":1101630260,"name":"Unnamed residential","highway":"residential","roadClass":"local","lengthM":50,"nearSensitive":false,"busRoute":false}},{"type":"Feature","id":740,"geometry":{"type":"LineString","coordinates":[[76.58471832588715,30.768153298099673],[76.5847381,30.7680834],[76.5847892,30.7679528],[76.5848615,30.7678294],[76.5849211,30.7677652],[76.58494211803142,30.767757418331033]]},"properties":{"id":740,"osmWayId":1101630260,"name":"Unnamed residential","highway":"residential","roadClass":"local","lengthM":50,"nearSensitive":false,"busRoute":false}},{"type":"Feature","id":741,"geometry":{"type":"LineString","coordinates":[[76.58494211803142,30.767757418331033],[76.5850051,30.7677341],[76.5851499,30.767711],[76.5853145,30.767693],[76.5854444,30.7676851],[76.58545571042278,30.767685196181194]]},"properties":{"id":741,"osmWayId":1101630260,"name":"Unnamed residential","highway":"residential","roadClass":"local","lengthM":50,"nearSensitive":false,"busRoute":false}},{"type":"Feature","id":742,"geometry":{"type":"LineString","coordinates":[[76.58545571042278,30.767685196181194],[76.5857149,30.7676874]]},"properties":{"id":742,"osmWayId":1101630260,"name":"Unnamed residential","highway":"residential","roadClass":"local","lengthM":24.8,"nearSensitive":false,"busRoute":false}},{"type":"Feature","id":743,"geometry":{"type":"LineString","coordinates":[[76.5842124,30.7692255],[76.58469381449987,30.769401823138594]]},"properties":{"id":743,"osmWayId":1101630263,"name":"Unnamed residential","highway":"residential","roadClass":"local","lengthM":50,"nearSensitive":false,"busRoute":false}},{"type":"Feature","id":744,"geometry":{"type":"LineString","coordinates":[[76.58469381449987,30.769401823138594],[76.5848188,30.7694476]]},"properties":{"id":744,"osmWayId":1101630263,"name":"Unnamed residential","highway":"residential","roadClass":"local","lengthM":13,"nearSensitive":false,"busRoute":false}},{"type":"Feature","id":745,"geometry":{"type":"LineString","coordinates":[[76.5835326,30.7683102],[76.5833868,30.7682424],[76.5833256,30.7682084],[76.5832722,30.768166],[76.5832277,30.7681227],[76.58313256662873,30.768028990167036]]},"properties":{"id":745,"osmWayId":1101630265,"name":"Unnamed residential","highway":"residential","roadClass":"local","lengthM":50,"nearSensitive":false,"busRoute":false}},{"type":"Feature","id":746,"geometry":{"type":"LineString","coordinates":[[76.58313256662873,30.768028990167036],[76.58278856346718,30.767690132430698]]},"properties":{"id":746,"osmWayId":1101630265,"name":"Unnamed residential","highway":"residential","roadClass":"local","lengthM":50,"nearSensitive":false,"busRoute":false}},{"type":"Feature","id":747,"geometry":{"type":"LineString","coordinates":[[76.58278856346718,30.767690132430698],[76.5827798,30.7676815]]},"properties":{"id":747,"osmWayId":1101630265,"name":"Unnamed residential","highway":"residential","roadClass":"local","lengthM":1.3,"nearSensitive":false,"busRoute":false}},{"type":"Feature","id":748,"geometry":{"type":"LineString","coordinates":[[76.5844389,30.7670038],[76.58430164316599,30.76743771800533]]},"properties":{"id":748,"osmWayId":1101630266,"name":"Unnamed residential","highway":"residential","roadClass":"local","lengthM":50,"nearSensitive":false,"busRoute":false}},{"type":"Feature","id":749,"geometry":{"type":"LineString","coordinates":[[76.58430164316599,30.76743771800533],[76.5842945,30.7674603],[76.5842759,30.7675052],[76.5842511,30.7675333],[76.5842083,30.7675445],[76.5841188,30.7675399],[76.5840022,30.7675214],[76.5838843,30.7674964],[76.58385932429383,30.76749375834759]]},"properties":{"id":749,"osmWayId":1101630266,"name":"Unnamed residential","highway":"residential","roadClass":"local","lengthM":50,"nearSensitive":false,"busRoute":false}},{"type":"Feature","id":750,"geometry":{"type":"LineString","coordinates":[[76.58385932429383,30.76749375834759],[76.5837699,30.7674843],[76.5836718,30.7674883],[76.5836006,30.7675204],[76.5835529,30.767568],[76.583507,30.7676455],[76.5834877,30.767692],[76.58348591256095,30.76771156521535]]},"properties":{"id":750,"osmWayId":1101630266,"name":"Unnamed residential","highway":"residential","roadClass":"local","lengthM":50,"nearSensitive":false,"busRoute":false}},{"type":"Feature","id":751,"geometry":{"type":"LineString","coordinates":[[76.58348591256095,30.76771156521535],[76.583484,30.7677325],[76.583499,30.7677591],[76.5835557,30.7678078],[76.5835733,30.7678344],[76.5835719,30.7678743],[76.5835486,30.7679142],[76.5834849,30.7679842],[76.5834274,30.7680229],[76.58336319861537,30.768054232749503]]},"properties":{"id":751,"osmWayId":1101630266,"name":"Unnamed residential","highway":"residential","roadClass":"local","lengthM":50,"nearSensitive":false,"busRoute":false}},{"type":"Feature","id":752,"geometry":{"type":"LineString","coordinates":[[76.58336319861537,30.768054232749503],[76.5833229,30.7680739],[76.5832277,30.7681227],[76.5831389,30.7681957],[76.5830548,30.768276],[76.58298262512251,30.7683556710733]]},"properties":{"id":752,"osmWayId":1101630266,"name":"Unnamed residential","highway":"residential","roadClass":"local","lengthM":50,"nearSensitive":false,"busRoute":false}},{"type":"Feature","id":753,"geometry":{"type":"LineString","coordinates":[[76.58298262512251,30.7683556710733],[76.5829797,30.7683589],[76.5827196,30.7686616]]},"properties":{"id":753,"osmWayId":1101630266,"name":"Unnamed residential","highway":"residential","roadClass":"local","lengthM":42.3,"nearSensitive":false,"busRoute":false}},{"type":"Feature","id":754,"geometry":{"type":"LineString","coordinates":[[76.5831352,30.7689353],[76.5833648153618,30.768531234223044]]},"properties":{"id":754,"osmWayId":1101630267,"name":"Unnamed residential","highway":"residential","roadClass":"local","lengthM":50,"nearSensitive":false,"busRoute":false}},{"type":"Feature","id":755,"geometry":{"type":"LineString","coordinates":[[76.5833648153618,30.768531234223044],[76.5833762,30.7685112],[76.5833758,30.7684943],[76.5833686,30.7684803],[76.5833519,30.7684672],[76.5830548,30.768276]]},"properties":{"id":755,"osmWayId":1101630267,"name":"Unnamed residential","highway":"residential","roadClass":"local","lengthM":43.7,"nearSensitive":false,"busRoute":false}},{"type":"Feature","id":756,"geometry":{"type":"LineString","coordinates":[[76.5823689,30.7687139],[76.5824412,30.7686634],[76.5825029,30.76863],[76.5825807,30.7686196],[76.5826544,30.7686323],[76.5827196,30.7686616],[76.58282009752266,30.768732106516524]]},"properties":{"id":756,"osmWayId":1101630268,"name":"Unnamed residential","highway":"residential","roadClass":"local","lengthM":50,"nearSensitive":false,"busRoute":false}},{"type":"Feature","id":757,"geometry":{"type":"LineString","coordinates":[[76.58282009752266,30.768732106516524],[76.5828657,30.7687641],[76.5830367,30.7688779],[76.5831352,30.7689353],[76.58324786091497,30.76898954434232]]},"properties":{"id":757,"osmWayId":1101630268,"name":"Unnamed residential","highway":"residential","roadClass":"local","lengthM":50,"nearSensitive":false,"busRoute":false}},{"type":"Feature","id":758,"geometry":{"type":"LineString","coordinates":[[76.58324786091497,30.76898954434232],[76.5835294,30.7691251],[76.5836498,30.7691651],[76.58372073946829,30.769172852643088]]},"properties":{"id":758,"osmWayId":1101630268,"name":"Unnamed residential","highway":"residential","roadClass":"local","lengthM":50,"nearSensitive":false,"busRoute":false}},{"type":"Feature","id":759,"geometry":{"type":"LineString","coordinates":[[76.58372073946829,30.769172852643088],[76.5837715,30.7691784],[76.5838503,30.7691758],[76.584021,30.7691651],[76.5841262,30.7691726],[76.5842344,30.7691938]]},"properties":{"id":759,"osmWayId":1101630268,"name":"Unnamed residential","highway":"residential","roadClass":"local","lengthM":49.5,"nearSensitive":false,"busRoute":false}},{"type":"Feature","id":760,"geometry":{"type":"LineString","coordinates":[[76.5843696,30.7689264],[76.5846997,30.7690919],[76.58481916166008,30.769156482160977]]},"properties":{"id":760,"osmWayId":1101639018,"name":"Unnamed residential","highway":"residential","roadClass":"local","lengthM":50,"nearSensitive":false,"busRoute":false}},{"type":"Feature","id":761,"geometry":{"type":"LineString","coordinates":[[76.58481916166008,30.769156482160977],[76.5849361,30.7692197]]},"properties":{"id":761,"osmWayId":1101639018,"name":"Unnamed residential","highway":"residential","roadClass":"local","lengthM":13.2,"nearSensitive":false,"busRoute":false}},{"type":"Feature","id":762,"geometry":{"type":"LineString","coordinates":[[76.5846979,30.7682255],[76.58519120445436,30.768375599416785]]},"properties":{"id":762,"osmWayId":1101639019,"name":"Unnamed residential","highway":"residential","roadClass":"local","lengthM":50,"nearSensitive":false,"busRoute":false}},{"type":"Feature","id":763,"geometry":{"type":"LineString","coordinates":[[76.58519120445436,30.768375599416785],[76.5853345,30.7684192]]},"properties":{"id":763,"osmWayId":1101639019,"name":"Unnamed residential","highway":"residential","roadClass":"local","lengthM":14.5,"nearSensitive":false,"busRoute":false}},{"type":"Feature","id":764,"geometry":{"type":"LineString","coordinates":[[76.5846828,30.7682702],[76.584537,30.7682758],[76.5844669,30.7682678],[76.5844144,30.7682417],[76.584375,30.7682054],[76.584359,30.7682012],[76.5843445,30.7682065],[76.584276,30.7682718],[76.5842598,30.7682769],[76.584244,30.7682753],[76.58422576291943,30.76826768647873]]},"properties":{"id":764,"osmWayId":1101642097,"name":"Unnamed residential","highway":"residential","roadClass":"local","lengthM":50,"nearSensitive":false,"busRoute":false}},{"type":"Feature","id":765,"geometry":{"type":"LineString","coordinates":[[76.58422576291943,30.76826768647873],[76.5840586,30.7681979],[76.5840354,30.7681956],[76.5840166,30.7682004],[76.5839962,30.7682175],[76.5839563,30.7682723],[76.5839255,30.7683272],[76.5838986,30.7684027],[76.58389297989142,30.76842622826375]]},"properties":{"id":765,"osmWayId":1101642097,"name":"Unnamed residential","highway":"residential","roadClass":"local","lengthM":50,"nearSensitive":false,"busRoute":false}},{"type":"Feature","id":766,"geometry":{"type":"LineString","coordinates":[[76.58389297989142,30.76842622826375],[76.5838809,30.7684768],[76.5838855,30.7685046],[76.5839032,30.7685265],[76.583964,30.7685629]]},"properties":{"id":766,"osmWayId":1101642097,"name":"Unnamed residential","highway":"residential","roadClass":"local","lengthM":18.9,"nearSensitive":false,"busRoute":false}},{"type":"Feature","id":767,"geometry":{"type":"LineString","coordinates":[[76.5835719,30.7678743],[76.5837337,30.7679809],[76.5837499,30.7680003],[76.5837584,30.7680215],[76.5837592,30.7680479],[76.5837506,30.7680917],[76.5837518,30.7681068],[76.58376,30.7681203],[76.5837968,30.7681474],[76.5838084,30.7681625],[76.5838102,30.768179],[76.5838055,30.7681966],[76.58379185120495,30.768227029580974]]},"properties":{"id":767,"osmWayId":1101642098,"name":"Unnamed residential","highway":"residential","roadClass":"local","lengthM":50,"nearSensitive":false,"busRoute":false}},{"type":"Feature","id":768,"geometry":{"type":"LineString","coordinates":[[76.58379185120495,30.768227029580974],[76.5837641,30.7682889],[76.5836987,30.7683982],[76.5836035,30.7685452],[76.583602,30.7685559],[76.5836101,30.7685655],[76.58368190827355,30.768597689918487]]},"properties":{"id":768,"osmWayId":1101642098,"name":"Unnamed residential","highway":"residential","roadClass":"local","lengthM":50,"nearSensitive":false,"busRoute":false}},{"type":"Feature","id":769,"geometry":{"type":"LineString","coordinates":[[76.58368190827355,30.768597689918487],[76.5836884,30.7686006],[76.5836993,30.7686067],[76.5837058,30.7686161],[76.5837065,30.7686283],[76.5836978,30.768646],[76.5836964,30.7686555],[76.5836999,30.7686635],[76.5837074,30.7686703],[76.5837999,30.7687285],[76.5838193,30.7687459],[76.5838273,30.7687695],[76.5838229,30.7687969],[76.5837869,30.7688772],[76.5837853,30.7689037],[76.5837946,30.7689249],[76.58383403323141,30.76896467221626]]},"properties":{"id":769,"osmWayId":1101642098,"name":"Unnamed residential","highway":"residential","roadClass":"local","lengthM":50,"nearSensitive":false,"busRoute":false}},{"type":"Feature","id":770,"geometry":{"type":"LineString","coordinates":[[76.58383403323141,30.76896467221626],[76.5838644,30.7689953],[76.5838883,30.7690242],[76.5838954,30.7690561],[76.5838883,30.7690896],[76.5838503,30.7691758]]},"properties":{"id":770,"osmWayId":1101642098,"name":"Unnamed residential","highway":"residential","roadClass":"local","lengthM":26.1,"nearSensitive":false,"busRoute":false}},{"type":"Feature","id":771,"geometry":{"type":"LineString","coordinates":[[76.5849211,30.7677652],[76.5848899,30.7676363],[76.5848899,30.7675491],[76.5849115,30.7674827],[76.58498401977901,30.76733331878703]]},"properties":{"id":771,"osmWayId":1101642099,"name":"Unnamed residential","highway":"residential","roadClass":"local","lengthM":50,"nearSensitive":false,"busRoute":false}},{"type":"Feature","id":772,"geometry":{"type":"LineString","coordinates":[[76.58498401977901,30.76733331878703],[76.5850685,30.7671593]]},"properties":{"id":772,"osmWayId":1101642099,"name":"Unnamed residential","highway":"residential","roadClass":"local","lengthM":21,"nearSensitive":false,"busRoute":false}},{"type":"Feature","id":773,"geometry":{"type":"LineString","coordinates":[[76.584537,30.7682758],[76.5845171,30.7683972],[76.5844879,30.7684865],[76.5844529,30.7685557],[76.5843992,30.7686289],[76.58435106956966,30.768688232387]]},"properties":{"id":773,"osmWayId":1101650531,"name":"Unnamed residential","highway":"residential","roadClass":"local","lengthM":50,"nearSensitive":false,"busRoute":false}},{"type":"Feature","id":774,"geometry":{"type":"LineString","coordinates":[[76.58435106956966,30.768688232387],[76.5843485,30.7686914],[76.5843438,30.768707],[76.5843469,30.7687205],[76.5843601,30.7687319],[76.584452,30.7687772]]},"properties":{"id":774,"osmWayId":1101650531,"name":"Unnamed residential","highway":"residential","roadClass":"local","lengthM":15.7,"nearSensitive":false,"busRoute":false}},{"type":"Feature","id":775,"geometry":{"type":"LineString","coordinates":[[76.5860062,30.7670423],[76.586447,30.7670198],[76.5865284846123,30.767014281862487]]},"properties":{"id":775,"osmWayId":1101650532,"name":"Unnamed residential","highway":"residential","roadClass":"local","lengthM":50,"nearSensitive":false,"busRoute":false}},{"type":"Feature","id":776,"geometry":{"type":"LineString","coordinates":[[76.5865284846123,30.767014281862487],[76.586921,30.7669877],[76.58705058159786,30.766987700019495]]},"properties":{"id":776,"osmWayId":1101650532,"name":"Unnamed residential","highway":"residential","roadClass":"local","lengthM":50,"nearSensitive":false,"busRoute":false}},{"type":"Feature","id":777,"geometry":{"type":"LineString","coordinates":[[76.58705058159786,30.766987700019495],[76.5870898,30.7669877],[76.5872192,30.7670022],[76.5873255,30.767034],[76.5874996,30.767124],[76.58753488333787,30.76713580357995]]},"properties":{"id":777,"osmWayId":1101650532,"name":"Unnamed residential","highway":"residential","roadClass":"local","lengthM":50,"nearSensitive":false,"busRoute":false}},{"type":"Feature","id":778,"geometry":{"type":"LineString","coordinates":[[76.58753488333787,30.76713580357995],[76.5875827,30.7671518],[76.5876659,30.7671584],[76.5878739,30.7671452]]},"properties":{"id":778,"osmWayId":1101650532,"name":"Unnamed residential","highway":"residential","roadClass":"local","lengthM":32.8,"nearSensitive":false,"busRoute":false}},{"type":"Feature","id":779,"geometry":{"type":"LineString","coordinates":[[76.583507,30.7676455],[76.5834383,30.7675887],[76.5833854,30.7675555],[76.5832981,30.7675199],[76.58304625139229,30.7674467783782]]},"properties":{"id":779,"osmWayId":1101663550,"name":"Unnamed residential","highway":"residential","roadClass":"local","lengthM":50,"nearSensitive":false,"busRoute":false}},{"type":"Feature","id":780,"geometry":{"type":"LineString","coordinates":[[76.58304625139229,30.7674467783782],[76.5829306,30.7674132]]},"properties":{"id":780,"osmWayId":1101663550,"name":"Unnamed residential","highway":"residential","roadClass":"local","lengthM":11.7,"nearSensitive":false,"busRoute":false}},{"type":"Feature","id":781,"geometry":{"type":"LineString","coordinates":[[76.5778829,30.7727476],[76.57840492497908,30.772715678394622]]},"properties":{"id":781,"osmWayId":1101663551,"name":"Unnamed tertiary","highway":"tertiary","roadClass":"collector","lengthM":50,"nearSensitive":true,"busRoute":false}},{"type":"Feature","id":782,"geometry":{"type":"LineString","coordinates":[[76.57840492497908,30.772715678394622],[76.5784847,30.7727108],[76.57891500961566,30.7726190257668]]},"properties":{"id":782,"osmWayId":1101663551,"name":"Unnamed tertiary","highway":"tertiary","roadClass":"collector","lengthM":50,"nearSensitive":true,"busRoute":false}},{"type":"Feature","id":783,"geometry":{"type":"LineString","coordinates":[[76.57891500961566,30.7726190257668],[76.57942293937866,30.772510695052237]]},"properties":{"id":783,"osmWayId":1101663551,"name":"Unnamed tertiary","highway":"tertiary","roadClass":"collector","lengthM":50,"nearSensitive":false,"busRoute":false}},{"type":"Feature","id":784,"geometry":{"type":"LineString","coordinates":[[76.57942293937866,30.772510695052237],[76.57993086799793,30.77240236235826]]},"properties":{"id":784,"osmWayId":1101663551,"name":"Unnamed tertiary","highway":"tertiary","roadClass":"collector","lengthM":50,"nearSensitive":false,"busRoute":false}},{"type":"Feature","id":785,"geometry":{"type":"LineString","coordinates":[[76.57993086799793,30.77240236235826],[76.5799968,30.7723883],[76.5803792,30.7723033],[76.58043769110843,30.772290284364612]]},"properties":{"id":785,"osmWayId":1101663551,"name":"Unnamed tertiary","highway":"tertiary","roadClass":"collector","lengthM":50,"nearSensitive":false,"busRoute":false}},{"type":"Feature","id":786,"geometry":{"type":"LineString","coordinates":[[76.58043769110843,30.772290284364612],[76.5808196,30.7722053],[76.58094218675956,30.772171249813415]]},"properties":{"id":786,"osmWayId":1101663551,"name":"Unnamed tertiary","highway":"tertiary","roadClass":"collector","lengthM":50,"nearSensitive":false,"busRoute":false}},{"type":"Feature","id":787,"geometry":{"type":"LineString","coordinates":[[76.58094218675956,30.772171249813415],[76.58144015366577,30.77203293110897]]},"properties":{"id":787,"osmWayId":1101663551,"name":"Unnamed tertiary","highway":"tertiary","roadClass":"collector","lengthM":50,"nearSensitive":false,"busRoute":false}},{"type":"Feature","id":788,"geometry":{"type":"LineString","coordinates":[[76.58144015366577,30.77203293110897],[76.58193811914032,30.771894610502017]]},"properties":{"id":788,"osmWayId":1101663551,"name":"Unnamed tertiary","highway":"tertiary","roadClass":"collector","lengthM":50,"nearSensitive":false,"busRoute":false}},{"type":"Feature","id":789,"geometry":{"type":"LineString","coordinates":[[76.58193811914032,30.771894610502017],[76.582413,30.7717627],[76.58243628511798,30.771756851806035]]},"properties":{"id":789,"osmWayId":1101663551,"name":"Unnamed tertiary","highway":"tertiary","roadClass":"collector","lengthM":50,"nearSensitive":false,"busRoute":false}},{"type":"Feature","id":790,"geometry":{"type":"LineString","coordinates":[[76.58243628511798,30.771756851806035],[76.582888,30.7716434]]},"properties":{"id":790,"osmWayId":1101663551,"name":"Unnamed tertiary","highway":"tertiary","roadClass":"collector","lengthM":45,"nearSensitive":false,"busRoute":false}},{"type":"Feature","id":791,"geometry":{"type":"LineString","coordinates":[[76.5829967,30.7712815],[76.5830215,30.7712093]]},"properties":{"id":791,"osmWayId":1101663552,"name":"Unnamed tertiary","highway":"tertiary","roadClass":"collector","lengthM":8.4,"nearSensitive":false,"busRoute":false}},{"type":"Feature","id":792,"geometry":{"type":"LineString","coordinates":[[76.5636976,30.7719407],[76.5638786,30.7719382],[76.5639108,30.7719272],[76.563923,30.7719028],[76.5639129941807,30.771665161979072]]},"properties":{"id":792,"osmWayId":1102479407,"name":"Unnamed residential","highway":"residential","roadClass":"local","lengthM":50,"nearSensitive":false,"busRoute":false}},{"type":"Feature","id":793,"geometry":{"type":"LineString","coordinates":[[76.5639129941807,30.771665161979072],[76.5639098,30.7715893]]},"properties":{"id":793,"osmWayId":1102479407,"name":"Unnamed residential","highway":"residential","roadClass":"local","lengthM":8.4,"nearSensitive":false,"busRoute":false}},{"type":"Feature","id":794,"geometry":{"type":"LineString","coordinates":[[76.5637168,30.7722034],[76.5636976,30.7719407],[76.56368401745895,30.771754622890906]]},"properties":{"id":794,"osmWayId":1102479408,"name":"Unnamed residential","highway":"residential","roadClass":"local","lengthM":50,"nearSensitive":false,"busRoute":false}},{"type":"Feature","id":795,"geometry":{"type":"LineString","coordinates":[[76.56368401745895,30.771754622890906],[76.56365125947433,30.771305844465918]]},"properties":{"id":795,"osmWayId":1102479408,"name":"Unnamed residential","highway":"residential","roadClass":"local","lengthM":50,"nearSensitive":false,"busRoute":false}},{"type":"Feature","id":796,"geometry":{"type":"LineString","coordinates":[[76.56365125947433,30.771305844465918],[76.5636483,30.7712653]]},"properties":{"id":796,"osmWayId":1102479408,"name":"Unnamed residential","highway":"residential","roadClass":"local","lengthM":4.5,"nearSensitive":false,"busRoute":false}},{"type":"Feature","id":797,"geometry":{"type":"LineString","coordinates":[[76.5644014,30.7724214],[76.56436025995444,30.771973131322262]]},"properties":{"id":797,"osmWayId":1102479409,"name":"Unnamed residential","highway":"residential","roadClass":"local","lengthM":50,"nearSensitive":false,"busRoute":false}},{"type":"Feature","id":798,"geometry":{"type":"LineString","coordinates":[[76.56436025995444,30.771973131322262],[76.56431912029223,30.77152486263153]]},"properties":{"id":798,"osmWayId":1102479409,"name":"Unnamed residential","highway":"residential","roadClass":"local","lengthM":50,"nearSensitive":false,"busRoute":false}},{"type":"Feature","id":799,"geometry":{"type":"LineString","coordinates":[[76.56431912029223,30.77152486263153],[76.5642838,30.77114]]},"properties":{"id":799,"osmWayId":1102479409,"name":"Unnamed residential","highway":"residential","roadClass":"local","lengthM":42.9,"nearSensitive":false,"busRoute":false}},{"type":"Feature","id":800,"geometry":{"type":"LineString","coordinates":[[76.575052,30.7731285],[76.57500154337045,30.772680934534854]]},"properties":{"id":800,"osmWayId":1102483615,"name":"Unnamed residential","highway":"residential","roadClass":"local","lengthM":50,"nearSensitive":false,"busRoute":false}},{"type":"Feature","id":801,"geometry":{"type":"LineString","coordinates":[[76.57500154337045,30.772680934534854],[76.5749934,30.7726087],[76.57496081855265,30.772232652976754]]},"properties":{"id":801,"osmWayId":1102483615,"name":"Unnamed residential","highway":"residential","roadClass":"local","lengthM":50,"nearSensitive":true,"busRoute":false}},{"type":"Feature","id":802,"geometry":{"type":"LineString","coordinates":[[76.57496081855265,30.772232652976754],[76.5749515,30.7721251],[76.57492862799224,30.771783855796514]]},"properties":{"id":802,"osmWayId":1102483615,"name":"Unnamed residential","highway":"residential","roadClass":"local","lengthM":50,"nearSensitive":true,"busRoute":false}},{"type":"Feature","id":803,"geometry":{"type":"LineString","coordinates":[[76.57492862799224,30.771783855796514],[76.5749191,30.7716417],[76.57490108571808,30.77133482123627]]},"properties":{"id":803,"osmWayId":1102483615,"name":"Unnamed residential","highway":"residential","roadClass":"local","lengthM":50,"nearSensitive":true,"busRoute":false}},{"type":"Feature","id":804,"geometry":{"type":"LineString","coordinates":[[76.57490108571808,30.77133482123627],[76.5748767,30.7709194],[76.57487493279282,30.770885723328103]]},"properties":{"id":804,"osmWayId":1102483615,"name":"Unnamed residential","highway":"residential","roadClass":"local","lengthM":50,"nearSensitive":true,"busRoute":false}},{"type":"Feature","id":805,"geometry":{"type":"LineString","coordinates":[[76.57487493279282,30.770885723328103],[76.5748513606235,30.77043651951497]]},"properties":{"id":805,"osmWayId":1102483615,"name":"Unnamed residential","highway":"residential","roadClass":"local","lengthM":50,"nearSensitive":true,"busRoute":false}},{"type":"Feature","id":806,"geometry":{"type":"LineString","coordinates":[[76.5748513606235,30.77043651951497],[76.5748484,30.7703801],[76.5748347,30.7703431],[76.5748012,30.7703256],[76.5746864,30.7703098],[76.5746528,30.7702938],[76.5746307,30.770268],[76.5746192,30.7702269],[76.5746099407127,30.7701137190335]]},"properties":{"id":806,"osmWayId":1102483615,"name":"Unnamed residential","highway":"residential","roadClass":"local","lengthM":50,"nearSensitive":true,"busRoute":false}},{"type":"Feature","id":807,"geometry":{"type":"LineString","coordinates":[[76.5746099407127,30.7701137190335],[76.5745776,30.7697184]]},"properties":{"id":807,"osmWayId":1102483615,"name":"Unnamed residential","highway":"residential","roadClass":"local","lengthM":44.1,"nearSensitive":true,"busRoute":false}},{"type":"Feature","id":808,"geometry":{"type":"LineString","coordinates":[[76.5704105,30.7697904],[76.5704156,30.7694399],[76.57042045338994,30.76934085496235]]},"properties":{"id":808,"osmWayId":1102483617,"name":"Unnamed residential","highway":"residential","roadClass":"local","lengthM":50,"nearSensitive":false,"busRoute":false}},{"type":"Feature","id":809,"geometry":{"type":"LineString","coordinates":[[76.57042045338994,30.76934085496235],[76.5704237,30.7692746],[76.5704267,30.7690724],[76.57041759786787,30.768891438836192]]},"properties":{"id":809,"osmWayId":1102483617,"name":"Unnamed residential","highway":"residential","roadClass":"local","lengthM":50,"nearSensitive":false,"busRoute":false}},{"type":"Feature","id":810,"geometry":{"type":"LineString","coordinates":[[76.57041759786787,30.768891438836192],[76.5704166,30.7688716],[76.57038778817943,30.76844251073549]]},"properties":{"id":810,"osmWayId":1102483617,"name":"Unnamed residential","highway":"residential","roadClass":"local","lengthM":50,"nearSensitive":false,"busRoute":false}},{"type":"Feature","id":811,"geometry":{"type":"LineString","coordinates":[[76.57038778817943,30.76844251073549],[76.5703718,30.7682044],[76.57035679842926,30.767993640329287]]},"properties":{"id":811,"osmWayId":1102483617,"name":"Unnamed residential","highway":"residential","roadClass":"local","lengthM":50,"nearSensitive":false,"busRoute":false}},{"type":"Feature","id":812,"geometry":{"type":"LineString","coordinates":[[76.57035679842926,30.767993640329287],[76.5703535,30.7679473],[76.57032478689725,30.767544822206162]]},"properties":{"id":812,"osmWayId":1102483617,"name":"Unnamed residential","highway":"residential","roadClass":"local","lengthM":50,"nearSensitive":false,"busRoute":false}},{"type":"Feature","id":813,"geometry":{"type":"LineString","coordinates":[[76.57032478689725,30.767544822206162],[76.5703129,30.7673782],[76.57029711841749,30.767095800166334]]},"properties":{"id":813,"osmWayId":1102483617,"name":"Unnamed residential","highway":"residential","roadClass":"local","lengthM":50,"nearSensitive":false,"busRoute":false}},{"type":"Feature","id":814,"geometry":{"type":"LineString","coordinates":[[76.57029711841749,30.767095800166334],[76.5702722,30.7666499],[76.57027200695792,30.766646657994286]]},"properties":{"id":814,"osmWayId":1102483617,"name":"Unnamed residential","highway":"residential","roadClass":"local","lengthM":50,"nearSensitive":false,"busRoute":false}},{"type":"Feature","id":815,"geometry":{"type":"LineString","coordinates":[[76.57027200695792,30.766646657994286],[76.57024526748162,30.76619758519916]]},"properties":{"id":815,"osmWayId":1102483617,"name":"Unnamed residential","highway":"residential","roadClass":"local","lengthM":50,"nearSensitive":false,"busRoute":false}},{"type":"Feature","id":816,"geometry":{"type":"LineString","coordinates":[[76.57024526748162,30.76619758519916],[76.5702255,30.7658656],[76.5702179290149,30.76574853987822]]},"properties":{"id":816,"osmWayId":1102483617,"name":"Unnamed residential","highway":"residential","roadClass":"local","lengthM":50,"nearSensitive":false,"busRoute":false}},{"type":"Feature","id":817,"geometry":{"type":"LineString","coordinates":[[76.5702179290149,30.76574853987822],[76.5701889,30.7652997],[76.57018886265504,30.76529957636556]]},"properties":{"id":817,"osmWayId":1102483617,"name":"Unnamed residential","highway":"residential","roadClass":"local","lengthM":50,"nearSensitive":false,"busRoute":false}},{"type":"Feature","id":818,"geometry":{"type":"LineString","coordinates":[[76.57018886265504,30.76529957636556],[76.5701757,30.765256],[76.5701411,30.7652342],[76.5700964,30.7652255],[76.5697143125197,30.76523248619363]]},"properties":{"id":818,"osmWayId":1102483617,"name":"Unnamed residential","highway":"residential","roadClass":"local","lengthM":50,"nearSensitive":false,"busRoute":false}},{"type":"Feature","id":819,"geometry":{"type":"LineString","coordinates":[[76.5697143125197,30.76523248619363],[76.5696698,30.7652333],[76.56919112484991,30.76524199255075]]},"properties":{"id":819,"osmWayId":1102483617,"name":"Unnamed residential","highway":"residential","roadClass":"local","lengthM":50,"nearSensitive":false,"busRoute":false}},{"type":"Feature","id":820,"geometry":{"type":"LineString","coordinates":[[76.56919112484991,30.76524199255075],[76.5691797,30.7652422],[76.568687,30.7652683],[76.56866880347934,30.765269405286602]]},"properties":{"id":820,"osmWayId":1102483617,"name":"Unnamed residential","highway":"residential","roadClass":"local","lengthM":50,"nearSensitive":false,"busRoute":false}},{"type":"Feature","id":821,"geometry":{"type":"LineString","coordinates":[[76.56866880347934,30.765269405286602],[76.5682573,30.7652944],[76.56814664377993,30.76529879924337]]},"properties":{"id":821,"osmWayId":1102483617,"name":"Unnamed residential","highway":"residential","roadClass":"local","lengthM":50,"nearSensitive":false,"busRoute":false}},{"type":"Feature","id":822,"geometry":{"type":"LineString","coordinates":[[76.56814664377993,30.76529879924337],[76.5677039,30.7653164],[76.56762397106786,30.765320730579734]]},"properties":{"id":822,"osmWayId":1102483617,"name":"Unnamed residential","highway":"residential","roadClass":"local","lengthM":50,"nearSensitive":false,"busRoute":false}},{"type":"Feature","id":823,"geometry":{"type":"LineString","coordinates":[[76.56762397106786,30.765320730579734],[76.5671834,30.7653446],[76.56710179718043,30.76535016277716]]},"properties":{"id":823,"osmWayId":1102483617,"name":"Unnamed residential","highway":"residential","roadClass":"local","lengthM":50,"nearSensitive":false,"busRoute":false}},{"type":"Feature","id":824,"geometry":{"type":"LineString","coordinates":[[76.56710179718043,30.76535016277716],[76.56658013079121,30.765385722996143]]},"properties":{"id":824,"osmWayId":1102483617,"name":"Unnamed residential","highway":"residential","roadClass":"local","lengthM":50,"nearSensitive":false,"busRoute":false}},{"type":"Feature","id":825,"geometry":{"type":"LineString","coordinates":[[76.56658013079121,30.765385722996143],[76.5665746,30.7653861],[76.5661509,30.7654078],[76.56605766369485,30.765410884768475]]},"properties":{"id":825,"osmWayId":1102483617,"name":"Unnamed residential","highway":"residential","roadClass":"local","lengthM":50,"nearSensitive":false,"busRoute":false}},{"type":"Feature","id":826,"geometry":{"type":"LineString","coordinates":[[76.56605766369485,30.765410884768475],[76.5656431,30.7654246],[76.56553470288098,30.765427054943036]]},"properties":{"id":826,"osmWayId":1102483617,"name":"Unnamed residential","highway":"residential","roadClass":"local","lengthM":50,"nearSensitive":false,"busRoute":false}},{"type":"Feature","id":827,"geometry":{"type":"LineString","coordinates":[[76.56553470288098,30.765427054943036],[76.56501157882126,30.76543890121932]]},"properties":{"id":827,"osmWayId":1102483617,"name":"Unnamed residential","highway":"residential","roadClass":"local","lengthM":50,"nearSensitive":false,"busRoute":false}},{"type":"Feature","id":828,"geometry":{"type":"LineString","coordinates":[[76.56501157882126,30.76543890121932],[76.5650028,30.7654391],[76.56448928021184,30.76546670784497]]},"properties":{"id":828,"osmWayId":1102483617,"name":"Unnamed residential","highway":"residential","roadClass":"local","lengthM":50,"nearSensitive":false,"busRoute":false}},{"type":"Feature","id":829,"geometry":{"type":"LineString","coordinates":[[76.56448928021184,30.76546670784497],[76.564402,30.7654714],[76.56396682342404,30.76549228922456]]},"properties":{"id":829,"osmWayId":1102483617,"name":"Unnamed residential","highway":"residential","roadClass":"local","lengthM":50,"nearSensitive":false,"busRoute":false}},{"type":"Feature","id":830,"geometry":{"type":"LineString","coordinates":[[76.56396682342404,30.76549228922456],[76.56344433185762,30.76551736778769]]},"properties":{"id":830,"osmWayId":1102483617,"name":"Unnamed residential","highway":"residential","roadClass":"local","lengthM":50,"nearSensitive":false,"busRoute":false}},{"type":"Feature","id":831,"geometry":{"type":"LineString","coordinates":[[76.56344433185762,30.76551736778769],[76.5630582,30.7655359]]},"properties":{"id":831,"osmWayId":1102483617,"name":"Unnamed residential","highway":"residential","roadClass":"local","lengthM":37,"nearSensitive":false,"busRoute":false}},{"type":"Feature","id":832,"geometry":{"type":"LineString","coordinates":[[76.5677069,30.770585],[76.56766911580698,30.770136513327124]]},"properties":{"id":832,"osmWayId":1102483619,"name":"Unnamed residential","highway":"residential","roadClass":"local","lengthM":50,"nearSensitive":false,"busRoute":false}},{"type":"Feature","id":833,"geometry":{"type":"LineString","coordinates":[[76.56766911580698,30.770136513327124],[76.5676501,30.7699108]]},"properties":{"id":833,"osmWayId":1102483619,"name":"Unnamed residential","highway":"residential","roadClass":"local","lengthM":25.2,"nearSensitive":false,"busRoute":false}},{"type":"Feature","id":834,"geometry":{"type":"LineString","coordinates":[[76.5669426,30.7706234],[76.56690340158137,30.77017500294275]]},"properties":{"id":834,"osmWayId":1102483620,"name":"Unnamed residential","highway":"residential","roadClass":"local","lengthM":50,"nearSensitive":false,"busRoute":false}},{"type":"Feature","id":835,"geometry":{"type":"LineString","coordinates":[[76.56690340158137,30.77017500294275],[76.5668834,30.7699462]]},"properties":{"id":835,"osmWayId":1102483620,"name":"Unnamed residential","highway":"residential","roadClass":"local","lengthM":25.5,"nearSensitive":false,"busRoute":false}},{"type":"Feature","id":836,"geometry":{"type":"LineString","coordinates":[[76.5672921,30.7699289],[76.5673288226696,30.770377451760197]]},"properties":{"id":836,"osmWayId":1102483621,"name":"Unnamed residential","highway":"residential","roadClass":"local","lengthM":50,"nearSensitive":false,"busRoute":false}},{"type":"Feature","id":837,"geometry":{"type":"LineString","coordinates":[[76.5673288226696,30.770377451760197],[76.5673471,30.7706007]]},"properties":{"id":837,"osmWayId":1102483621,"name":"Unnamed residential","highway":"residential","roadClass":"local","lengthM":24.9,"nearSensitive":false,"busRoute":false}},{"type":"Feature","id":838,"geometry":{"type":"LineString","coordinates":[[76.5639886,30.77229],[76.5640357,30.7725512],[76.56405915782942,30.772735444669078]]},"properties":{"id":838,"osmWayId":1102483622,"name":"Unnamed residential","highway":"residential","roadClass":"local","lengthM":50,"nearSensitive":false,"busRoute":false}},{"type":"Feature","id":839,"geometry":{"type":"LineString","coordinates":[[76.56405915782942,30.772735444669078],[76.5640707,30.7728261],[76.564087,30.773141],[76.56408892067985,30.773184221264245]]},"properties":{"id":839,"osmWayId":1102483622,"name":"Unnamed residential","highway":"residential","roadClass":"local","lengthM":50,"nearSensitive":false,"busRoute":false}},{"type":"Feature","id":840,"geometry":{"type":"LineString","coordinates":[[76.56408892067985,30.773184221264245],[76.5641035,30.7735123],[76.56410177161072,30.773633633305355]]},"properties":{"id":840,"osmWayId":1102483622,"name":"Unnamed residential","highway":"residential","roadClass":"local","lengthM":50,"nearSensitive":false,"busRoute":false}},{"type":"Feature","id":841,"geometry":{"type":"LineString","coordinates":[[76.56410177161072,30.773633633305355],[76.5640975,30.7739335]]},"properties":{"id":841,"osmWayId":1102483622,"name":"Unnamed residential","highway":"residential","roadClass":"local","lengthM":33.3,"nearSensitive":false,"busRoute":false}},{"type":"Feature","id":842,"geometry":{"type":"LineString","coordinates":[[76.5644796,30.773466],[76.56448709767936,30.7739156140347]]},"properties":{"id":842,"osmWayId":1102483623,"name":"Unnamed residential","highway":"residential","roadClass":"local","lengthM":50,"nearSensitive":true,"busRoute":false}},{"type":"Feature","id":843,"geometry":{"type":"LineString","coordinates":[[76.56448709767936,30.7739156140347],[76.5644887,30.7740117]]},"properties":{"id":843,"osmWayId":1102483623,"name":"Unnamed residential","highway":"residential","roadClass":"local","lengthM":10.7,"nearSensitive":true,"busRoute":false}},{"type":"Feature","id":844,"geometry":{"type":"LineString","coordinates":[[76.5627748,30.7735941],[76.5632728,30.7735653],[76.5632970192062,30.773564922806685]]},"properties":{"id":844,"osmWayId":1102483624,"name":"Unnamed residential","highway":"residential","roadClass":"local","lengthM":50,"nearSensitive":false,"busRoute":false}},{"type":"Feature","id":845,"geometry":{"type":"LineString","coordinates":[[76.5632970192062,30.773564922806685],[76.5636516,30.7735594],[76.56382026059543,30.773555862472726]]},"properties":{"id":845,"osmWayId":1102483624,"name":"Unnamed residential","highway":"residential","roadClass":"local","lengthM":50,"nearSensitive":false,"busRoute":false}},{"type":"Feature","id":846,"geometry":{"type":"LineString","coordinates":[[76.56382026059543,30.773555862472726],[76.5639901,30.7735523],[76.5640432,30.7735445],[76.5640745,30.7735328],[76.5641035,30.7735123],[76.5641555,30.7734906],[76.5642175,30.7734807],[76.56432360098674,30.773468602504693]]},"properties":{"id":846,"osmWayId":1102483624,"name":"Unnamed residential","highway":"residential","roadClass":"local","lengthM":50,"nearSensitive":false,"busRoute":false}},{"type":"Feature","id":847,"geometry":{"type":"LineString","coordinates":[[76.56432360098674,30.773468602504693],[76.5643245,30.7734685],[76.5644796,30.773466],[76.5648415,30.7734511]]},"properties":{"id":847,"osmWayId":1102483624,"name":"Unnamed residential","highway":"residential","roadClass":"local","lengthM":49.5,"nearSensitive":false,"busRoute":false}},{"type":"Feature","id":848,"geometry":{"type":"LineString","coordinates":[[76.5642295,30.7723667],[76.5642762,30.7726916],[76.56428905793736,30.772813391832774]]},"properties":{"id":848,"osmWayId":1102483625,"name":"Unnamed residential","highway":"residential","roadClass":"local","lengthM":50,"nearSensitive":false,"busRoute":false}},{"type":"Feature","id":849,"geometry":{"type":"LineString","coordinates":[[76.56428905793736,30.772813391832774],[76.5642995,30.7729123],[76.5643229,30.7731852],[76.56432333321008,30.773261905428335]]},"properties":{"id":849,"osmWayId":1102483625,"name":"Unnamed residential","highway":"residential","roadClass":"local","lengthM":50,"nearSensitive":false,"busRoute":false}},{"type":"Feature","id":850,"geometry":{"type":"LineString","coordinates":[[76.56432333321008,30.773261905428335],[76.5643245,30.7734685]]},"properties":{"id":850,"osmWayId":1102483625,"name":"Unnamed residential","highway":"residential","roadClass":"local","lengthM":23,"nearSensitive":false,"busRoute":false}},{"type":"Feature","id":851,"geometry":{"type":"LineString","coordinates":[[76.5665897,30.7750433],[76.56656100317042,30.774594316295776]]},"properties":{"id":851,"osmWayId":1102483626,"name":"Unnamed residential","highway":"residential","roadClass":"local","lengthM":50,"nearSensitive":true,"busRoute":false}},{"type":"Feature","id":852,"geometry":{"type":"LineString","coordinates":[[76.56656100317042,30.774594316295776],[76.5665578,30.7745442]]},"properties":{"id":852,"osmWayId":1102483626,"name":"Unnamed residential","highway":"residential","roadClass":"local","lengthM":5.6,"nearSensitive":true,"busRoute":false}},{"type":"Feature","id":853,"geometry":{"type":"LineString","coordinates":[[76.5660899,30.7729202],[76.56611841460374,30.773369192251373]]},"properties":{"id":853,"osmWayId":1102483627,"name":"Unnamed residential","highway":"residential","roadClass":"local","lengthM":50,"nearSensitive":true,"busRoute":false}},{"type":"Feature","id":854,"geometry":{"type":"LineString","coordinates":[[76.56611841460374,30.773369192251373],[76.5661458,30.7738004],[76.56614690087696,30.773818185820193]]},"properties":{"id":854,"osmWayId":1102483627,"name":"Unnamed residential","highway":"residential","roadClass":"local","lengthM":50,"nearSensitive":true,"busRoute":false}},{"type":"Feature","id":855,"geometry":{"type":"LineString","coordinates":[[76.56614690087696,30.773818185820193],[76.56617469405116,30.774267211477216]]},"properties":{"id":855,"osmWayId":1102483627,"name":"Unnamed residential","highway":"residential","roadClass":"local","lengthM":50,"nearSensitive":true,"busRoute":false}},{"type":"Feature","id":856,"geometry":{"type":"LineString","coordinates":[[76.56617469405116,30.774267211477216],[76.5661862,30.7744531],[76.56620460149735,30.77471613424445]]},"properties":{"id":856,"osmWayId":1102483627,"name":"Unnamed residential","highway":"residential","roadClass":"local","lengthM":50,"nearSensitive":true,"busRoute":false}},{"type":"Feature","id":857,"geometry":{"type":"LineString","coordinates":[[76.56620460149735,30.77471613424445],[76.5662321,30.7751092],[76.56623600135839,30.77516498438996]]},"properties":{"id":857,"osmWayId":1102483627,"name":"Unnamed residential","highway":"residential","roadClass":"local","lengthM":50,"nearSensitive":true,"busRoute":false}},{"type":"Feature","id":858,"geometry":{"type":"LineString","coordinates":[[76.56623600135839,30.77516498438996],[76.5662398,30.7752193]]},"properties":{"id":858,"osmWayId":1102483627,"name":"Unnamed residential","highway":"residential","roadClass":"local","lengthM":6.1,"nearSensitive":true,"busRoute":false}},{"type":"Feature","id":859,"geometry":{"type":"LineString","coordinates":[[76.5597077,30.7686219],[76.55973618650961,30.76907089350827]]},"properties":{"id":859,"osmWayId":1102489359,"name":"Unnamed residential","highway":"residential","roadClass":"local","lengthM":50,"nearSensitive":false,"busRoute":false}},{"type":"Feature","id":860,"geometry":{"type":"LineString","coordinates":[[76.55973618650961,30.76907089350827],[76.5597618,30.7694746],[76.55976531483923,30.769519853591987]]},"properties":{"id":860,"osmWayId":1102489359,"name":"Unnamed residential","highway":"residential","roadClass":"local","lengthM":50,"nearSensitive":false,"busRoute":false}},{"type":"Feature","id":861,"geometry":{"type":"LineString","coordinates":[[76.55976531483923,30.769519853591987],[76.5597714,30.7695982],[76.5597926,30.7696985],[76.5598368,30.7697974],[76.5599112,30.7699312],[76.55991866023285,30.769944728817872]]},"properties":{"id":861,"osmWayId":1102489359,"name":"Unnamed residential","highway":"residential","roadClass":"local","lengthM":50,"nearSensitive":false,"busRoute":false}},{"type":"Feature","id":862,"geometry":{"type":"LineString","coordinates":[[76.55991866023285,30.769944728817872],[76.5599766,30.7700498],[76.5600386,30.7702003],[76.56010120623577,30.77036550436526]]},"properties":{"id":862,"osmWayId":1102489359,"name":"Unnamed residential","highway":"residential","roadClass":"local","lengthM":50,"nearSensitive":false,"busRoute":false}},{"type":"Feature","id":863,"geometry":{"type":"LineString","coordinates":[[76.56010120623577,30.77036550436526],[76.5601175,30.7704085],[76.5602194,30.7707258],[76.56023483521196,30.77079990707657]]},"properties":{"id":863,"osmWayId":1102489359,"name":"Unnamed residential","highway":"residential","roadClass":"local","lengthM":50,"nearSensitive":false,"busRoute":false}},{"type":"Feature","id":864,"geometry":{"type":"LineString","coordinates":[[76.56023483521196,30.77079990707657],[76.5602365,30.7708079],[76.5602416,30.7709051],[76.5602207,30.7710076],[76.5601538,30.7711064],[76.5600933,30.7711749],[76.56006528631677,30.77120670288569]]},"properties":{"id":864,"osmWayId":1102489359,"name":"Unnamed residential","highway":"residential","roadClass":"local","lengthM":50,"nearSensitive":false,"busRoute":false}},{"type":"Feature","id":865,"geometry":{"type":"LineString","coordinates":[[76.56006528631677,30.77120670288569],[76.5599861,30.7712966],[76.5598565,30.7714319],[76.55974609101108,30.771562833170048]]},"properties":{"id":865,"osmWayId":1102489359,"name":"Unnamed residential","highway":"residential","roadClass":"local","lengthM":50,"nearSensitive":false,"busRoute":false}},{"type":"Feature","id":866,"geometry":{"type":"LineString","coordinates":[[76.55974609101108,30.771562833170048],[76.559736,30.7715748],[76.5596356,30.7716968],[76.5595549,30.7717828],[76.5594724,30.7718516],[76.55940458338507,30.77190072046995]]},"properties":{"id":866,"osmWayId":1102489359,"name":"Unnamed residential","highway":"residential","roadClass":"local","lengthM":50,"nearSensitive":false,"busRoute":false}},{"type":"Feature","id":867,"geometry":{"type":"LineString","coordinates":[[76.55940458338507,30.77190072046995],[76.5592943,30.7719806],[76.55898814857488,30.772172702589362]]},"properties":{"id":867,"osmWayId":1102489359,"name":"Unnamed residential","highway":"residential","roadClass":"local","lengthM":50,"nearSensitive":false,"busRoute":false}},{"type":"Feature","id":868,"geometry":{"type":"LineString","coordinates":[[76.55898814857488,30.772172702589362],[76.5589762,30.7721802],[76.5589288,30.7722095],[76.5587714,30.7723073],[76.5587064,30.7723422],[76.5586368,30.7723723],[76.55854735944423,30.772413243899166]]},"properties":{"id":868,"osmWayId":1102489359,"name":"Unnamed residential","highway":"residential","roadClass":"local","lengthM":50,"nearSensitive":false,"busRoute":false}},{"type":"Feature","id":869,"geometry":{"type":"LineString","coordinates":[[76.55854735944423,30.772413243899166],[76.5585468,30.7724135]]},"properties":{"id":869,"osmWayId":1102489359,"name":"Unnamed residential","highway":"residential","roadClass":"local","lengthM":0.1,"nearSensitive":false,"busRoute":false}},{"type":"Feature","id":870,"geometry":{"type":"LineString","coordinates":[[76.5609766,30.7685759],[76.56100772529979,30.769024764160378]]},"properties":{"id":870,"osmWayId":1102489360,"name":"Unnamed residential","highway":"residential","roadClass":"local","lengthM":50,"nearSensitive":false,"busRoute":false}},{"type":"Feature","id":871,"geometry":{"type":"LineString","coordinates":[[76.56100772529979,30.769024764160378],[76.5610305,30.7693532],[76.56103731267929,30.769473699787923]]},"properties":{"id":871,"osmWayId":1102489360,"name":"Unnamed residential","highway":"residential","roadClass":"local","lengthM":50,"nearSensitive":false,"busRoute":false}},{"type":"Feature","id":872,"geometry":{"type":"LineString","coordinates":[[76.56103731267929,30.769473699787923],[76.5610609,30.7698909],[76.5610624096195,30.769922841665007]]},"properties":{"id":872,"osmWayId":1102489360,"name":"Unnamed residential","highway":"residential","roadClass":"local","lengthM":50,"nearSensitive":false,"busRoute":false}},{"type":"Feature","id":873,"geometry":{"type":"LineString","coordinates":[[76.5610624096195,30.769922841665007],[76.5610672,30.7700242],[76.5610749,30.7701142],[76.5610996,30.7702082],[76.5611388,30.7703038]]},"properties":{"id":873,"osmWayId":1102489360,"name":"Unnamed residential","highway":"residential","roadClass":"local","lengthM":43.3,"nearSensitive":false,"busRoute":false}},{"type":"Feature","id":874,"geometry":{"type":"LineString","coordinates":[[76.5606709,30.7707438],[76.5607542,30.7706166],[76.5608507,30.7705048],[76.560962,30.7704161],[76.56099389568656,30.77039584050317]]},"properties":{"id":874,"osmWayId":1102489361,"name":"Unnamed residential","highway":"residential","roadClass":"local","lengthM":50,"nearSensitive":false,"busRoute":false}},{"type":"Feature","id":875,"geometry":{"type":"LineString","coordinates":[[76.56099389568656,30.77039584050317],[76.5611388,30.7703038],[76.5613142,30.7701938],[76.56140452279627,30.770118340453166]]},"properties":{"id":875,"osmWayId":1102489361,"name":"Unnamed residential","highway":"residential","roadClass":"local","lengthM":50,"nearSensitive":false,"busRoute":false}},{"type":"Feature","id":876,"geometry":{"type":"LineString","coordinates":[[76.56140452279627,30.770118340453166],[76.561409,30.7701146],[76.5614761,30.7700438],[76.5615448,30.7699762],[76.5616073,30.7699491],[76.5616834,30.7699395],[76.5618057,30.7699472],[76.56184249156321,30.769945914956317]]},"properties":{"id":876,"osmWayId":1102489361,"name":"Unnamed residential","highway":"residential","roadClass":"local","lengthM":50,"nearSensitive":false,"busRoute":false}},{"type":"Feature","id":877,"geometry":{"type":"LineString","coordinates":[[76.56184249156321,30.769945914956317],[76.56236538984663,30.769927650209855]]},"properties":{"id":877,"osmWayId":1102489361,"name":"Unnamed residential","highway":"residential","roadClass":"local","lengthM":50,"nearSensitive":false,"busRoute":false}},{"type":"Feature","id":878,"geometry":{"type":"LineString","coordinates":[[76.56236538984663,30.769927650209855],[76.5625529,30.7699211]]},"properties":{"id":878,"osmWayId":1102489361,"name":"Unnamed residential","highway":"residential","roadClass":"local","lengthM":17.9,"nearSensitive":false,"busRoute":false}},{"type":"Feature","id":879,"geometry":{"type":"LineString","coordinates":[[76.5603549,30.7762434],[76.5602315,30.7762532],[76.5601324,30.7762547],[76.559989,30.7762562],[76.55983208978671,30.776255473215603]]},"properties":{"id":879,"osmWayId":1102489362,"name":"Unnamed residential","highway":"residential","roadClass":"local","lengthM":50,"nearSensitive":false,"busRoute":false}},{"type":"Feature","id":880,"geometry":{"type":"LineString","coordinates":[[76.55983208978671,30.776255473215603],[76.5596652,30.7762547]]},"properties":{"id":880,"osmWayId":1102489362,"name":"Unnamed residential","highway":"residential","roadClass":"local","lengthM":15.9,"nearSensitive":false,"busRoute":false}},{"type":"Feature","id":881,"geometry":{"type":"LineString","coordinates":[[76.5792197,30.7649583],[76.57872922235819,30.764801550538248]]},"properties":{"id":881,"osmWayId":1102489366,"name":"Unnamed residential","highway":"residential","roadClass":"local","lengthM":50,"nearSensitive":false,"busRoute":false}},{"type":"Feature","id":882,"geometry":{"type":"LineString","coordinates":[[76.57872922235819,30.764801550538248],[76.5786014,30.7647607]]},"properties":{"id":882,"osmWayId":1102489366,"name":"Unnamed residential","highway":"residential","roadClass":"local","lengthM":13,"nearSensitive":false,"busRoute":false}},{"type":"Feature","id":883,"geometry":{"type":"LineString","coordinates":[[76.5791366,30.7644669],[76.5791653,30.7645851],[76.5791869,30.7647135],[76.57921341242108,30.764911373288655]]},"properties":{"id":883,"osmWayId":1102489368,"name":"Unnamed residential","highway":"residential","roadClass":"local","lengthM":50,"nearSensitive":false,"busRoute":false}},{"type":"Feature","id":884,"geometry":{"type":"LineString","coordinates":[[76.57921341242108,30.764911373288655],[76.5792197,30.7649583],[76.5792316,30.7650656],[76.57925,30.7652139],[76.57926336051649,30.76535894331381]]},"properties":{"id":884,"osmWayId":1102489368,"name":"Unnamed residential","highway":"residential","roadClass":"local","lengthM":50,"nearSensitive":false,"busRoute":false}},{"type":"Feature","id":885,"geometry":{"type":"LineString","coordinates":[[76.57926336051649,30.76535894331381],[76.5792639,30.7653648],[76.579275,30.7654087],[76.5793042,30.7654529],[76.5793988,30.7655271]]},"properties":{"id":885,"osmWayId":1102489368,"name":"Unnamed residential","highway":"residential","roadClass":"local","lengthM":23.5,"nearSensitive":false,"busRoute":false}},{"type":"Feature","id":886,"geometry":{"type":"LineString","coordinates":[[76.5595861,30.7740802],[76.55987013118562,30.7737025230125]]},"properties":{"id":886,"osmWayId":1102490685,"name":"Unnamed residential","highway":"residential","roadClass":"local","lengthM":50,"nearSensitive":false,"busRoute":false}},{"type":"Feature","id":887,"geometry":{"type":"LineString","coordinates":[[76.55987013118562,30.7737025230125],[76.5599167,30.7736406]]},"properties":{"id":887,"osmWayId":1102490685,"name":"Unnamed residential","highway":"residential","roadClass":"local","lengthM":8.2,"nearSensitive":false,"busRoute":false}},{"type":"Feature","id":888,"geometry":{"type":"LineString","coordinates":[[76.5612344,30.7728807],[76.5612755,30.7733188]]},"properties":{"id":888,"osmWayId":1102490687,"name":"Unnamed residential","highway":"residential","roadClass":"local","lengthM":48.9,"nearSensitive":false,"busRoute":false}},{"type":"Feature","id":889,"geometry":{"type":"LineString","coordinates":[[76.5619401,30.7728503],[76.56198504341076,30.773298299029225]]},"properties":{"id":889,"osmWayId":1102490688,"name":"Unnamed residential","highway":"residential","roadClass":"local","lengthM":50,"nearSensitive":false,"busRoute":false}},{"type":"Feature","id":890,"geometry":{"type":"LineString","coordinates":[[76.56198504341076,30.773298299029225],[76.5619902,30.7733497],[76.56201622314211,30.773747140185215]]},"properties":{"id":890,"osmWayId":1102490688,"name":"Unnamed residential","highway":"residential","roadClass":"local","lengthM":50,"nearSensitive":false,"busRoute":false}},{"type":"Feature","id":891,"geometry":{"type":"LineString","coordinates":[[76.56201622314211,30.773747140185215],[76.5620346,30.7740278],[76.56204429007795,30.774196150841757]]},"properties":{"id":891,"osmWayId":1102490688,"name":"Unnamed residential","highway":"residential","roadClass":"local","lengthM":50,"nearSensitive":false,"busRoute":false}},{"type":"Feature","id":892,"geometry":{"type":"LineString","coordinates":[[76.56204429007795,30.774196150841757],[76.562067,30.7745907],[76.5620688008659,30.774645306923986]]},"properties":{"id":892,"osmWayId":1102490688,"name":"Unnamed residential","highway":"residential","roadClass":"local","lengthM":50,"nearSensitive":false,"busRoute":false}},{"type":"Feature","id":893,"geometry":{"type":"LineString","coordinates":[[76.5620688008659,30.774645306923986],[76.5620701,30.7746847],[76.5620609,30.7747522],[76.5620316,30.7748091],[76.5619438,30.7749057],[76.561836,30.7750182],[76.56182687004795,30.775026992950274]]},"properties":{"id":893,"osmWayId":1102490688,"name":"Unnamed residential","highway":"residential","roadClass":"local","lengthM":50,"nearSensitive":false,"busRoute":false}},{"type":"Feature","id":894,"geometry":{"type":"LineString","coordinates":[[76.56182687004795,30.775026992950274],[76.5617466,30.7751043],[76.5616958,30.7751678],[76.5616755,30.7752384],[76.5616809,30.7754204],[76.56168422528347,30.77543433596553]]},"properties":{"id":894,"osmWayId":1102490688,"name":"Unnamed residential","highway":"residential","roadClass":"local","lengthM":50,"nearSensitive":false,"busRoute":false}},{"type":"Feature","id":895,"geometry":{"type":"LineString","coordinates":[[76.56168422528347,30.77543433596553],[76.5616919,30.7754665],[76.5617238,30.7755045],[76.5617815,30.7755357],[76.5618364,30.7755725],[76.561878,30.7756157],[76.5618995,30.7756422],[76.5619283,30.7756566],[76.5619625,30.7756618],[76.562057,30.7756681],[76.56208378252373,30.77567172760493]]},"properties":{"id":895,"osmWayId":1102490688,"name":"Unnamed residential","highway":"residential","roadClass":"local","lengthM":50,"nearSensitive":false,"busRoute":false}},{"type":"Feature","id":896,"geometry":{"type":"LineString","coordinates":[[76.56208378252373,30.77567172760493],[76.5620917,30.7756728],[76.5621148,30.775688],[76.562124,30.7757171],[76.5621375,30.7760838]]},"properties":{"id":896,"osmWayId":1102490688,"name":"Unnamed residential","highway":"residential","roadClass":"local","lengthM":47.7,"nearSensitive":false,"busRoute":false}},{"type":"Feature","id":897,"geometry":{"type":"LineString","coordinates":[[76.5609242,30.7728975],[76.5612344,30.7728807],[76.56144670576778,30.77287230325016]]},"properties":{"id":897,"osmWayId":1102490689,"name":"Unnamed residential","highway":"residential","roadClass":"local","lengthM":50,"nearSensitive":false,"busRoute":false}},{"type":"Feature","id":898,"geometry":{"type":"LineString","coordinates":[[76.56144670576778,30.77287230325016],[76.5614746,30.7728712],[76.5619401,30.7728503],[76.56196934432401,30.7728489389421]]},"properties":{"id":898,"osmWayId":1102490689,"name":"Unnamed residential","highway":"residential","roadClass":"local","lengthM":50,"nearSensitive":false,"busRoute":false}},{"type":"Feature","id":899,"geometry":{"type":"LineString","coordinates":[[76.56196934432401,30.7728489389421],[76.5623913,30.7728293],[76.5624918019599,30.772822969733358]]},"properties":{"id":899,"osmWayId":1102490689,"name":"Unnamed residential","highway":"residential","roadClass":"local","lengthM":50,"nearSensitive":false,"busRoute":false}},{"type":"Feature","id":900,"geometry":{"type":"LineString","coordinates":[[76.5624918019599,30.772822969733358],[76.5627247,30.7728083]]},"properties":{"id":900,"osmWayId":1102490689,"name":"Unnamed residential","highway":"residential","roadClass":"local","lengthM":22.3,"nearSensitive":false,"busRoute":false}},{"type":"Feature","id":901,"geometry":{"type":"LineString","coordinates":[[76.5626544,30.7714496],[76.5622125,30.771481],[76.56213443950898,30.77149576645666]]},"properties":{"id":901,"osmWayId":1102490691,"name":"Unnamed residential","highway":"residential","roadClass":"local","lengthM":50,"nearSensitive":false,"busRoute":false}},{"type":"Feature","id":902,"geometry":{"type":"LineString","coordinates":[[76.56213443950898,30.77149576645666],[76.5620925,30.7715037],[76.5619888,30.7715508],[76.5618608,30.7716242],[76.5616982,30.7717115],[76.56168295700364,30.77171884137277]]},"properties":{"id":902,"osmWayId":1102490691,"name":"Unnamed residential","highway":"residential","roadClass":"local","lengthM":50,"nearSensitive":false,"busRoute":false}},{"type":"Feature","id":903,"geometry":{"type":"LineString","coordinates":[[76.56168295700364,30.77171884137277],[76.5615132,30.7718006],[76.5613831,30.7718565],[76.5612713,30.7719228],[76.56123648299145,30.771950472597716]]},"properties":{"id":903,"osmWayId":1102490691,"name":"Unnamed residential","highway":"residential","roadClass":"local","lengthM":50,"nearSensitive":false,"busRoute":false}},{"type":"Feature","id":904,"geometry":{"type":"LineString","coordinates":[[76.56123648299145,30.771950472597716],[76.5611636,30.7720084],[76.5610044,30.7721373]]},"properties":{"id":904,"osmWayId":1102490691,"name":"Unnamed residential","highway":"residential","roadClass":"local","lengthM":30.4,"nearSensitive":false,"busRoute":false}},{"type":"Feature","id":905,"geometry":{"type":"LineString","coordinates":[[76.5610562,30.771205],[76.5611227,30.771189],[76.5612136,30.7711639],[76.5613322,30.7711189],[76.5614508,30.7710924],[76.5615565401207,30.771080748646966]]},"properties":{"id":905,"osmWayId":1102490692,"name":"Unnamed residential","highway":"residential","roadClass":"local","lengthM":50,"nearSensitive":false,"busRoute":false}},{"type":"Feature","id":906,"geometry":{"type":"LineString","coordinates":[[76.5615565401207,30.771080748646966],[76.5615833,30.7710778],[76.5618693,30.7710654],[76.5618928,30.7710614],[76.5619095,30.7710481],[76.5619177,30.7710251],[76.56191120375259,30.770909007688733]]},"properties":{"id":906,"osmWayId":1102490692,"name":"Unnamed residential","highway":"residential","roadClass":"local","lengthM":50,"nearSensitive":false,"busRoute":false}},{"type":"Feature","id":907,"geometry":{"type":"LineString","coordinates":[[76.56191120375259,30.770909007688733],[76.5619061,30.7708178],[76.56185419323116,30.77046223909498]]},"properties":{"id":907,"osmWayId":1102490692,"name":"Unnamed residential","highway":"residential","roadClass":"local","lengthM":50,"nearSensitive":false,"busRoute":false}},{"type":"Feature","id":908,"geometry":{"type":"LineString","coordinates":[[76.56185419323116,30.77046223909498],[76.5618361,30.7703383]]},"properties":{"id":908,"osmWayId":1102490692,"name":"Unnamed residential","highway":"residential","roadClass":"local","lengthM":13.9,"nearSensitive":false,"busRoute":false}},{"type":"Feature","id":909,"geometry":{"type":"LineString","coordinates":[[76.5610455,30.7709976],[76.56118,30.7709286],[76.5612844,30.7708906],[76.56141,30.7708647],[76.56153303981503,30.770850546112513]]},"properties":{"id":909,"osmWayId":1102490693,"name":"Unnamed residential","highway":"residential","roadClass":"local","lengthM":50,"nearSensitive":false,"busRoute":false}},{"type":"Feature","id":910,"geometry":{"type":"LineString","coordinates":[[76.56153303981503,30.770850546112513],[76.5616082,30.7708419],[76.5619061,30.7708178],[76.56205420710123,30.770811531567432]]},"properties":{"id":910,"osmWayId":1102490693,"name":"Unnamed residential","highway":"residential","roadClass":"local","lengthM":50,"nearSensitive":false,"busRoute":false}},{"type":"Feature","id":911,"geometry":{"type":"LineString","coordinates":[[76.56205420710123,30.770811531567432],[76.56257690815632,30.770789407601267]]},"properties":{"id":911,"osmWayId":1102490693,"name":"Unnamed residential","highway":"residential","roadClass":"local","lengthM":50,"nearSensitive":false,"busRoute":false}},{"type":"Feature","id":912,"geometry":{"type":"LineString","coordinates":[[76.56257690815632,30.770789407601267],[76.5626078,30.7707881]]},"properties":{"id":912,"osmWayId":1102490693,"name":"Unnamed residential","highway":"residential","roadClass":"local","lengthM":3,"nearSensitive":false,"busRoute":false}},{"type":"Feature","id":913,"geometry":{"type":"LineString","coordinates":[[76.559311,30.7686429],[76.55933719510158,30.769091996511786]]},"properties":{"id":913,"osmWayId":1102490694,"name":"Unnamed residential","highway":"residential","roadClass":"local","lengthM":50,"nearSensitive":false,"busRoute":false}},{"type":"Feature","id":914,"geometry":{"type":"LineString","coordinates":[[76.55933719510158,30.769091996511786],[76.55936339044764,30.769541093018304]]},"properties":{"id":914,"osmWayId":1102490694,"name":"Unnamed residential","highway":"residential","roadClass":"local","lengthM":50,"nearSensitive":false,"busRoute":false}},{"type":"Feature","id":915,"geometry":{"type":"LineString","coordinates":[[76.55936339044764,30.769541093018304],[76.5593637,30.7695464]]},"properties":{"id":915,"osmWayId":1102490694,"name":"Unnamed residential","highway":"residential","roadClass":"local","lengthM":0.6,"nearSensitive":false,"busRoute":false}},{"type":"Feature","id":916,"geometry":{"type":"LineString","coordinates":[[76.5601175,30.7704085],[76.5604013,30.770199],[76.5604337,30.7701637],[76.5604471,30.7701153],[76.5604462867024,30.77008183862135]]},"properties":{"id":916,"osmWayId":1102490695,"name":"Unnamed residential","highway":"residential","roadClass":"local","lengthM":50,"nearSensitive":false,"busRoute":false}},{"type":"Feature","id":917,"geometry":{"type":"LineString","coordinates":[[76.5604462867024,30.77008183862135],[76.5604457,30.7700577],[76.56041512539099,30.769632995426463]]},"properties":{"id":917,"osmWayId":1102490695,"name":"Unnamed residential","highway":"residential","roadClass":"local","lengthM":50,"nearSensitive":false,"busRoute":false}},{"type":"Feature","id":918,"geometry":{"type":"LineString","coordinates":[[76.56041512539099,30.769632995426463],[76.56038281626547,30.769184193017807]]},"properties":{"id":918,"osmWayId":1102490695,"name":"Unnamed residential","highway":"residential","roadClass":"local","lengthM":50,"nearSensitive":false,"busRoute":false}},{"type":"Feature","id":919,"geometry":{"type":"LineString","coordinates":[[76.56038281626547,30.769184193017807],[76.56035050744131,30.768735390601133]]},"properties":{"id":919,"osmWayId":1102490695,"name":"Unnamed residential","highway":"residential","roadClass":"local","lengthM":50,"nearSensitive":false,"busRoute":false}},{"type":"Feature","id":920,"geometry":{"type":"LineString","coordinates":[[76.56035050744131,30.768735390601133],[76.5603412,30.7686061]]},"properties":{"id":920,"osmWayId":1102490695,"name":"Unnamed residential","highway":"residential","roadClass":"local","lengthM":14.4,"nearSensitive":false,"busRoute":false}},{"type":"Feature","id":921,"geometry":{"type":"LineString","coordinates":[[76.561146,30.776607],[76.5612078,30.776655]]},"properties":{"id":921,"osmWayId":1102494080,"name":"Unnamed tertiary","highway":"tertiary","roadClass":"collector","lengthM":8,"nearSensitive":false,"busRoute":false}},{"type":"Feature","id":922,"geometry":{"type":"LineString","coordinates":[[76.5607509,30.7763977],[76.5608221,30.7764252]]},"properties":{"id":922,"osmWayId":1102494081,"name":"Unnamed tertiary","highway":"tertiary","roadClass":"collector","lengthM":7.5,"nearSensitive":false,"busRoute":false}},{"type":"Feature","id":923,"geometry":{"type":"LineString","coordinates":[[76.5600933,30.7711749],[76.5599011,30.7710487],[76.5598071,30.771],[76.5597085,30.7709706],[76.55964249549807,30.770959284956056]]},"properties":{"id":923,"osmWayId":1102494082,"name":"Unnamed residential","highway":"residential","roadClass":"local","lengthM":50,"nearSensitive":false,"busRoute":false}},{"type":"Feature","id":924,"geometry":{"type":"LineString","coordinates":[[76.55964249549807,30.770959284956056],[76.559593,30.7709508]]},"properties":{"id":924,"osmWayId":1102494082,"name":"Unnamed residential","highway":"residential","roadClass":"local","lengthM":4.8,"nearSensitive":false,"busRoute":false}},{"type":"Feature","id":925,"geometry":{"type":"LineString","coordinates":[[76.5598147,30.7722347],[76.5598778,30.7722569],[76.5598962,30.7722591],[76.5599104,30.772256],[76.5599255,30.7722444],[76.5600271,30.7721016]]},"properties":{"id":925,"osmWayId":1102494083,"name":"Unnamed residential","highway":"residential","roadClass":"local","lengthM":30.2,"nearSensitive":false,"busRoute":false}},{"type":"Feature","id":926,"geometry":{"type":"LineString","coordinates":[[76.5609056,30.7717039],[76.5606051,30.7718389],[76.5605253,30.7718775],[76.5604649,30.7719197],[76.56045435537432,30.77192864427382]]},"properties":{"id":926,"osmWayId":1102494084,"name":"Unnamed residential","highway":"residential","roadClass":"local","lengthM":50,"nearSensitive":false,"busRoute":false}},{"type":"Feature","id":927,"geometry":{"type":"LineString","coordinates":[[76.56045435537432,30.77192864427382],[76.5603463,30.7720203]]},"properties":{"id":927,"osmWayId":1102494084,"name":"Unnamed residential","highway":"residential","roadClass":"local","lengthM":14.5,"nearSensitive":false,"busRoute":false}},{"type":"Feature","id":928,"geometry":{"type":"LineString","coordinates":[[76.5600736,30.7727368],[76.5598556,30.7725893],[76.5598328,30.772564],[76.5598221,30.7725271],[76.55982895948196,30.772385999930744]]},"properties":{"id":928,"osmWayId":1102494085,"name":"Unnamed residential","highway":"residential","roadClass":"local","lengthM":50,"nearSensitive":false,"busRoute":false}},{"type":"Feature","id":929,"geometry":{"type":"LineString","coordinates":[[76.55982895948196,30.772385999930744],[76.5598328,30.772307],[76.5598298,30.7722689],[76.5598147,30.7722347],[76.5597855,30.7722066],[76.5596097,30.7721008],[76.5595606,30.7720908],[76.55952571720518,30.772095783257406]]},"properties":{"id":929,"osmWayId":1102494085,"name":"Unnamed residential","highway":"residential","roadClass":"local","lengthM":50,"nearSensitive":false,"busRoute":false}},{"type":"Feature","id":930,"geometry":{"type":"LineString","coordinates":[[76.55952571720518,30.772095783257406],[76.5595186,30.7720968],[76.5594347,30.7721333]]},"properties":{"id":930,"osmWayId":1102494085,"name":"Unnamed residential","highway":"residential","roadClass":"local","lengthM":9.7,"nearSensitive":false,"busRoute":false}},{"type":"Feature","id":931,"geometry":{"type":"LineString","coordinates":[[76.5608554,30.7732203],[76.5607792,30.7732367],[76.5607006,30.7732459],[76.5606189,30.7732525],[76.5605553,30.7732671],[76.5605049,30.7733042],[76.56041844166339,30.77341078631322]]},"properties":{"id":931,"osmWayId":1102494087,"name":"Unnamed residential","highway":"residential","roadClass":"local","lengthM":50,"nearSensitive":false,"busRoute":false}},{"type":"Feature","id":932,"geometry":{"type":"LineString","coordinates":[[76.56041844166339,30.77341078631322],[76.5603537,30.7734906],[76.5601514,30.7737911],[76.56014867656964,30.773795773281496]]},"properties":{"id":932,"osmWayId":1102494087,"name":"Unnamed residential","highway":"residential","roadClass":"local","lengthM":50,"nearSensitive":false,"busRoute":false}},{"type":"Feature","id":933,"geometry":{"type":"LineString","coordinates":[[76.56014867656964,30.773795773281496],[76.5601257,30.7738352],[76.560114,30.7738783],[76.5601102,30.7739159]]},"properties":{"id":933,"osmWayId":1102494087,"name":"Unnamed residential","highway":"residential","roadClass":"local","lengthM":14,"nearSensitive":false,"busRoute":false}},{"type":"Feature","id":934,"geometry":{"type":"LineString","coordinates":[[76.5603537,30.7734906],[76.5600905,30.7733267]]},"properties":{"id":934,"osmWayId":1102495115,"name":"Unnamed residential","highway":"residential","roadClass":"local","lengthM":31.1,"nearSensitive":false,"busRoute":false}},{"type":"Feature","id":935,"geometry":{"type":"LineString","coordinates":[[76.5739527,30.7753517],[76.57348403784964,30.775151563332084]]},"properties":{"id":935,"osmWayId":1273070041,"name":"Unnamed residential","highway":"residential","roadClass":"local","lengthM":50,"nearSensitive":false,"busRoute":false}},{"type":"Feature","id":936,"geometry":{"type":"LineString","coordinates":[[76.57348403784964,30.775151563332084],[76.5730474,30.7749651],[76.57301537670148,30.774951426617115]]},"properties":{"id":936,"osmWayId":1273070041,"name":"Unnamed residential","highway":"residential","roadClass":"local","lengthM":50,"nearSensitive":false,"busRoute":false}},{"type":"Feature","id":937,"geometry":{"type":"LineString","coordinates":[[76.57301537670148,30.774951426617115],[76.57254670458167,30.774751310554546]]},"properties":{"id":937,"osmWayId":1273070041,"name":"Unnamed residential","highway":"residential","roadClass":"local","lengthM":50,"nearSensitive":true,"busRoute":false}},{"type":"Feature","id":938,"geometry":{"type":"LineString","coordinates":[[76.57254670458167,30.774751310554546],[76.57207803441153,30.774551192806637]]},"properties":{"id":938,"osmWayId":1273070041,"name":"Unnamed residential","highway":"residential","roadClass":"local","lengthM":50,"nearSensitive":true,"busRoute":false}},{"type":"Feature","id":939,"geometry":{"type":"LineString","coordinates":[[76.57207803441153,30.774551192806637],[76.5717832,30.7744253]]},"properties":{"id":939,"osmWayId":1273070041,"name":"Unnamed residential","highway":"residential","roadClass":"local","lengthM":31.5,"nearSensitive":true,"busRoute":false}},{"type":"Feature","id":940,"geometry":{"type":"LineString","coordinates":[[76.5728059,30.7744709],[76.5730988,30.7745878],[76.5732447,30.7746444],[76.57328144160545,30.774658654582936]]},"properties":{"id":940,"osmWayId":1273070042,"name":"Unnamed residential","highway":"residential","roadClass":"local","lengthM":50,"nearSensitive":false,"busRoute":false}},{"type":"Feature","id":941,"geometry":{"type":"LineString","coordinates":[[76.57328144160545,30.774658654582936],[76.5735821,30.7747753],[76.57375081804648,30.774856644925958]]},"properties":{"id":941,"osmWayId":1273070042,"name":"Unnamed residential","highway":"residential","roadClass":"local","lengthM":50,"nearSensitive":false,"busRoute":false}},{"type":"Feature","id":942,"geometry":{"type":"LineString","coordinates":[[76.57375081804648,30.774856644925958],[76.5739795,30.7749669],[76.57396439354109,30.774742916524122]]},"properties":{"id":942,"osmWayId":1273070042,"name":"Unnamed residential","highway":"residential","roadClass":"local","lengthM":50,"nearSensitive":false,"busRoute":false}},{"type":"Feature","id":943,"geometry":{"type":"LineString","coordinates":[[76.57396439354109,30.774742916524122],[76.57393411742562,30.774294009395398]]},"properties":{"id":943,"osmWayId":1273070042,"name":"Unnamed residential","highway":"residential","roadClass":"local","lengthM":50,"nearSensitive":false,"busRoute":false}},{"type":"Feature","id":944,"geometry":{"type":"LineString","coordinates":[[76.57393411742562,30.774294009395398],[76.5739234,30.7741351],[76.57426060423832,30.774114082389115]]},"properties":{"id":944,"osmWayId":1273070042,"name":"Unnamed residential","highway":"residential","roadClass":"local","lengthM":50,"nearSensitive":false,"busRoute":false}},{"type":"Feature","id":945,"geometry":{"type":"LineString","coordinates":[[76.57426060423832,30.774114082389115],[76.5743261,30.77411],[76.57435063190704,30.774502673633133]]},"properties":{"id":945,"osmWayId":1273070042,"name":"Unnamed residential","highway":"residential","roadClass":"local","lengthM":50,"nearSensitive":false,"busRoute":false}},{"type":"Feature","id":946,"geometry":{"type":"LineString","coordinates":[[76.57435063190704,30.774502673633133],[76.5743716,30.7748383]]},"properties":{"id":946,"osmWayId":1273070042,"name":"Unnamed residential","highway":"residential","roadClass":"local","lengthM":37.4,"nearSensitive":false,"busRoute":false}},{"type":"Feature","id":947,"geometry":{"type":"LineString","coordinates":[[76.5730474,30.7749651],[76.5732447,30.7746444]]},"properties":{"id":947,"osmWayId":1273070043,"name":"Unnamed residential","highway":"residential","roadClass":"local","lengthM":40.3,"nearSensitive":false,"busRoute":false}},{"type":"Feature","id":948,"geometry":{"type":"LineString","coordinates":[[76.5730988,30.7745878],[76.5735499,30.7744727],[76.57355470580303,30.774517862730043]]},"properties":{"id":948,"osmWayId":1273070044,"name":"Unnamed residential","highway":"residential","roadClass":"local","lengthM":50,"nearSensitive":false,"busRoute":false}},{"type":"Feature","id":949,"geometry":{"type":"LineString","coordinates":[[76.57355470580303,30.774517862730043],[76.5735821,30.7747753]]},"properties":{"id":949,"osmWayId":1273070044,"name":"Unnamed residential","highway":"residential","roadClass":"local","lengthM":28.7,"nearSensitive":false,"busRoute":false}},{"type":"Feature","id":950,"geometry":{"type":"LineString","coordinates":[[76.5662321,30.7751092],[76.5665897,30.7750433],[76.5667420608463,30.775008593185483]]},"properties":{"id":950,"osmWayId":1348344531,"name":"Unnamed tertiary","highway":"tertiary","roadClass":"collector","lengthM":50,"nearSensitive":true,"busRoute":false}},{"type":"Feature","id":951,"geometry":{"type":"LineString","coordinates":[[76.5667420608463,30.775008593185483],[76.56724793996942,30.774893355738826]]},"properties":{"id":951,"osmWayId":1348344531,"name":"Unnamed tertiary","highway":"tertiary","roadClass":"collector","lengthM":50,"nearSensitive":true,"busRoute":false}},{"type":"Feature","id":952,"geometry":{"type":"LineString","coordinates":[[76.56724793996942,30.774893355738826],[76.5673193,30.7748771],[76.56775448511709,30.774780304361517]]},"properties":{"id":952,"osmWayId":1348344531,"name":"Unnamed tertiary","highway":"tertiary","roadClass":"collector","lengthM":50,"nearSensitive":true,"busRoute":false}},{"type":"Feature","id":953,"geometry":{"type":"LineString","coordinates":[[76.56775448511709,30.774780304361517],[76.56826113865496,30.77466761035105]]},"properties":{"id":953,"osmWayId":1348344531,"name":"Unnamed tertiary","highway":"tertiary","roadClass":"collector","lengthM":50,"nearSensitive":true,"busRoute":false}},{"type":"Feature","id":954,"geometry":{"type":"LineString","coordinates":[[76.56826113865496,30.77466761035105],[76.5684581,30.7746238],[76.56876752835966,30.774554048528152]]},"properties":{"id":954,"osmWayId":1348344531,"name":"Unnamed tertiary","highway":"tertiary","roadClass":"collector","lengthM":50,"nearSensitive":true,"busRoute":false}},{"type":"Feature","id":955,"geometry":{"type":"LineString","coordinates":[[76.56876752835966,30.774554048528152],[76.569104,30.7744782],[76.56927374501021,30.774439918304534]]},"properties":{"id":955,"osmWayId":1348344531,"name":"Unnamed tertiary","highway":"tertiary","roadClass":"collector","lengthM":50,"nearSensitive":true,"busRoute":false}},{"type":"Feature","id":956,"geometry":{"type":"LineString","coordinates":[[76.56927374501021,30.774439918304534],[76.56977995091539,30.774325754867235]]},"properties":{"id":956,"osmWayId":1348344531,"name":"Unnamed tertiary","highway":"tertiary","roadClass":"collector","lengthM":50,"nearSensitive":true,"busRoute":false}},{"type":"Feature","id":957,"geometry":{"type":"LineString","coordinates":[[76.56977995091539,30.774325754867235],[76.5697966,30.774322],[76.57028876081624,30.77422049881437]]},"properties":{"id":957,"osmWayId":1348344531,"name":"Unnamed tertiary","highway":"tertiary","roadClass":"collector","lengthM":50,"nearSensitive":true,"busRoute":false}},{"type":"Feature","id":958,"geometry":{"type":"LineString","coordinates":[[76.57028876081624,30.77422049881437],[76.5703867,30.7742003]]},"properties":{"id":958,"osmWayId":1348344531,"name":"Unnamed tertiary","highway":"tertiary","roadClass":"collector","lengthM":9.6,"nearSensitive":true,"busRoute":false}},{"type":"Feature","id":959,"geometry":{"type":"LineString","coordinates":[[76.5739795,30.7749669],[76.5740341,30.7749845],[76.57449438611478,30.774927507474427]]},"properties":{"id":959,"osmWayId":1370509585,"name":"Unnamed residential","highway":"residential","roadClass":"local","lengthM":50,"nearSensitive":false,"busRoute":false}},{"type":"Feature","id":960,"geometry":{"type":"LineString","coordinates":[[76.57449438611478,30.774927507474427],[76.5745744,30.7749176]]},"properties":{"id":960,"osmWayId":1370509585,"name":"Unnamed residential","highway":"residential","roadClass":"local","lengthM":7.7,"nearSensitive":false,"busRoute":false}},{"type":"Feature","id":961,"geometry":{"type":"LineString","coordinates":[[76.5726389,30.7739301],[76.57277311214509,30.774364722820202]]},"properties":{"id":961,"osmWayId":1370509586,"name":"Unnamed residential","highway":"residential","roadClass":"local","lengthM":50,"nearSensitive":true,"busRoute":false}},{"type":"Feature","id":962,"geometry":{"type":"LineString","coordinates":[[76.57277311214509,30.774364722820202],[76.5728059,30.7744709]]},"properties":{"id":962,"osmWayId":1370509586,"name":"Unnamed residential","highway":"residential","roadClass":"local","lengthM":12.2,"nearSensitive":true,"busRoute":false}},{"type":"Feature","id":963,"geometry":{"type":"LineString","coordinates":[[76.5749221,30.7734269],[76.5750933,30.7734305],[76.5751335,30.7734293],[76.5751724,30.773427],[76.5752006,30.7734224],[76.57543884876749,30.773376448161134]]},"properties":{"id":963,"osmWayId":1462513347,"name":"Unnamed unclassified","highway":"unclassified","roadClass":"local","lengthM":50,"nearSensitive":false,"busRoute":false}},{"type":"Feature","id":964,"geometry":{"type":"LineString","coordinates":[[76.57543884876749,30.773376448161134],[76.5758041,30.773306],[76.57594821829278,30.773273473446867]]},"properties":{"id":964,"osmWayId":1462513347,"name":"Unnamed unclassified","highway":"unclassified","roadClass":"local","lengthM":50,"nearSensitive":false,"busRoute":false}},{"type":"Feature","id":965,"geometry":{"type":"LineString","coordinates":[[76.57594821829278,30.773273473446867],[76.5761785,30.7732215],[76.57645619309638,30.77316544504074]]},"properties":{"id":965,"osmWayId":1462513347,"name":"Unnamed unclassified","highway":"unclassified","roadClass":"local","lengthM":50,"nearSensitive":false,"busRoute":false}},{"type":"Feature","id":966,"geometry":{"type":"LineString","coordinates":[[76.57645619309638,30.77316544504074],[76.5765119,30.7731542],[76.5766489,30.7731205],[76.57696246619626,30.773051732067245]]},"properties":{"id":966,"osmWayId":1462513347,"name":"Unnamed unclassified","highway":"unclassified","roadClass":"local","lengthM":50,"nearSensitive":true,"busRoute":false}},{"type":"Feature","id":967,"geometry":{"type":"LineString","coordinates":[[76.57696246619626,30.773051732067245],[76.57729,30.7729799],[76.5773329,30.7729615],[76.57742286416683,30.772872312042054]]},"properties":{"id":967,"osmWayId":1462513347,"name":"Unnamed unclassified","highway":"unclassified","roadClass":"local","lengthM":50,"nearSensitive":true,"busRoute":false}},{"type":"Feature","id":968,"geometry":{"type":"LineString","coordinates":[[76.57742286416683,30.772872312042054],[76.5774604,30.7728351]]},"properties":{"id":968,"osmWayId":1462513347,"name":"Unnamed unclassified","highway":"unclassified","roadClass":"local","lengthM":5.5,"nearSensitive":true,"busRoute":false}},{"type":"Feature","id":969,"geometry":{"type":"LineString","coordinates":[[76.5812246,30.7787916],[76.5812869,30.7787968],[76.5814003,30.7788081],[76.5815493,30.7788447],[76.58172826703151,30.778903615098606]]},"properties":{"id":969,"osmWayId":1484816988,"name":"Unnamed tertiary","highway":"tertiary","roadClass":"collector","lengthM":50,"nearSensitive":false,"busRoute":false}},{"type":"Feature","id":970,"geometry":{"type":"LineString","coordinates":[[76.58172826703151,30.778903615098606],[76.5818312,30.7789375],[76.58221426359725,30.77907047224559]]},"properties":{"id":970,"osmWayId":1484816988,"name":"Unnamed tertiary","highway":"tertiary","roadClass":"collector","lengthM":50,"nearSensitive":false,"busRoute":false}},{"type":"Feature","id":971,"geometry":{"type":"LineString","coordinates":[[76.58221426359725,30.77907047224559],[76.5823169,30.7791061],[76.5826589,30.7792595],[76.58268304861461,30.77926964331744]]},"properties":{"id":971,"osmWayId":1484816988,"name":"Unnamed tertiary","highway":"tertiary","roadClass":"collector","lengthM":50,"nearSensitive":false,"busRoute":false}},{"type":"Feature","id":972,"geometry":{"type":"LineString","coordinates":[[76.58268304861461,30.77926964331744],[76.5831191,30.7794528],[76.58315446886829,30.779464752733084]]},"properties":{"id":972,"osmWayId":1484816988,"name":"Unnamed tertiary","highway":"tertiary","roadClass":"collector","lengthM":50,"nearSensitive":false,"busRoute":false}},{"type":"Feature","id":973,"geometry":{"type":"LineString","coordinates":[[76.58315446886829,30.779464752733084],[76.58364152639516,30.779629350122917]]},"properties":{"id":973,"osmWayId":1484816988,"name":"Unnamed tertiary","highway":"tertiary","roadClass":"collector","lengthM":50,"nearSensitive":false,"busRoute":false}},{"type":"Feature","id":974,"geometry":{"type":"LineString","coordinates":[[76.58364152639516,30.779629350122917],[76.5836615,30.7796361],[76.584130790292,30.77978904263449]]},"properties":{"id":974,"osmWayId":1484816988,"name":"Unnamed tertiary","highway":"tertiary","roadClass":"collector","lengthM":50,"nearSensitive":false,"busRoute":false}},{"type":"Feature","id":975,"geometry":{"type":"LineString","coordinates":[[76.584130790292,30.77978904263449],[76.5845449,30.779924],[76.58462043917206,30.779947858627224]]},"properties":{"id":975,"osmWayId":1484816988,"name":"Unnamed tertiary","highway":"tertiary","roadClass":"collector","lengthM":50,"nearSensitive":false,"busRoute":false}},{"type":"Feature","id":976,"geometry":{"type":"LineString","coordinates":[[76.58462043917206,30.779947858627224],[76.5850423,30.7800811],[76.58511149728356,30.780103436639507]]},"properties":{"id":976,"osmWayId":1484816988,"name":"Unnamed tertiary","highway":"tertiary","roadClass":"collector","lengthM":50,"nearSensitive":false,"busRoute":false}},{"type":"Feature","id":977,"geometry":{"type":"LineString","coordinates":[[76.58511149728356,30.780103436639507],[76.5853428,30.7801781],[76.5855783,30.780275],[76.58559154199952,30.78028137716932]]},"properties":{"id":977,"osmWayId":1484816988,"name":"Unnamed tertiary","highway":"tertiary","roadClass":"collector","lengthM":50,"nearSensitive":false,"busRoute":false}},{"type":"Feature","id":978,"geometry":{"type":"LineString","coordinates":[[76.58559154199952,30.78028137716932],[76.5859014,30.7804306],[76.5860467459903,30.780503273203234]]},"properties":{"id":978,"osmWayId":1484816988,"name":"Unnamed tertiary","highway":"tertiary","roadClass":"collector","lengthM":50,"nearSensitive":false,"busRoute":false}},{"type":"Feature","id":979,"geometry":{"type":"LineString","coordinates":[[76.5860467459903,30.780503273203234],[76.5862692,30.7806145],[76.58650217305168,30.780724796219907]]},"properties":{"id":979,"osmWayId":1484816988,"name":"Unnamed tertiary","highway":"tertiary","roadClass":"collector","lengthM":50,"nearSensitive":false,"busRoute":false}},{"type":"Feature","id":980,"geometry":{"type":"LineString","coordinates":[[76.58650217305168,30.780724796219907],[76.58696057169115,30.780941813516282]]},"properties":{"id":980,"osmWayId":1484816988,"name":"Unnamed tertiary","highway":"tertiary","roadClass":"collector","lengthM":50,"nearSensitive":false,"busRoute":false}},{"type":"Feature","id":981,"geometry":{"type":"LineString","coordinates":[[76.58696057169115,30.780941813516282],[76.587003,30.7809619],[76.5870561,30.78099],[76.5872026,30.7810673],[76.58740821525538,30.781174738715812]]},"properties":{"id":981,"osmWayId":1484816988,"name":"Unnamed tertiary","highway":"tertiary","roadClass":"collector","lengthM":50,"nearSensitive":false,"busRoute":false}},{"type":"Feature","id":982,"geometry":{"type":"LineString","coordinates":[[76.58740821525538,30.781174738715812],[76.5874912,30.7812181],[76.5877318,30.7813313],[76.58785591142443,30.781406611891267]]},"properties":{"id":982,"osmWayId":1484816988,"name":"Unnamed tertiary","highway":"tertiary","roadClass":"collector","lengthM":50,"nearSensitive":false,"busRoute":false}},{"type":"Feature","id":983,"geometry":{"type":"LineString","coordinates":[[76.58785591142443,30.781406611891267],[76.5879345,30.7814543],[76.5880448,30.781536],[76.5881269,30.7815968]]},"properties":{"id":983,"osmWayId":1484816988,"name":"Unnamed tertiary","highway":"tertiary","roadClass":"collector","lengthM":33.5,"nearSensitive":false,"busRoute":false}},{"type":"Feature","id":984,"geometry":{"type":"LineString","coordinates":[[76.5901512,30.7772387],[76.5902263,30.7771926],[76.5903041,30.7771234],[76.5903524,30.7770462],[76.59040314665185,30.776864865205308]]},"properties":{"id":984,"osmWayId":1484823935,"name":"Unnamed unclassified","highway":"unclassified","roadClass":"local","lengthM":50,"nearSensitive":false,"busRoute":false}},{"type":"Feature","id":985,"geometry":{"type":"LineString","coordinates":[[76.59040314665185,30.776864865205308],[76.5904717,30.7766199],[76.59052359122217,30.776427278515378]]},"properties":{"id":985,"osmWayId":1484823935,"name":"Unnamed unclassified","highway":"unclassified","roadClass":"local","lengthM":50,"nearSensitive":false,"busRoute":false}},{"type":"Feature","id":986,"geometry":{"type":"LineString","coordinates":[[76.59052359122217,30.776427278515378],[76.5906179,30.7760772],[76.59064226093076,30.775989331519582]]},"properties":{"id":986,"osmWayId":1484823935,"name":"Unnamed unclassified","highway":"unclassified","roadClass":"local","lengthM":50,"nearSensitive":false,"busRoute":false}},{"type":"Feature","id":987,"geometry":{"type":"LineString","coordinates":[[76.59064226093076,30.775989331519582],[76.59076353247215,30.775551909567262]]},"properties":{"id":987,"osmWayId":1484823935,"name":"Unnamed unclassified","highway":"unclassified","roadClass":"local","lengthM":50,"nearSensitive":false,"busRoute":false}},{"type":"Feature","id":988,"geometry":{"type":"LineString","coordinates":[[76.59076353247215,30.775551909567262],[76.5908217,30.7753421],[76.5908856429555,30.775114660631782]]},"properties":{"id":988,"osmWayId":1484823935,"name":"Unnamed unclassified","highway":"unclassified","roadClass":"local","lengthM":50,"nearSensitive":false,"busRoute":false}},{"type":"Feature","id":989,"geometry":{"type":"LineString","coordinates":[[76.5908856429555,30.775114660631782],[76.5909921,30.774736],[76.59100841263964,30.77467754759163]]},"properties":{"id":989,"osmWayId":1484823935,"name":"Unnamed unclassified","highway":"unclassified","roadClass":"local","lengthM":50,"nearSensitive":false,"busRoute":false}},{"type":"Feature","id":990,"geometry":{"type":"LineString","coordinates":[[76.59100841263964,30.77467754759163],[76.59113044224216,30.774240281635844]]},"properties":{"id":990,"osmWayId":1484823935,"name":"Unnamed unclassified","highway":"unclassified","roadClass":"local","lengthM":50,"nearSensitive":false,"busRoute":false}},{"type":"Feature","id":991,"geometry":{"type":"LineString","coordinates":[[76.59113044224216,30.774240281635844],[76.5911392,30.7742089],[76.59124552628009,30.773801631130357]]},"properties":{"id":991,"osmWayId":1484823935,"name":"Unnamed unclassified","highway":"unclassified","roadClass":"local","lengthM":50,"nearSensitive":false,"busRoute":false}},{"type":"Feature","id":992,"geometry":{"type":"LineString","coordinates":[[76.59124552628009,30.773801631130357],[76.591263,30.7737347],[76.5913911044985,30.773369876074725]]},"properties":{"id":992,"osmWayId":1484823935,"name":"Unnamed unclassified","highway":"unclassified","roadClass":"local","lengthM":50,"nearSensitive":false,"busRoute":false}},{"type":"Feature","id":993,"geometry":{"type":"LineString","coordinates":[[76.5913911044985,30.773369876074725],[76.5914293,30.7732611],[76.59153506649977,30.772937579301438]]},"properties":{"id":993,"osmWayId":1484823935,"name":"Unnamed unclassified","highway":"unclassified","roadClass":"local","lengthM":50,"nearSensitive":false,"busRoute":false}},{"type":"Feature","id":994,"geometry":{"type":"LineString","coordinates":[[76.59153506649977,30.772937579301438],[76.5915687,30.7728347],[76.59165790833839,30.77250057961306]]},"properties":{"id":994,"osmWayId":1484823935,"name":"Unnamed unclassified","highway":"unclassified","roadClass":"local","lengthM":50,"nearSensitive":false,"busRoute":false}},{"type":"Feature","id":995,"geometry":{"type":"LineString","coordinates":[[76.59165790833839,30.77250057961306],[76.5917749246602,30.772062303757476]]},"properties":{"id":995,"osmWayId":1484823935,"name":"Unnamed unclassified","highway":"unclassified","roadClass":"local","lengthM":50,"nearSensitive":false,"busRoute":false}},{"type":"Feature","id":996,"geometry":{"type":"LineString","coordinates":[[76.5917749246602,30.772062303757476],[76.5918142,30.7719152],[76.59188160267604,30.771622131926172]]},"properties":{"id":996,"osmWayId":1484823935,"name":"Unnamed unclassified","highway":"unclassified","roadClass":"local","lengthM":50,"nearSensitive":false,"busRoute":false}},{"type":"Feature","id":997,"geometry":{"type":"LineString","coordinates":[[76.59188160267604,30.771622131926172],[76.5919027,30.7715304],[76.59195585843838,30.77117718651957]]},"properties":{"id":997,"osmWayId":1484823935,"name":"Unnamed unclassified","highway":"unclassified","roadClass":"local","lengthM":50,"nearSensitive":false,"busRoute":false}},{"type":"Feature","id":998,"geometry":{"type":"LineString","coordinates":[[76.59195585843838,30.77117718651957],[76.5920229726932,30.77073123929522]]},"properties":{"id":998,"osmWayId":1484823935,"name":"Unnamed unclassified","highway":"unclassified","roadClass":"local","lengthM":50,"nearSensitive":false,"busRoute":false}},{"type":"Feature","id":999,"geometry":{"type":"LineString","coordinates":[[76.5920229726932,30.77073123929522],[76.5920234,30.7707284],[76.59207718966131,30.77028399957496]]},"properties":{"id":999,"osmWayId":1484823935,"name":"Unnamed unclassified","highway":"unclassified","roadClass":"local","lengthM":50,"nearSensitive":false,"busRoute":false}},{"type":"Feature","id":1000,"geometry":{"type":"LineString","coordinates":[[76.59207718966131,30.77028399957496],[76.59213132348812,30.769836751550482]]},"properties":{"id":1000,"osmWayId":1484823935,"name":"Unnamed unclassified","highway":"unclassified","roadClass":"local","lengthM":50,"nearSensitive":false,"busRoute":false}},{"type":"Feature","id":1001,"geometry":{"type":"LineString","coordinates":[[76.59213132348812,30.769836751550482],[76.5921414,30.7697535],[76.59217889645292,30.769388961329117]]},"properties":{"id":1001,"osmWayId":1484823935,"name":"Unnamed unclassified","highway":"unclassified","roadClass":"local","lengthM":50,"nearSensitive":false,"busRoute":false}},{"type":"Feature","id":1002,"geometry":{"type":"LineString","coordinates":[[76.59217889645292,30.769388961329117],[76.59222496852776,30.768941047087342]]},"properties":{"id":1002,"osmWayId":1484823935,"name":"Unnamed unclassified","highway":"unclassified","roadClass":"local","lengthM":50,"nearSensitive":false,"busRoute":false}},{"type":"Feature","id":1003,"geometry":{"type":"LineString","coordinates":[[76.59222496852776,30.768941047087342],[76.592254,30.7686588],[76.59228211397546,30.768494250786947]]},"properties":{"id":1003,"osmWayId":1484823935,"name":"Unnamed unclassified","highway":"unclassified","roadClass":"local","lengthM":50,"nearSensitive":false,"busRoute":false}},{"type":"Feature","id":1004,"geometry":{"type":"LineString","coordinates":[[76.59228211397546,30.768494250786947],[76.592305,30.7683603],[76.5923399,30.7682128],[76.5923828,30.7681103],[76.59240492398425,30.768058871441053]]},"properties":{"id":1004,"osmWayId":1484823935,"name":"Unnamed unclassified","highway":"unclassified","roadClass":"local","lengthM":50,"nearSensitive":false,"busRoute":false}},{"type":"Feature","id":1005,"geometry":{"type":"LineString","coordinates":[[76.59240492398425,30.768058871441053],[76.5924056,30.7680573],[76.5924874,30.7679409],[76.5925813,30.7678084],[76.5927094170643,30.767696632047656]]},"properties":{"id":1005,"osmWayId":1484823935,"name":"Unnamed unclassified","highway":"unclassified","roadClass":"local","lengthM":50,"nearSensitive":false,"busRoute":false}},{"type":"Feature","id":1006,"geometry":{"type":"LineString","coordinates":[[76.5927094170643,30.767696632047656],[76.5927537,30.767658]]},"properties":{"id":1006,"osmWayId":1484823935,"name":"Unnamed unclassified","highway":"unclassified","roadClass":"local","lengthM":6,"nearSensitive":false,"busRoute":false}},{"type":"Feature","id":1007,"geometry":{"type":"LineString","coordinates":[[76.5895917,30.7770551],[76.5896416,30.7771119],[76.5896845,30.7771592],[76.5897535,30.7772089],[76.5898635,30.7772559],[76.5899715,30.7772686],[76.59001995038341,30.777263263327058]]},"properties":{"id":1007,"osmWayId":1497394953,"name":"Unnamed unclassified","highway":"unclassified","roadClass":"local","lengthM":50,"nearSensitive":false,"busRoute":false}},{"type":"Feature","id":1008,"geometry":{"type":"LineString","coordinates":[[76.59001995038341,30.777263263327058],[76.5900868,30.7772559],[76.5901512,30.7772387]]},"properties":{"id":1008,"osmWayId":1497394953,"name":"Unnamed unclassified","highway":"unclassified","roadClass":"local","lengthM":12.9,"nearSensitive":false,"busRoute":false}},{"type":"Feature","id":1009,"geometry":{"type":"LineString","coordinates":[[76.5912629,30.7683969],[76.5914708,30.7683638],[76.5915728,30.7683915],[76.5916908,30.7684629],[76.59171706393718,30.76850981338766]]},"properties":{"id":1009,"osmWayId":1497394954,"name":"Unnamed unclassified","highway":"unclassified","roadClass":"local","lengthM":50,"nearSensitive":false,"busRoute":false}},{"type":"Feature","id":1010,"geometry":{"type":"LineString","coordinates":[[76.59171706393718,30.76850981338766],[76.5917605,30.7685874],[76.5917766,30.768857],[76.59176852917258,30.76895035171441]]},"properties":{"id":1010,"osmWayId":1497394954,"name":"Unnamed unclassified","highway":"unclassified","roadClass":"local","lengthM":50,"nearSensitive":false,"busRoute":false}},{"type":"Feature","id":1011,"geometry":{"type":"LineString","coordinates":[[76.59176852917258,30.76895035171441],[76.59172975990339,30.769398776284365]]},"properties":{"id":1011,"osmWayId":1497394954,"name":"Unnamed unclassified","highway":"unclassified","roadClass":"local","lengthM":50,"nearSensitive":false,"busRoute":false}},{"type":"Feature","id":1012,"geometry":{"type":"LineString","coordinates":[[76.59172975990339,30.769398776284365],[76.5916961,30.7697881],[76.59168865995528,30.76984701789874]]},"properties":{"id":1012,"osmWayId":1497394954,"name":"Unnamed unclassified","highway":"unclassified","roadClass":"local","lengthM":50,"nearSensitive":false,"busRoute":false}},{"type":"Feature","id":1013,"geometry":{"type":"LineString","coordinates":[[76.59168865995528,30.76984701789874],[76.5916322087083,30.77029405435977]]},"properties":{"id":1013,"osmWayId":1497394954,"name":"Unnamed unclassified","highway":"unclassified","roadClass":"local","lengthM":50,"nearSensitive":false,"busRoute":false}},{"type":"Feature","id":1014,"geometry":{"type":"LineString","coordinates":[[76.5916322087083,30.77029405435977],[76.59157575693682,30.770741090796342]]},"properties":{"id":1014,"osmWayId":1497394954,"name":"Unnamed unclassified","highway":"unclassified","roadClass":"local","lengthM":50,"nearSensitive":false,"busRoute":false}},{"type":"Feature","id":1015,"geometry":{"type":"LineString","coordinates":[[76.59157575693682,30.770741090796342],[76.5915567,30.770892],[76.59150295492873,30.771186263882903]]},"properties":{"id":1015,"osmWayId":1497394954,"name":"Unnamed unclassified","highway":"unclassified","roadClass":"local","lengthM":50,"nearSensitive":false,"busRoute":false}},{"type":"Feature","id":1016,"geometry":{"type":"LineString","coordinates":[[76.59150295492873,30.771186263882903],[76.5914279,30.7715972],[76.59142196044331,30.77163050603617]]},"properties":{"id":1016,"osmWayId":1497394954,"name":"Unnamed unclassified","highway":"unclassified","roadClass":"local","lengthM":50,"nearSensitive":false,"busRoute":false}},{"type":"Feature","id":1017,"geometry":{"type":"LineString","coordinates":[[76.59142196044331,30.77163050603617],[76.5913426960067,30.772074978759033]]},"properties":{"id":1017,"osmWayId":1497394954,"name":"Unnamed unclassified","highway":"unclassified","roadClass":"local","lengthM":50,"nearSensitive":false,"busRoute":false}},{"type":"Feature","id":1018,"geometry":{"type":"LineString","coordinates":[[76.5913426960067,30.772074978759033],[76.5913153,30.7722286],[76.59124360490914,30.77251632563867]]},"properties":{"id":1018,"osmWayId":1497394954,"name":"Unnamed unclassified","highway":"unclassified","roadClass":"local","lengthM":50,"nearSensitive":false,"busRoute":false}},{"type":"Feature","id":1019,"geometry":{"type":"LineString","coordinates":[[76.59124360490914,30.77251632563867],[76.59113404124389,30.772956021458675]]},"properties":{"id":1019,"osmWayId":1497394954,"name":"Unnamed unclassified","highway":"unclassified","roadClass":"local","lengthM":50,"nearSensitive":false,"busRoute":false}},{"type":"Feature","id":1020,"geometry":{"type":"LineString","coordinates":[[76.59113404124389,30.772956021458675],[76.5910873,30.7731436],[76.59100555484332,30.77339167998092]]},"properties":{"id":1020,"osmWayId":1497394954,"name":"Unnamed unclassified","highway":"unclassified","roadClass":"local","lengthM":50,"nearSensitive":false,"busRoute":false}},{"type":"Feature","id":1021,"geometry":{"type":"LineString","coordinates":[[76.59100555484332,30.77339167998092],[76.5909062,30.7736932],[76.59085236604967,30.77382140003501]]},"properties":{"id":1021,"osmWayId":1497394954,"name":"Unnamed unclassified","highway":"unclassified","roadClass":"local","lengthM":50,"nearSensitive":false,"busRoute":false}},{"type":"Feature","id":1022,"geometry":{"type":"LineString","coordinates":[[76.59085236604967,30.77382140003501],[76.5907654,30.7740285],[76.59067884410209,30.774245609316996]]},"properties":{"id":1022,"osmWayId":1497394954,"name":"Unnamed unclassified","highway":"unclassified","roadClass":"local","lengthM":50,"nearSensitive":false,"busRoute":false}},{"type":"Feature","id":1023,"geometry":{"type":"LineString","coordinates":[[76.59067884410209,30.774245609316996],[76.5906511,30.7743152],[76.5905575,30.774539],[76.59050036664121,30.774668284045408]]},"properties":{"id":1023,"osmWayId":1497394954,"name":"Unnamed unclassified","highway":"unclassified","roadClass":"local","lengthM":50,"nearSensitive":false,"busRoute":false}},{"type":"Feature","id":1024,"geometry":{"type":"LineString","coordinates":[[76.59050036664121,30.774668284045408],[76.59031459171678,30.775088661687647]]},"properties":{"id":1024,"osmWayId":1497394954,"name":"Unnamed unclassified","highway":"unclassified","roadClass":"local","lengthM":50,"nearSensitive":false,"busRoute":false}},{"type":"Feature","id":1025,"geometry":{"type":"LineString","coordinates":[[76.59031459171678,30.775088661687647],[76.5903121,30.7750943],[76.59012194793254,30.775506750500423]]},"properties":{"id":1025,"osmWayId":1497394954,"name":"Unnamed unclassified","highway":"unclassified","roadClass":"local","lengthM":50,"nearSensitive":false,"busRoute":false}},{"type":"Feature","id":1026,"geometry":{"type":"LineString","coordinates":[[76.59012194793254,30.775506750500423],[76.58992920911467,30.77592480791564]]},"properties":{"id":1026,"osmWayId":1497394954,"name":"Unnamed unclassified","highway":"unclassified","roadClass":"local","lengthM":50,"nearSensitive":false,"busRoute":false}},{"type":"Feature","id":1027,"geometry":{"type":"LineString","coordinates":[[76.58992920911467,30.77592480791564],[76.5897637,30.7762838],[76.58974038756112,30.776344090099695]]},"properties":{"id":1027,"osmWayId":1497394954,"name":"Unnamed unclassified","highway":"unclassified","roadClass":"local","lengthM":50,"nearSensitive":false,"busRoute":false}},{"type":"Feature","id":1028,"geometry":{"type":"LineString","coordinates":[[76.58974038756112,30.776344090099695],[76.5895931,30.776725],[76.58957375962329,30.776770330497193]]},"properties":{"id":1028,"osmWayId":1497394954,"name":"Unnamed unclassified","highway":"unclassified","roadClass":"local","lengthM":50,"nearSensitive":false,"busRoute":false}},{"type":"Feature","id":1029,"geometry":{"type":"LineString","coordinates":[[76.58957375962329,30.776770330497193],[76.5895518,30.7768218],[76.5895611,30.7769391],[76.5895917,30.7770551]]},"properties":{"id":1029,"osmWayId":1497394954,"name":"Unnamed unclassified","highway":"unclassified","roadClass":"local","lengthM":32.4,"nearSensitive":false,"busRoute":false}},{"type":"Feature","id":1030,"geometry":{"type":"LineString","coordinates":[[76.5872287,30.7849517],[76.58737512764635,30.784519994330758]]},"properties":{"id":1030,"osmWayId":1542869742,"name":"Mohali-Kharar-Kurali Bypass","highway":"trunk","roadClass":"arterial","lengthM":50,"nearSensitive":false,"busRoute":true}},{"type":"Feature","id":1031,"geometry":{"type":"LineString","coordinates":[[76.58737512764635,30.784519994330758],[76.5873775,30.784513],[76.58753183897565,30.784090963511176]]},"properties":{"id":1031,"osmWayId":1542869742,"name":"Mohali-Kharar-Kurali Bypass","highway":"trunk","roadClass":"arterial","lengthM":50,"nearSensitive":false,"busRoute":true}},{"type":"Feature","id":1032,"geometry":{"type":"LineString","coordinates":[[76.58753183897565,30.784090963511176],[76.5876547,30.783755],[76.58768755163273,30.78366166758238]]},"properties":{"id":1032,"osmWayId":1542869742,"name":"Mohali-Kharar-Kurali Bypass","highway":"trunk","roadClass":"arterial","lengthM":50,"nearSensitive":false,"busRoute":true}},{"type":"Feature","id":1033,"geometry":{"type":"LineString","coordinates":[[76.58768755163273,30.78366166758238],[76.58783904943795,30.783231255582233]]},"properties":{"id":1033,"osmWayId":1542869742,"name":"Mohali-Kharar-Kurali Bypass","highway":"trunk","roadClass":"arterial","lengthM":50,"nearSensitive":false,"busRoute":true}},{"type":"Feature","id":1034,"geometry":{"type":"LineString","coordinates":[[76.58783904943795,30.783231255582233],[76.58799054588722,30.78280084340596]]},"properties":{"id":1034,"osmWayId":1542869742,"name":"Mohali-Kharar-Kurali Bypass","highway":"trunk","roadClass":"arterial","lengthM":50,"nearSensitive":false,"busRoute":true}},{"type":"Feature","id":1035,"geometry":{"type":"LineString","coordinates":[[76.58799054588722,30.78280084340596],[76.5881420409806,30.78237043105356]]},"properties":{"id":1035,"osmWayId":1542869742,"name":"Mohali-Kharar-Kurali Bypass","highway":"trunk","roadClass":"arterial","lengthM":50,"nearSensitive":false,"busRoute":true}},{"type":"Feature","id":1036,"geometry":{"type":"LineString","coordinates":[[76.5881420409806,30.78237043105356],[76.58829353471809,30.781940018525045]]},"properties":{"id":1036,"osmWayId":1542869742,"name":"Mohali-Kharar-Kurali Bypass","highway":"trunk","roadClass":"arterial","lengthM":50,"nearSensitive":false,"busRoute":true}},{"type":"Feature","id":1037,"geometry":{"type":"LineString","coordinates":[[76.58829353471809,30.781940018525045],[76.5883853,30.7816793],[76.58844607451071,30.781509880531836]]},"properties":{"id":1037,"osmWayId":1542869742,"name":"Mohali-Kharar-Kurali Bypass","highway":"trunk","roadClass":"arterial","lengthM":50,"nearSensitive":false,"busRoute":true}},{"type":"Feature","id":1038,"geometry":{"type":"LineString","coordinates":[[76.58844607451071,30.781509880531836],[76.58860022217743,30.781080164425493]]},"properties":{"id":1038,"osmWayId":1542869742,"name":"Mohali-Kharar-Kurali Bypass","highway":"trunk","roadClass":"arterial","lengthM":50,"nearSensitive":false,"busRoute":true}},{"type":"Feature","id":1039,"geometry":{"type":"LineString","coordinates":[[76.58860022217743,30.781080164425493],[76.5886599,30.7809138],[76.58875309658639,30.780650113859366]]},"properties":{"id":1039,"osmWayId":1542869742,"name":"Mohali-Kharar-Kurali Bypass","highway":"trunk","roadClass":"arterial","lengthM":50,"nearSensitive":false,"busRoute":true}},{"type":"Feature","id":1040,"geometry":{"type":"LineString","coordinates":[[76.58875309658639,30.780650113859366],[76.58890516616015,30.780219851945304]]},"properties":{"id":1040,"osmWayId":1542869742,"name":"Mohali-Kharar-Kurali Bypass","highway":"trunk","roadClass":"arterial","lengthM":50,"nearSensitive":false,"busRoute":true}},{"type":"Feature","id":1041,"geometry":{"type":"LineString","coordinates":[[76.58890516616015,30.780219851945304],[76.5890572343735,30.779789589853788]]},"properties":{"id":1041,"osmWayId":1542869742,"name":"Mohali-Kharar-Kurali Bypass","highway":"trunk","roadClass":"arterial","lengthM":50,"nearSensitive":false,"busRoute":true}},{"type":"Feature","id":1042,"geometry":{"type":"LineString","coordinates":[[76.5890572343735,30.779789589853788],[76.589069,30.7797563],[76.58920503997413,30.779358234320163]]},"properties":{"id":1042,"osmWayId":1542869742,"name":"Mohali-Kharar-Kurali Bypass","highway":"trunk","roadClass":"arterial","lengthM":50,"nearSensitive":false,"busRoute":true}},{"type":"Feature","id":1043,"geometry":{"type":"LineString","coordinates":[[76.58920503997413,30.779358234320163],[76.5893524869047,30.778926786938808]]},"properties":{"id":1043,"osmWayId":1542869742,"name":"Mohali-Kharar-Kurali Bypass","highway":"trunk","roadClass":"arterial","lengthM":50,"nearSensitive":false,"busRoute":true}},{"type":"Feature","id":1044,"geometry":{"type":"LineString","coordinates":[[76.5893524869047,30.778926786938808],[76.58949993251261,30.778495339390624]]},"properties":{"id":1044,"osmWayId":1542869742,"name":"Mohali-Kharar-Kurali Bypass","highway":"trunk","roadClass":"arterial","lengthM":50,"nearSensitive":false,"busRoute":true}},{"type":"Feature","id":1045,"geometry":{"type":"LineString","coordinates":[[76.58949993251261,30.778495339390624],[76.589536,30.7783898],[76.5896125,30.778155],[76.5896442509426,30.778063123949913]]},"properties":{"id":1045,"osmWayId":1542869742,"name":"Mohali-Kharar-Kurali Bypass","highway":"trunk","roadClass":"arterial","lengthM":50,"nearSensitive":false,"busRoute":true}},{"type":"Feature","id":1046,"geometry":{"type":"LineString","coordinates":[[76.5896442509426,30.778063123949913],[76.5896755,30.7779727],[76.58979952080675,30.77763371754812]]},"properties":{"id":1046,"osmWayId":1542869742,"name":"Mohali-Kharar-Kurali Bypass","highway":"trunk","roadClass":"arterial","lengthM":50,"nearSensitive":false,"busRoute":true}},{"type":"Feature","id":1047,"geometry":{"type":"LineString","coordinates":[[76.58979952080675,30.77763371754812],[76.5899342,30.7772656],[76.58995646105458,30.777204749889673]]},"properties":{"id":1047,"osmWayId":1542869742,"name":"Mohali-Kharar-Kurali Bypass","highway":"trunk","roadClass":"arterial","lengthM":50,"nearSensitive":false,"busRoute":true}},{"type":"Feature","id":1048,"geometry":{"type":"LineString","coordinates":[[76.58995646105458,30.777204749889673],[76.5901133921168,30.776775779939612]]},"properties":{"id":1048,"osmWayId":1542869742,"name":"Mohali-Kharar-Kurali Bypass","highway":"trunk","roadClass":"arterial","lengthM":50,"nearSensitive":false,"busRoute":true}},{"type":"Feature","id":1049,"geometry":{"type":"LineString","coordinates":[[76.5901133921168,30.776775779939612],[76.59027032177951,30.77634680980058]]},"properties":{"id":1049,"osmWayId":1542869742,"name":"Mohali-Kharar-Kurali Bypass","highway":"trunk","roadClass":"arterial","lengthM":50,"nearSensitive":false,"busRoute":true}},{"type":"Feature","id":1050,"geometry":{"type":"LineString","coordinates":[[76.59027032177951,30.77634680980058],[76.5904104,30.7759639],[76.5904258160024,30.775917470177298]]},"properties":{"id":1050,"osmWayId":1542869742,"name":"Mohali-Kharar-Kurali Bypass","highway":"trunk","roadClass":"arterial","lengthM":50,"nearSensitive":false,"busRoute":true}},{"type":"Feature","id":1051,"geometry":{"type":"LineString","coordinates":[[76.5904258160024,30.775917470177298],[76.59056938743686,30.77548506036033]]},"properties":{"id":1051,"osmWayId":1542869742,"name":"Mohali-Kharar-Kurali Bypass","highway":"trunk","roadClass":"arterial","lengthM":50,"nearSensitive":false,"busRoute":true}},{"type":"Feature","id":1052,"geometry":{"type":"LineString","coordinates":[[76.59056938743686,30.77548506036033],[76.59071295758075,30.775052650385224]]},"properties":{"id":1052,"osmWayId":1542869742,"name":"Mohali-Kharar-Kurali Bypass","highway":"trunk","roadClass":"arterial","lengthM":50,"nearSensitive":false,"busRoute":true}},{"type":"Feature","id":1053,"geometry":{"type":"LineString","coordinates":[[76.59071295758075,30.775052650385224],[76.59085652643412,30.774620240251956]]},"properties":{"id":1053,"osmWayId":1542869742,"name":"Mohali-Kharar-Kurali Bypass","highway":"trunk","roadClass":"arterial","lengthM":50,"nearSensitive":false,"busRoute":true}},{"type":"Feature","id":1054,"geometry":{"type":"LineString","coordinates":[[76.59085652643412,30.774620240251956],[76.5909759,30.7742607],[76.59100170169414,30.774188238237365]]},"properties":{"id":1054,"osmWayId":1542869742,"name":"Mohali-Kharar-Kurali Bypass","highway":"trunk","roadClass":"arterial","lengthM":50,"nearSensitive":false,"busRoute":true}},{"type":"Feature","id":1055,"geometry":{"type":"LineString","coordinates":[[76.59100170169414,30.774188238237365],[76.5911184,30.7738605],[76.59115423446377,30.773758101030268]]},"properties":{"id":1055,"osmWayId":1542869742,"name":"Mohali-Kharar-Kurali Bypass","highway":"trunk","roadClass":"arterial","lengthM":50,"nearSensitive":false,"busRoute":true}},{"type":"Feature","id":1056,"geometry":{"type":"LineString","coordinates":[[76.59115423446377,30.773758101030268],[76.59130492757858,30.7733274845952]]},"properties":{"id":1056,"osmWayId":1542869742,"name":"Mohali-Kharar-Kurali Bypass","highway":"trunk","roadClass":"arterial","lengthM":50,"nearSensitive":false,"busRoute":true}},{"type":"Feature","id":1057,"geometry":{"type":"LineString","coordinates":[[76.59130492757858,30.7733274845952],[76.5913824,30.7731061],[76.59143235168905,30.77289187180434]]},"properties":{"id":1057,"osmWayId":1542869742,"name":"Mohali-Kharar-Kurali Bypass","highway":"trunk","roadClass":"arterial","lengthM":50,"nearSensitive":false,"busRoute":true}},{"type":"Feature","id":1058,"geometry":{"type":"LineString","coordinates":[[76.59143235168905,30.77289187180434],[76.59153515566408,30.772450972538348]]},"properties":{"id":1058,"osmWayId":1542869742,"name":"Mohali-Kharar-Kurali Bypass","highway":"trunk","roadClass":"arterial","lengthM":50,"nearSensitive":false,"busRoute":true}},{"type":"Feature","id":1059,"geometry":{"type":"LineString","coordinates":[[76.59153515566408,30.772450972538348],[76.59163795869695,30.772010073191282]]},"properties":{"id":1059,"osmWayId":1542869742,"name":"Mohali-Kharar-Kurali Bypass","highway":"trunk","roadClass":"arterial","lengthM":50,"nearSensitive":false,"busRoute":true}},{"type":"Feature","id":1060,"geometry":{"type":"LineString","coordinates":[[76.59163795869695,30.772010073191282],[76.59174076078773,30.771569173763126]]},"properties":{"id":1060,"osmWayId":1542869742,"name":"Mohali-Kharar-Kurali Bypass","highway":"trunk","roadClass":"arterial","lengthM":50,"nearSensitive":false,"busRoute":true}},{"type":"Feature","id":1061,"geometry":{"type":"LineString","coordinates":[[76.59174076078773,30.771569173763126],[76.59184356193643,30.771128274253893]]},"properties":{"id":1061,"osmWayId":1542869742,"name":"Mohali-Kharar-Kurali Bypass","highway":"trunk","roadClass":"arterial","lengthM":50,"nearSensitive":false,"busRoute":true}},{"type":"Feature","id":1062,"geometry":{"type":"LineString","coordinates":[[76.59184356193643,30.771128274253893],[76.5918561,30.7710745],[76.59189521208958,30.77068111538615]]},"properties":{"id":1062,"osmWayId":1542869742,"name":"Mohali-Kharar-Kurali Bypass","highway":"trunk","roadClass":"arterial","lengthM":50,"nearSensitive":false,"busRoute":true}},{"type":"Feature","id":1063,"geometry":{"type":"LineString","coordinates":[[76.59189521208958,30.77068111538615],[76.59193975671649,30.770233087044286]]},"properties":{"id":1063,"osmWayId":1542869742,"name":"Mohali-Kharar-Kurali Bypass","highway":"trunk","roadClass":"arterial","lengthM":50,"nearSensitive":false,"busRoute":true}},{"type":"Feature","id":1064,"geometry":{"type":"LineString","coordinates":[[76.59193975671649,30.770233087044286],[76.5919562,30.7700677],[76.59198495470828,30.769785107237762]]},"properties":{"id":1064,"osmWayId":1542869742,"name":"Mohali-Kharar-Kurali Bypass","highway":"trunk","roadClass":"arterial","lengthM":50,"nearSensitive":false,"busRoute":true}},{"type":"Feature","id":1065,"geometry":{"type":"LineString","coordinates":[[76.59198495470828,30.769785107237762],[76.59203053483549,30.769337155824665]]},"properties":{"id":1065,"osmWayId":1542869742,"name":"Mohali-Kharar-Kurali Bypass","highway":"trunk","roadClass":"arterial","lengthM":50,"nearSensitive":false,"busRoute":true}},{"type":"Feature","id":1066,"geometry":{"type":"LineString","coordinates":[[76.59203053483549,30.769337155824665],[76.59207611453833,30.768889204395638]]},"properties":{"id":1066,"osmWayId":1542869742,"name":"Mohali-Kharar-Kurali Bypass","highway":"trunk","roadClass":"arterial","lengthM":50,"nearSensitive":false,"busRoute":true}},{"type":"Feature","id":1067,"geometry":{"type":"LineString","coordinates":[[76.59207611453833,30.768889204395638],[76.59212169381688,30.76844125295067]]},"properties":{"id":1067,"osmWayId":1542869742,"name":"Mohali-Kharar-Kurali Bypass","highway":"trunk","roadClass":"arterial","lengthM":50,"nearSensitive":false,"busRoute":true}},{"type":"Feature","id":1068,"geometry":{"type":"LineString","coordinates":[[76.59212169381688,30.76844125295067],[76.5921642,30.7680235]]},"properties":{"id":1068,"osmWayId":1542869742,"name":"Mohali-Kharar-Kurali Bypass","highway":"trunk","roadClass":"arterial","lengthM":46.6,"nearSensitive":false,"busRoute":true}},{"type":"Feature","id":1069,"geometry":{"type":"LineString","coordinates":[[76.5919571,30.7681228],[76.59192398016049,30.768571558757703]]},"properties":{"id":1069,"osmWayId":1542869744,"name":"Mohali-Kharar-Kurali Bypass","highway":"trunk","roadClass":"arterial","lengthM":50,"nearSensitive":false,"busRoute":true}},{"type":"Feature","id":1070,"geometry":{"type":"LineString","coordinates":[[76.59192398016049,30.768571558757703],[76.59189086001206,30.769020317506996]]},"properties":{"id":1070,"osmWayId":1542869744,"name":"Mohali-Kharar-Kurali Bypass","highway":"trunk","roadClass":"arterial","lengthM":50,"nearSensitive":false,"busRoute":true}},{"type":"Feature","id":1071,"geometry":{"type":"LineString","coordinates":[[76.59189086001206,30.769020317506996],[76.59185773955474,30.76946907624787]]},"properties":{"id":1071,"osmWayId":1542869744,"name":"Mohali-Kharar-Kurali Bypass","highway":"trunk","roadClass":"arterial","lengthM":50,"nearSensitive":false,"busRoute":true}},{"type":"Feature","id":1072,"geometry":{"type":"LineString","coordinates":[[76.59185773955474,30.76946907624787],[76.59182461878854,30.769917834980333]]},"properties":{"id":1072,"osmWayId":1542869744,"name":"Mohali-Kharar-Kurali Bypass","highway":"trunk","roadClass":"arterial","lengthM":50,"nearSensitive":false,"busRoute":true}},{"type":"Feature","id":1073,"geometry":{"type":"LineString","coordinates":[[76.59182461878854,30.769917834980333],[76.5918142,30.770059],[76.59177364893739,30.770365235831843]]},"properties":{"id":1073,"osmWayId":1542869744,"name":"Mohali-Kharar-Kurali Bypass","highway":"trunk","roadClass":"arterial","lengthM":50,"nearSensitive":false,"busRoute":true}},{"type":"Feature","id":1074,"geometry":{"type":"LineString","coordinates":[[76.59177364893739,30.770365235831843],[76.59171448717558,30.77081201348641]]},"properties":{"id":1074,"osmWayId":1542869744,"name":"Mohali-Kharar-Kurali Bypass","highway":"trunk","roadClass":"arterial","lengthM":50,"nearSensitive":false,"busRoute":true}},{"type":"Feature","id":1075,"geometry":{"type":"LineString","coordinates":[[76.59171448717558,30.77081201348641],[76.5916781,30.7710868],[76.59163671481735,30.771256209113563]]},"properties":{"id":1075,"osmWayId":1542869744,"name":"Mohali-Kharar-Kurali Bypass","highway":"trunk","roadClass":"arterial","lengthM":50,"nearSensitive":false,"busRoute":true}},{"type":"Feature","id":1076,"geometry":{"type":"LineString","coordinates":[[76.59163671481735,30.771256209113563],[76.59152920873719,30.771696279464297]]},"properties":{"id":1076,"osmWayId":1542869744,"name":"Mohali-Kharar-Kurali Bypass","highway":"trunk","roadClass":"arterial","lengthM":50,"nearSensitive":false,"busRoute":true}},{"type":"Feature","id":1077,"geometry":{"type":"LineString","coordinates":[[76.59152920873719,30.771696279464297],[76.59142170167367,30.772136349726356]]},"properties":{"id":1077,"osmWayId":1542869744,"name":"Mohali-Kharar-Kurali Bypass","highway":"trunk","roadClass":"arterial","lengthM":50,"nearSensitive":false,"busRoute":true}},{"type":"Feature","id":1078,"geometry":{"type":"LineString","coordinates":[[76.59142170167367,30.772136349726356],[76.59131419362677,30.77257641989974]]},"properties":{"id":1078,"osmWayId":1542869744,"name":"Mohali-Kharar-Kurali Bypass","highway":"trunk","roadClass":"arterial","lengthM":50,"nearSensitive":false,"busRoute":true}},{"type":"Feature","id":1079,"geometry":{"type":"LineString","coordinates":[[76.59131419362677,30.77257641989974],[76.59120668459646,30.77301648998445]]},"properties":{"id":1079,"osmWayId":1542869744,"name":"Mohali-Kharar-Kurali Bypass","highway":"trunk","roadClass":"arterial","lengthM":50,"nearSensitive":false,"busRoute":true}},{"type":"Feature","id":1080,"geometry":{"type":"LineString","coordinates":[[76.59120668459646,30.77301648998445],[76.5911952,30.7730635],[76.59107273348613,30.77345109684377]]},"properties":{"id":1080,"osmWayId":1542869744,"name":"Mohali-Kharar-Kurali Bypass","highway":"trunk","roadClass":"arterial","lengthM":50,"nearSensitive":false,"busRoute":true}},{"type":"Feature","id":1081,"geometry":{"type":"LineString","coordinates":[[76.59107273348613,30.77345109684377],[76.5909769,30.7737544],[76.59093710914546,30.773885391077005]]},"properties":{"id":1081,"osmWayId":1542869744,"name":"Mohali-Kharar-Kurali Bypass","highway":"trunk","roadClass":"arterial","lengthM":50,"nearSensitive":false,"busRoute":true}},{"type":"Feature","id":1082,"geometry":{"type":"LineString","coordinates":[[76.59093710914546,30.773885391077005],[76.5908149,30.7742877],[76.5908033181058,30.774320079964745]]},"properties":{"id":1082,"osmWayId":1542869744,"name":"Mohali-Kharar-Kurali Bypass","highway":"trunk","roadClass":"arterial","lengthM":50,"nearSensitive":false,"busRoute":true}},{"type":"Feature","id":1083,"geometry":{"type":"LineString","coordinates":[[76.5908033181058,30.774320079964745],[76.59064957610174,30.774749900471523]]},"properties":{"id":1083,"osmWayId":1542869744,"name":"Mohali-Kharar-Kurali Bypass","highway":"trunk","roadClass":"arterial","lengthM":50,"nearSensitive":false,"busRoute":true}},{"type":"Feature","id":1084,"geometry":{"type":"LineString","coordinates":[[76.59064957610174,30.774749900471523],[76.590495832724,30.775179720796945]]},"properties":{"id":1084,"osmWayId":1542869744,"name":"Mohali-Kharar-Kurali Bypass","highway":"trunk","roadClass":"arterial","lengthM":50,"nearSensitive":false,"busRoute":true}},{"type":"Feature","id":1085,"geometry":{"type":"LineString","coordinates":[[76.590495832724,30.775179720796945],[76.59034208797256,30.775609540940998]]},"properties":{"id":1085,"osmWayId":1542869744,"name":"Mohali-Kharar-Kurali Bypass","highway":"trunk","roadClass":"arterial","lengthM":50,"nearSensitive":false,"busRoute":true}},{"type":"Feature","id":1086,"geometry":{"type":"LineString","coordinates":[[76.59034208797256,30.775609540940998],[76.59018834184734,30.776039360903685]]},"properties":{"id":1086,"osmWayId":1542869744,"name":"Mohali-Kharar-Kurali Bypass","highway":"trunk","roadClass":"arterial","lengthM":50,"nearSensitive":false,"busRoute":true}},{"type":"Feature","id":1087,"geometry":{"type":"LineString","coordinates":[[76.59018834184734,30.776039360903685],[76.59003459434834,30.776469180685]]},"properties":{"id":1087,"osmWayId":1542869744,"name":"Mohali-Kharar-Kurali Bypass","highway":"trunk","roadClass":"arterial","lengthM":50,"nearSensitive":false,"busRoute":true}},{"type":"Feature","id":1088,"geometry":{"type":"LineString","coordinates":[[76.59003459434834,30.776469180685],[76.58988084547549,30.776899000284935]]},"properties":{"id":1088,"osmWayId":1542869744,"name":"Mohali-Kharar-Kurali Bypass","highway":"trunk","roadClass":"arterial","lengthM":50,"nearSensitive":false,"busRoute":true}},{"type":"Feature","id":1089,"geometry":{"type":"LineString","coordinates":[[76.58988084547549,30.776899000284935],[76.5897662,30.7772195],[76.58972709218888,30.777328818900774]]},"properties":{"id":1089,"osmWayId":1542869744,"name":"Mohali-Kharar-Kurali Bypass","highway":"trunk","roadClass":"arterial","lengthM":50,"nearSensitive":false,"busRoute":true}},{"type":"Feature","id":1090,"geometry":{"type":"LineString","coordinates":[[76.58972709218888,30.777328818900774],[76.589573328616,30.777758634981822]]},"properties":{"id":1090,"osmWayId":1542869744,"name":"Mohali-Kharar-Kurali Bypass","highway":"trunk","roadClass":"arterial","lengthM":50,"nearSensitive":false,"busRoute":true}},{"type":"Feature","id":1091,"geometry":{"type":"LineString","coordinates":[[76.589573328616,30.777758634981822],[76.5894853,30.7780047],[76.5894252,30.7781853],[76.58942379541598,30.778189529227106]]},"properties":{"id":1091,"osmWayId":1542869744,"name":"Mohali-Kharar-Kurali Bypass","highway":"trunk","roadClass":"arterial","lengthM":50,"nearSensitive":false,"busRoute":true}},{"type":"Feature","id":1092,"geometry":{"type":"LineString","coordinates":[[76.58942379541598,30.778189529227106],[76.5893798,30.778322],[76.58928008535398,30.77862190603603]]},"properties":{"id":1092,"osmWayId":1542869744,"name":"Mohali-Kharar-Kurali Bypass","highway":"trunk","roadClass":"arterial","lengthM":50,"nearSensitive":false,"busRoute":true}},{"type":"Feature","id":1093,"geometry":{"type":"LineString","coordinates":[[76.58928008535398,30.77862190603603],[76.58913632860745,30.77905427155233]]},"properties":{"id":1093,"osmWayId":1542869744,"name":"Mohali-Kharar-Kurali Bypass","highway":"trunk","roadClass":"arterial","lengthM":50,"nearSensitive":false,"busRoute":true}},{"type":"Feature","id":1094,"geometry":{"type":"LineString","coordinates":[[76.58913632860745,30.77905427155233],[76.58899257056866,30.779486636910054]]},"properties":{"id":1094,"osmWayId":1542869744,"name":"Mohali-Kharar-Kurali Bypass","highway":"trunk","roadClass":"arterial","lengthM":50,"nearSensitive":false,"busRoute":true}},{"type":"Feature","id":1095,"geometry":{"type":"LineString","coordinates":[[76.58899257056866,30.779486636910054],[76.5888668,30.7798649],[76.5888477304517,30.779918728198314]]},"properties":{"id":1095,"osmWayId":1542869744,"name":"Mohali-Kharar-Kurali Bypass","highway":"trunk","roadClass":"arterial","lengthM":50,"nearSensitive":false,"busRoute":true}},{"type":"Feature","id":1096,"geometry":{"type":"LineString","coordinates":[[76.5888477304517,30.779918728198314],[76.58869533252607,30.780348904227893]]},"properties":{"id":1096,"osmWayId":1542869744,"name":"Mohali-Kharar-Kurali Bypass","highway":"trunk","roadClass":"arterial","lengthM":50,"nearSensitive":false,"busRoute":true}},{"type":"Feature","id":1097,"geometry":{"type":"LineString","coordinates":[[76.58869533252607,30.780348904227893],[76.58854293323736,30.780779080079263]]},"properties":{"id":1097,"osmWayId":1542869744,"name":"Mohali-Kharar-Kurali Bypass","highway":"trunk","roadClass":"arterial","lengthM":50,"nearSensitive":false,"busRoute":true}},{"type":"Feature","id":1098,"geometry":{"type":"LineString","coordinates":[[76.58854293323736,30.780779080079263],[76.5885047,30.780887],[76.58839420047798,30.781210198092364]]},"properties":{"id":1098,"osmWayId":1542869744,"name":"Mohali-Kharar-Kurali Bypass","highway":"trunk","roadClass":"arterial","lengthM":50,"nearSensitive":false,"busRoute":true}},{"type":"Feature","id":1099,"geometry":{"type":"LineString","coordinates":[[76.58839420047798,30.781210198092364],[76.5882558,30.781615],[76.58824623239944,30.781641511614573]]},"properties":{"id":1099,"osmWayId":1542869744,"name":"Mohali-Kharar-Kurali Bypass","highway":"trunk","roadClass":"arterial","lengthM":50,"nearSensitive":false,"busRoute":true}},{"type":"Feature","id":1100,"geometry":{"type":"LineString","coordinates":[[76.58824623239944,30.781641511614573],[76.58809123553664,30.782071002440993]]},"properties":{"id":1100,"osmWayId":1542869744,"name":"Mohali-Kharar-Kurali Bypass","highway":"trunk","roadClass":"arterial","lengthM":50,"nearSensitive":false,"busRoute":true}},{"type":"Feature","id":1101,"geometry":{"type":"LineString","coordinates":[[76.58809123553664,30.782071002440993],[76.58793623728961,30.782500493083052]]},"properties":{"id":1101,"osmWayId":1542869744,"name":"Mohali-Kharar-Kurali Bypass","highway":"trunk","roadClass":"arterial","lengthM":50,"nearSensitive":false,"busRoute":true}},{"type":"Feature","id":1102,"geometry":{"type":"LineString","coordinates":[[76.58793623728961,30.782500493083052],[76.5877812376583,30.782929983540747]]},"properties":{"id":1102,"osmWayId":1542869744,"name":"Mohali-Kharar-Kurali Bypass","highway":"trunk","roadClass":"arterial","lengthM":50,"nearSensitive":false,"busRoute":true}},{"type":"Feature","id":1103,"geometry":{"type":"LineString","coordinates":[[76.5877812376583,30.782929983540747],[76.5876346,30.7833363],[76.58762649398018,30.783359541207567]]},"properties":{"id":1103,"osmWayId":1542869744,"name":"Mohali-Kharar-Kurali Bypass","highway":"trunk","roadClass":"arterial","lengthM":50,"nearSensitive":false,"busRoute":true}},{"type":"Feature","id":1104,"geometry":{"type":"LineString","coordinates":[[76.58762649398018,30.783359541207567],[76.58747626094637,30.783790280334628]]},"properties":{"id":1104,"osmWayId":1542869744,"name":"Mohali-Kharar-Kurali Bypass","highway":"trunk","roadClass":"arterial","lengthM":50,"nearSensitive":false,"busRoute":true}},{"type":"Feature","id":1105,"geometry":{"type":"LineString","coordinates":[[76.58747626094637,30.783790280334628],[76.58732602656688,30.7842210192885]]},"properties":{"id":1105,"osmWayId":1542869744,"name":"Mohali-Kharar-Kurali Bypass","highway":"trunk","roadClass":"arterial","lengthM":50,"nearSensitive":false,"busRoute":true}},{"type":"Feature","id":1106,"geometry":{"type":"LineString","coordinates":[[76.58732602656688,30.7842210192885],[76.58717579084167,30.784651758069156]]},"properties":{"id":1106,"osmWayId":1542869744,"name":"Mohali-Kharar-Kurali Bypass","highway":"trunk","roadClass":"arterial","lengthM":50,"nearSensitive":false,"busRoute":true}},{"type":"Feature","id":1107,"geometry":{"type":"LineString","coordinates":[[76.58717579084167,30.784651758069156],[76.5870883,30.7849026]]},"properties":{"id":1107,"osmWayId":1542869744,"name":"Mohali-Kharar-Kurali Bypass","highway":"trunk","roadClass":"arterial","lengthM":29.1,"nearSensitive":false,"busRoute":true}}]}